site_id,tipo,pareado_com,ano,fase,sensor,raio_km,area_buffer_ha,pixels_validos,area_ha_vegetacao_densa,prop_vegetacao_densa,area_ha_vegetacao_rala,prop_vegetacao_rala,area_ha_solo_exposto_obras,prop_solo_exposto_obras,area_ha_construida_urbana,prop_construida_urbana,area_ha_agua,prop_agua
ctrl-angonap-fortaleza-p01,controle,angonap-fortaleza,2014,pre,landsat,0.5,78.54,886,31.77,0.39842,5.67,0.071106,0.54,0.006772,41.49,0.520316,0.27,0.003386
ctrl-angonap-fortaleza-p01,controle,angonap-fortaleza,2015,pre,landsat,0.5,78.54,886,31.59,0.396163,8.91,0.111738,0.36,0.004515,38.79,0.486456,0.09,0.001129
ctrl-angonap-fortaleza-p01,controle,angonap-fortaleza,2016,pre,landsat,0.5,78.54,886,30.78,0.386005,5.4,0.06772,0.45,0.005643,42.93,0.538375,0.18,0.002257
ctrl-angonap-fortaleza-p01,controle,angonap-fortaleza,2017,durante,landsat,0.5,78.54,886,30.24,0.379233,6.93,0.086907,0.81,0.010158,41.4,0.519187,0.36,0.004515
ctrl-angonap-fortaleza-p01,controle,angonap-fortaleza,2018,durante,landsat,0.5,78.54,886,31.68,0.397291,6.21,0.077878,0.27,0.003386,41.49,0.520316,0.09,0.001129
ctrl-angonap-fortaleza-p01,controle,angonap-fortaleza,2019,durante,landsat,0.5,78.54,886,32.31,0.405192,7.11,0.089165,0.54,0.006772,39.78,0.498871,0.0,0.0
ctrl-angonap-fortaleza-p01,controle,angonap-fortaleza,2020,pos,landsat,0.5,78.54,886,31.68,0.397291,7.29,0.091422,1.08,0.013544,39.6,0.496614,0.09,0.001129
ctrl-angonap-fortaleza-p01,controle,angonap-fortaleza,2014,pre,landsat,1.0,314.16,3522,84.6,0.266894,14.76,0.046564,5.58,0.017604,107.73,0.339864,104.31,0.329074
ctrl-angonap-fortaleza-p01,controle,angonap-fortaleza,2015,pre,landsat,1.0,314.16,3515,85.32,0.269701,22.59,0.071408,5.85,0.018492,100.8,0.318634,101.79,0.321764
ctrl-angonap-fortaleza-p01,controle,angonap-fortaleza,2016,pre,landsat,1.0,314.16,3528,81.27,0.255952,18.63,0.058673,4.95,0.01559,108.9,0.342971,103.77,0.326814
ctrl-angonap-fortaleza-p01,controle,angonap-fortaleza,2017,durante,landsat,1.0,314.16,3528,82.89,0.261054,17.91,0.056406,4.32,0.013605,108.72,0.342404,103.68,0.326531
ctrl-angonap-fortaleza-p01,controle,angonap-fortaleza,2018,durante,landsat,1.0,314.16,3528,86.22,0.271542,18.63,0.058673,4.68,0.014739,107.37,0.338152,100.62,0.316893
ctrl-angonap-fortaleza-p01,controle,angonap-fortaleza,2019,durante,landsat,1.0,314.16,3528,91.17,0.287132,20.52,0.064626,6.21,0.019558,100.17,0.315476,99.45,0.313209
ctrl-angonap-fortaleza-p01,controle,angonap-fortaleza,2020,pos,landsat,1.0,314.16,3528,89.01,0.280329,18.0,0.056689,5.04,0.015873,106.02,0.3339,99.45,0.313209
ctrl-angonap-fortaleza-p01,controle,angonap-fortaleza,2014,pre,landsat,1.5,706.86,7932,142.38,0.199445,44.91,0.06291,26.73,0.037443,212.67,0.297907,287.19,0.402295
ctrl-angonap-fortaleza-p01,controle,angonap-fortaleza,2015,pre,landsat,1.5,706.86,7934,143.73,0.201286,54.54,0.07638,27.54,0.038568,207.54,0.290648,280.71,0.393118
ctrl-angonap-fortaleza-p01,controle,angonap-fortaleza,2016,pre,landsat,1.5,706.86,7949,138.15,0.193106,45.45,0.06353,20.7,0.028934,221.04,0.30897,290.07,0.40546
ctrl-angonap-fortaleza-p01,controle,angonap-fortaleza,2017,durante,landsat,1.5,706.86,7951,140.76,0.196705,45.99,0.064269,20.07,0.028047,222.48,0.310904,286.29,0.400075
ctrl-angonap-fortaleza-p01,controle,angonap-fortaleza,2018,durante,landsat,1.5,706.86,7950,148.05,0.206918,49.23,0.068805,29.25,0.040881,211.77,0.295975,277.2,0.387421
ctrl-angonap-fortaleza-p01,controle,angonap-fortaleza,2019,durante,landsat,1.5,706.86,7948,165.69,0.231631,56.61,0.079139,27.72,0.038752,185.76,0.259688,279.54,0.39079
ctrl-angonap-fortaleza-p01,controle,angonap-fortaleza,2020,pos,landsat,1.5,706.86,7951,163.17,0.228022,50.85,0.07106,29.7,0.041504,195.57,0.273299,276.3,0.386115
ctrl-angonap-fortaleza-p01,controle,angonap-fortaleza,2014,pre,landsat,2.0,1256.64,14081,211.5,0.166892,71.64,0.05653,41.31,0.032597,418.77,0.330445,524.07,0.413536
ctrl-angonap-fortaleza-p01,controle,angonap-fortaleza,2015,pre,landsat,2.0,1256.64,14098,208.53,0.16435,83.16,0.065541,40.14,0.031636,422.73,0.333168,514.26,0.405306
ctrl-angonap-fortaleza-p01,controle,angonap-fortaleza,2016,pre,landsat,2.0,1256.64,14122,204.12,0.1606,69.21,0.054454,33.3,0.0262,433.35,0.340957,531.0,0.417788
ctrl-angonap-fortaleza-p01,controle,angonap-fortaleza,2017,durante,landsat,2.0,1256.64,14124,209.34,0.164684,71.73,0.056429,29.79,0.023435,435.6,0.342679,524.7,0.412773
ctrl-angonap-fortaleza-p01,controle,angonap-fortaleza,2018,durante,landsat,2.0,1256.64,14123,219.51,0.172697,78.84,0.062026,43.02,0.033846,412.56,0.324577,517.14,0.406854
ctrl-angonap-fortaleza-p01,controle,angonap-fortaleza,2019,durante,landsat,2.0,1256.64,14108,244.17,0.192302,101.16,0.079671,38.7,0.030479,370.71,0.291962,514.98,0.405585
ctrl-angonap-fortaleza-p01,controle,angonap-fortaleza,2020,pos,landsat,2.0,1256.64,14126,243.09,0.191208,85.77,0.067464,40.59,0.031927,390.69,0.307306,511.2,0.402095
ctrl-angonap-fortaleza-p01,controle,angonap-fortaleza,2014,pre,landsat,3.0,2827.43,31675,408.15,0.143173,171.54,0.060174,63.45,0.022257,970.92,0.340584,1236.69,0.433812
ctrl-angonap-fortaleza-p01,controle,angonap-fortaleza,2015,pre,landsat,3.0,2827.43,31713,384.93,0.134866,187.38,0.065651,58.77,0.020591,1005.93,0.352442,1217.16,0.42645
ctrl-angonap-fortaleza-p01,controle,angonap-fortaleza,2016,pre,landsat,3.0,2827.43,31741,390.69,0.136763,161.55,0.056551,52.56,0.018399,998.37,0.349485,1253.52,0.438802
ctrl-angonap-fortaleza-p01,controle,angonap-fortaleza,2017,durante,landsat,3.0,2827.43,31625,403.29,0.141692,158.4,0.055652,41.22,0.014482,997.02,0.350292,1246.32,0.437881
ctrl-angonap-fortaleza-p01,controle,angonap-fortaleza,2018,durante,landsat,3.0,2827.43,31775,448.56,0.156853,164.43,0.057498,64.08,0.022408,941.4,0.32919,1241.28,0.434052
ctrl-angonap-fortaleza-p01,controle,angonap-fortaleza,2019,durante,landsat,3.0,2827.43,31713,505.89,0.177246,204.21,0.071548,57.87,0.020276,860.31,0.301422,1225.89,0.429508
ctrl-angonap-fortaleza-p01,controle,angonap-fortaleza,2020,pos,landsat,3.0,2827.43,31771,516.51,0.180636,161.19,0.056372,60.12,0.021025,897.75,0.313966,1223.82,0.428
ctrl-angonap-fortaleza-p01,controle,angonap-fortaleza,2014,pre,landsat,5.0,7853.98,88002,1196.19,0.151031,587.43,0.074169,107.01,0.013511,2343.78,0.295925,3685.77,0.465364
ctrl-angonap-fortaleza-p01,controle,angonap-fortaleza,2015,pre,landsat,5.0,7853.98,87922,1075.41,0.135905,672.12,0.084939,94.77,0.011977,2407.5,0.304247,3663.18,0.462933
ctrl-angonap-fortaleza-p01,controle,angonap-fortaleza,2016,pre,landsat,5.0,7853.98,88011,1005.3,0.126916,699.3,0.088284,82.53,0.010419,2446.92,0.308916,3686.94,0.465465
ctrl-angonap-fortaleza-p01,controle,angonap-fortaleza,2017,durante,landsat,5.0,7853.98,87991,1100.52,0.138969,619.2,0.07819,71.64,0.009046,2428.02,0.3066,3699.81,0.467196
ctrl-angonap-fortaleza-p01,controle,angonap-fortaleza,2018,durante,landsat,5.0,7853.98,88118,1199.34,0.151229,633.33,0.079859,90.81,0.011451,2329.2,0.293697,3677.94,0.463764
ctrl-angonap-fortaleza-p01,controle,angonap-fortaleza,2019,durante,landsat,5.0,7853.98,88037,1359.27,0.171553,669.69,0.084521,81.36,0.010268,2143.8,0.270568,3669.21,0.463089
ctrl-angonap-fortaleza-p01,controle,angonap-fortaleza,2020,pos,landsat,5.0,7853.98,88029,1376.46,0.173738,548.37,0.069216,84.51,0.010667,2260.26,0.285292,3653.01,0.461087
angonap-fortaleza,tratamento,angonap-fortaleza,2014,pre,landsat,0.5,78.54,882,0.18,0.002268,11.97,0.150794,7.83,0.098639,59.4,0.748299,0.0,0.0
angonap-fortaleza,tratamento,angonap-fortaleza,2015,pre,landsat,0.5,78.54,882,0.0,0.0,11.16,0.14059,4.86,0.061224,63.36,0.798186,0.0,0.0
angonap-fortaleza,tratamento,angonap-fortaleza,2016,pre,landsat,0.5,78.54,882,0.09,0.001134,13.32,0.1678,4.68,0.058957,61.29,0.772109,0.0,0.0
angonap-fortaleza,tratamento,angonap-fortaleza,2017,durante,landsat,0.5,78.54,882,0.18,0.002268,15.48,0.195011,5.67,0.071429,58.05,0.731293,0.0,0.0
angonap-fortaleza,tratamento,angonap-fortaleza,2018,durante,landsat,0.5,78.54,882,0.18,0.002268,12.78,0.160998,4.41,0.055556,62.01,0.781179,0.0,0.0
angonap-fortaleza,tratamento,angonap-fortaleza,2019,durante,landsat,0.5,78.54,882,0.63,0.007937,16.83,0.212018,2.88,0.036281,59.04,0.743764,0.0,0.0
angonap-fortaleza,tratamento,angonap-fortaleza,2020,pos,landsat,0.5,78.54,882,0.81,0.010204,21.06,0.265306,2.25,0.028345,55.26,0.696145,0.0,0.0
angonap-fortaleza,tratamento,angonap-fortaleza,2014,pre,landsat,1.0,314.16,3534,2.97,0.009338,33.48,0.105263,36.9,0.116016,230.4,0.724392,14.31,0.044992
angonap-fortaleza,tratamento,angonap-fortaleza,2015,pre,landsat,1.0,314.16,3534,2.07,0.006508,33.03,0.103848,27.27,0.085739,240.3,0.755518,15.39,0.048387
angonap-fortaleza,tratamento,angonap-fortaleza,2016,pre,landsat,1.0,314.16,3534,2.52,0.007923,36.54,0.114884,28.26,0.088851,236.07,0.742218,14.67,0.046123
angonap-fortaleza,tratamento,angonap-fortaleza,2017,durante,landsat,1.0,314.16,3534,2.43,0.00764,37.35,0.117431,31.32,0.098472,231.75,0.728636,15.21,0.047821
angonap-fortaleza,tratamento,angonap-fortaleza,2018,durante,landsat,1.0,314.16,3534,3.42,0.010753,33.84,0.106395,29.34,0.092247,237.51,0.746746,13.95,0.04386
angonap-fortaleza,tratamento,angonap-fortaleza,2019,durante,landsat,1.0,314.16,3534,5.76,0.01811,44.91,0.1412,23.67,0.07442,231.48,0.727787,12.24,0.038483
angonap-fortaleza,tratamento,angonap-fortaleza,2020,pos,landsat,1.0,314.16,3534,5.94,0.018676,51.12,0.160724,23.76,0.074703,225.0,0.707414,12.24,0.038483
angonap-fortaleza,tratamento,angonap-fortaleza,2014,pre,landsat,1.5,706.86,7951,4.14,0.005785,61.29,0.08565,73.71,0.103006,458.55,0.6408,117.9,0.164759
angonap-fortaleza,tratamento,angonap-fortaleza,2015,pre,landsat,1.5,706.86,7955,4.05,0.005657,58.59,0.081835,56.25,0.078567,477.9,0.667505,119.16,0.166436
angonap-fortaleza,tratamento,angonap-fortaleza,2016,pre,landsat,1.5,706.86,7952,3.51,0.004904,58.14,0.081237,61.47,0.08589,474.93,0.663607,117.63,0.164361
angonap-fortaleza,tratamento,angonap-fortaleza,2017,durante,landsat,1.5,706.86,7954,2.88,0.004023,63.9,0.089263,63.63,0.088886,467.64,0.653256,117.81,0.164571
angonap-fortaleza,tratamento,angonap-fortaleza,2018,durante,landsat,1.5,706.86,7960,3.87,0.005402,57.78,0.080653,57.87,0.080779,481.14,0.671608,115.74,0.161558
angonap-fortaleza,tratamento,angonap-fortaleza,2019,durante,landsat,1.5,706.86,7959,8.55,0.011936,73.89,0.103154,47.79,0.066717,473.13,0.66051,112.95,0.157683
angonap-fortaleza,tratamento,angonap-fortaleza,2020,pos,landsat,1.5,706.86,7960,9.36,0.013065,79.74,0.111307,47.16,0.065829,465.93,0.650377,114.21,0.159422
angonap-fortaleza,tratamento,angonap-fortaleza,2014,pre,landsat,2.0,1256.64,14117,5.31,0.004179,91.62,0.072112,113.85,0.089608,757.62,0.596302,302.13,0.237798
angonap-fortaleza,tratamento,angonap-fortaleza,2015,pre,landsat,2.0,1256.64,14117,6.12,0.004817,89.64,0.070553,86.49,0.068074,785.88,0.618545,302.4,0.238011
angonap-fortaleza,tratamento,angonap-fortaleza,2016,pre,landsat,2.0,1256.64,14102,4.14,0.003262,93.51,0.073677,91.53,0.072117,780.3,0.614806,299.7,0.236137
angonap-fortaleza,tratamento,angonap-fortaleza,2017,durante,landsat,2.0,1256.64,14117,4.14,0.003258,101.79,0.080116,95.94,0.075512,767.97,0.604449,300.69,0.236665
angonap-fortaleza,tratamento,angonap-fortaleza,2018,durante,landsat,2.0,1256.64,14131,5.31,0.004175,92.88,0.073031,89.01,0.069988,786.24,0.618215,298.35,0.234591
angonap-fortaleza,tratamento,angonap-fortaleza,2019,durante,landsat,2.0,1256.64,14123,13.32,0.010479,116.82,0.091907,69.3,0.054521,776.43,0.610848,295.2,0.232245
angonap-fortaleza,tratamento,angonap-fortaleza,2020,pos,landsat,2.0,1256.64,14117,17.19,0.01353,122.13,0.096125,69.39,0.054615,765.0,0.602111,296.82,0.233619
angonap-fortaleza,tratamento,angonap-fortaleza,2014,pre,landsat,3.0,2827.43,31770,59.85,0.020932,309.33,0.108184,163.35,0.057129,1357.29,0.474693,969.48,0.339062
angonap-fortaleza,tratamento,angonap-fortaleza,2015,pre,landsat,3.0,2827.43,31703,54.54,0.019115,319.32,0.111914,131.94,0.046242,1381.05,0.484024,966.42,0.338706
angonap-fortaleza,tratamento,angonap-fortaleza,2016,pre,landsat,3.0,2827.43,31704,45.09,0.015802,322.11,0.112888,138.96,0.0487,1385.55,0.485585,961.65,0.337024
angonap-fortaleza,tratamento,angonap-fortaleza,2017,durante,landsat,3.0,2827.43,31747,56.7,0.019844,334.8,0.117176,141.03,0.049359,1360.08,0.476013,964.62,0.337607
angonap-fortaleza,tratamento,angonap-fortaleza,2018,durante,landsat,3.0,2827.43,31788,64.44,0.022524,315.63,0.110325,134.73,0.047093,1384.02,0.483767,962.1,0.33629
angonap-fortaleza,tratamento,angonap-fortaleza,2019,durante,landsat,3.0,2827.43,31785,81.63,0.028535,356.49,0.124619,103.5,0.036181,1358.01,0.474721,961.02,0.335945
angonap-fortaleza,tratamento,angonap-fortaleza,2020,pos,landsat,3.0,2827.43,31742,102.33,0.03582,356.4,0.124756,106.74,0.037364,1333.53,0.466795,957.78,0.335266
angonap-fortaleza,tratamento,angonap-fortaleza,2014,pre,landsat,5.0,7853.98,88124,470.25,0.059291,777.87,0.098078,233.55,0.029447,2506.41,0.316021,3943.08,0.497163
angonap-fortaleza,tratamento,angonap-fortaleza,2015,pre,landsat,5.0,7853.98,87340,442.44,0.056286,796.23,0.101294,199.53,0.025384,2482.65,0.315835,3939.75,0.501202
angonap-fortaleza,tratamento,angonap-fortaleza,2016,pre,landsat,5.0,7853.98,87929,430.56,0.054408,793.08,0.100217,207.0,0.026157,2561.31,0.323659,3921.66,0.495559
angonap-fortaleza,tratamento,angonap-fortaleza,2017,durante,landsat,5.0,7853.98,88020,464.13,0.058589,808.83,0.102102,206.19,0.026028,2513.16,0.317246,3929.49,0.496035
angonap-fortaleza,tratamento,angonap-fortaleza,2018,durante,landsat,5.0,7853.98,88089,475.02,0.059917,776.97,0.098003,197.37,0.024895,2553.93,0.32214,3924.72,0.495045
angonap-fortaleza,tratamento,angonap-fortaleza,2019,durante,landsat,5.0,7853.98,88154,529.92,0.066792,826.65,0.104193,157.95,0.019908,2490.75,0.313939,3928.59,0.495168
angonap-fortaleza,tratamento,angonap-fortaleza,2020,pos,landsat,5.0,7853.98,88125,539.82,0.068062,834.03,0.105157,179.1,0.022582,2468.16,0.311194,3910.14,0.493004
ctrl-ascenty-hortolandia-p01,controle,ascenty-hortolandia,2015,pre,landsat,0.5,78.54,874,7.11,0.090389,29.16,0.370709,0.45,0.005721,41.13,0.522883,0.81,0.010297
ctrl-ascenty-hortolandia-p01,controle,ascenty-hortolandia,2016,pre,landsat,0.5,78.54,874,7.38,0.093822,30.96,0.393593,0.63,0.008009,38.88,0.494279,0.81,0.010297
ctrl-ascenty-hortolandia-p01,controle,ascenty-hortolandia,2017,pre,landsat,0.5,78.54,874,4.5,0.057208,29.52,0.375286,0.54,0.006865,43.38,0.551487,0.72,0.009153
ctrl-ascenty-hortolandia-p01,controle,ascenty-hortolandia,2018,durante,landsat,0.5,78.54,874,7.74,0.098398,28.53,0.3627,1.62,0.020595,39.78,0.505721,0.99,0.012586
ctrl-ascenty-hortolandia-p01,controle,ascenty-hortolandia,2019,durante,landsat,0.5,78.54,874,9.9,0.125858,30.96,0.393593,0.72,0.009153,36.09,0.45881,0.99,0.012586
ctrl-ascenty-hortolandia-p01,controle,ascenty-hortolandia,2020,durante,landsat,0.5,78.54,874,12.96,0.16476,28.53,0.3627,0.45,0.005721,35.73,0.454233,0.99,0.012586
ctrl-ascenty-hortolandia-p01,controle,ascenty-hortolandia,2021,durante,landsat,0.5,78.54,874,1.89,0.024027,29.07,0.369565,0.36,0.004577,46.53,0.591533,0.81,0.010297
ctrl-ascenty-hortolandia-p01,controle,ascenty-hortolandia,2022,durante,landsat,0.5,78.54,874,9.18,0.116705,29.79,0.378719,0.54,0.006865,38.07,0.483982,1.08,0.01373
ctrl-ascenty-hortolandia-p01,controle,ascenty-hortolandia,2015,pre,landsat,1.0,314.16,3485,19.44,0.06198,170.73,0.544333,2.16,0.006887,120.51,0.384218,0.81,0.002582
ctrl-ascenty-hortolandia-p01,controle,ascenty-hortolandia,2016,pre,landsat,1.0,314.16,3485,19.35,0.061693,178.74,0.569871,1.89,0.006026,112.86,0.359828,0.81,0.002582
ctrl-ascenty-hortolandia-p01,controle,ascenty-hortolandia,2017,pre,landsat,1.0,314.16,3484,11.52,0.036739,172.26,0.549369,2.34,0.007463,126.72,0.404133,0.72,0.002296
ctrl-ascenty-hortolandia-p01,controle,ascenty-hortolandia,2018,durante,landsat,1.0,314.16,3479,18.36,0.058638,165.96,0.530037,3.78,0.012072,123.93,0.395803,1.08,0.003449
ctrl-ascenty-hortolandia-p01,controle,ascenty-hortolandia,2019,durante,landsat,1.0,314.16,3485,31.32,0.099857,173.07,0.551793,1.98,0.006313,106.29,0.338881,0.99,0.003156
ctrl-ascenty-hortolandia-p01,controle,ascenty-hortolandia,2020,durante,landsat,1.0,314.16,3484,39.06,0.124569,166.5,0.530999,2.25,0.007176,104.76,0.334099,0.99,0.003157
ctrl-ascenty-hortolandia-p01,controle,ascenty-hortolandia,2021,durante,landsat,1.0,314.16,3484,5.94,0.018944,143.82,0.458668,2.43,0.00775,160.56,0.512055,0.81,0.002583
ctrl-ascenty-hortolandia-p01,controle,ascenty-hortolandia,2022,durante,landsat,1.0,314.16,3485,25.2,0.080344,170.55,0.543759,1.8,0.005739,114.93,0.366428,1.17,0.00373
ctrl-ascenty-hortolandia-p01,controle,ascenty-hortolandia,2015,pre,landsat,1.5,706.86,7858,86.13,0.121787,398.7,0.563757,7.74,0.010944,208.71,0.295113,5.94,0.008399
ctrl-ascenty-hortolandia-p01,controle,ascenty-hortolandia,2016,pre,landsat,1.5,706.86,7858,86.22,0.121914,418.5,0.591754,2.88,0.004072,194.76,0.275388,4.86,0.006872
ctrl-ascenty-hortolandia-p01,controle,ascenty-hortolandia,2017,pre,landsat,1.5,706.86,7846,59.94,0.084884,414.63,0.587178,4.23,0.00599,222.84,0.315575,4.5,0.006373
ctrl-ascenty-hortolandia-p01,controle,ascenty-hortolandia,2018,durante,landsat,1.5,706.86,7741,74.88,0.10748,413.1,0.592947,5.22,0.007493,198.63,0.285105,4.86,0.006976
ctrl-ascenty-hortolandia-p01,controle,ascenty-hortolandia,2019,durante,landsat,1.5,706.86,7857,120.69,0.170676,394.02,0.55721,2.61,0.003691,183.96,0.26015,5.85,0.008273
ctrl-ascenty-hortolandia-p01,controle,ascenty-hortolandia,2020,durante,landsat,1.5,706.86,7855,134.64,0.190452,385.65,0.545512,2.52,0.003565,177.75,0.251432,6.39,0.009039
ctrl-ascenty-hortolandia-p01,controle,ascenty-hortolandia,2021,durante,landsat,1.5,706.86,7854,27.0,0.038197,396.27,0.560606,2.7,0.00382,274.86,0.388846,6.03,0.008531
ctrl-ascenty-hortolandia-p01,controle,ascenty-hortolandia,2022,durante,landsat,1.5,706.86,7858,90.99,0.128659,407.52,0.576228,2.43,0.003436,199.71,0.282387,6.57,0.00929
ctrl-ascenty-hortolandia-p01,controle,ascenty-hortolandia,2015,pre,landsat,2.0,1256.64,13976,135.09,0.107398,755.19,0.600386,8.73,0.00694,349.56,0.277905,9.27,0.00737
ctrl-ascenty-hortolandia-p01,controle,ascenty-hortolandia,2016,pre,landsat,2.0,1256.64,13917,147.87,0.118057,768.87,0.613854,3.24,0.002587,323.64,0.258389,8.91,0.007114
ctrl-ascenty-hortolandia-p01,controle,ascenty-hortolandia,2017,pre,landsat,2.0,1256.64,13964,102.96,0.081925,759.51,0.60434,6.66,0.005299,379.35,0.301848,8.28,0.006588
ctrl-ascenty-hortolandia-p01,controle,ascenty-hortolandia,2018,durante,landsat,2.0,1256.64,13808,126.63,0.101897,771.39,0.620727,6.3,0.00507,331.11,0.26644,7.29,0.005866
ctrl-ascenty-hortolandia-p01,controle,ascenty-hortolandia,2019,durante,landsat,2.0,1256.64,13975,195.93,0.155778,741.06,0.589195,3.33,0.002648,308.52,0.245295,8.91,0.007084
ctrl-ascenty-hortolandia-p01,controle,ascenty-hortolandia,2020,durante,landsat,2.0,1256.64,13972,219.24,0.174349,734.22,0.583882,3.87,0.003078,290.07,0.230676,10.08,0.008016
ctrl-ascenty-hortolandia-p01,controle,ascenty-hortolandia,2021,durante,landsat,2.0,1256.64,13972,47.52,0.03779,731.43,0.581663,3.6,0.002863,466.2,0.370741,8.73,0.006942
ctrl-ascenty-hortolandia-p01,controle,ascenty-hortolandia,2022,durante,landsat,2.0,1256.64,13976,159.93,0.127147,747.27,0.59409,3.51,0.00279,337.86,0.268603,9.27,0.00737
ctrl-ascenty-hortolandia-p01,controle,ascenty-hortolandia,2015,pre,landsat,3.0,2827.43,31432,206.37,0.072951,1432.71,0.506458,21.42,0.007572,1152.99,0.407578,15.39,0.00544
ctrl-ascenty-hortolandia-p01,controle,ascenty-hortolandia,2016,pre,landsat,3.0,2827.43,31299,266.04,0.094444,1436.13,0.509825,15.57,0.005527,1083.42,0.384613,15.75,0.005591
ctrl-ascenty-hortolandia-p01,controle,ascenty-hortolandia,2017,pre,landsat,3.0,2827.43,31420,192.6,0.068109,1409.31,0.498377,14.58,0.005156,1197.72,0.423552,13.59,0.004806
ctrl-ascenty-hortolandia-p01,controle,ascenty-hortolandia,2018,durante,landsat,3.0,2827.43,31193,235.62,0.083929,1428.39,0.5088,18.45,0.006572,1112.58,0.396307,12.33,0.004392
ctrl-ascenty-hortolandia-p01,controle,ascenty-hortolandia,2019,durante,landsat,3.0,2827.43,31431,360.72,0.127517,1378.89,0.487449,12.87,0.00455,1061.37,0.375203,14.94,0.005281
ctrl-ascenty-hortolandia-p01,controle,ascenty-hortolandia,2020,durante,landsat,3.0,2827.43,31428,413.28,0.146112,1372.41,0.485204,12.42,0.004391,1014.75,0.358757,15.66,0.005536
ctrl-ascenty-hortolandia-p01,controle,ascenty-hortolandia,2021,durante,landsat,3.0,2827.43,31428,92.16,0.032582,1360.08,0.480845,16.29,0.005759,1346.49,0.47604,13.5,0.004773
ctrl-ascenty-hortolandia-p01,controle,ascenty-hortolandia,2022,durante,landsat,3.0,2827.43,31432,311.04,0.109952,1363.14,0.481866,10.8,0.003818,1129.59,0.399306,14.31,0.005059
ctrl-ascenty-hortolandia-p01,controle,ascenty-hortolandia,2015,pre,landsat,5.0,7853.98,87290,536.13,0.068244,3341.79,0.425375,60.03,0.007641,3886.92,0.494765,31.23,0.003975
ctrl-ascenty-hortolandia-p01,controle,ascenty-hortolandia,2016,pre,landsat,5.0,7853.98,87154,667.98,0.08516,3337.74,0.425523,52.47,0.006689,3754.44,0.478647,31.23,0.003981
ctrl-ascenty-hortolandia-p01,controle,ascenty-hortolandia,2017,pre,landsat,5.0,7853.98,87278,537.39,0.068414,3281.85,0.417803,61.02,0.007768,3949.38,0.502784,25.38,0.003231
ctrl-ascenty-hortolandia-p01,controle,ascenty-hortolandia,2018,durante,landsat,5.0,7853.98,87048,604.89,0.07721,3348.54,0.427419,63.36,0.008087,3789.72,0.483733,27.81,0.00355
ctrl-ascenty-hortolandia-p01,controle,ascenty-hortolandia,2019,durante,landsat,5.0,7853.98,87289,943.74,0.12013,3179.97,0.404782,41.04,0.005224,3661.92,0.46613,29.34,0.003735
ctrl-ascenty-hortolandia-p01,controle,ascenty-hortolandia,2020,durante,landsat,5.0,7853.98,87286,1008.09,0.128325,3195.36,0.406755,37.08,0.00472,3584.25,0.456259,30.96,0.003941
ctrl-ascenty-hortolandia-p01,controle,ascenty-hortolandia,2021,durante,landsat,5.0,7853.98,87286,280.53,0.03571,3180.69,0.404887,47.25,0.006015,4320.45,0.549974,26.82,0.003414
ctrl-ascenty-hortolandia-p01,controle,ascenty-hortolandia,2022,durante,landsat,5.0,7853.98,87290,767.52,0.097697,3135.51,0.399118,40.95,0.005213,3885.21,0.494547,26.91,0.003425
ascenty-hortolandia,tratamento,ascenty-hortolandia,2015,pre,landsat,0.5,78.54,872,1.8,0.022936,31.32,0.399083,0.27,0.00344,45.09,0.574541,0.0,0.0
ascenty-hortolandia,tratamento,ascenty-hortolandia,2016,pre,landsat,0.5,78.54,872,0.72,0.009174,25.83,0.329128,0.09,0.001147,51.84,0.66055,0.0,0.0
ascenty-hortolandia,tratamento,ascenty-hortolandia,2017,pre,landsat,0.5,78.54,872,1.08,0.013761,27.0,0.344037,0.0,0.0,50.4,0.642202,0.0,0.0
ascenty-hortolandia,tratamento,ascenty-hortolandia,2018,durante,landsat,0.5,78.54,872,1.17,0.014908,25.83,0.329128,0.09,0.001147,51.39,0.654817,0.0,0.0
ascenty-hortolandia,tratamento,ascenty-hortolandia,2019,durante,landsat,0.5,78.54,872,2.88,0.036697,22.95,0.292431,0.0,0.0,52.65,0.670872,0.0,0.0
ascenty-hortolandia,tratamento,ascenty-hortolandia,2020,durante,landsat,0.5,78.54,872,3.06,0.038991,30.06,0.383028,0.09,0.001147,45.27,0.576835,0.0,0.0
ascenty-hortolandia,tratamento,ascenty-hortolandia,2021,durante,landsat,0.5,78.54,872,0.72,0.009174,20.25,0.258028,1.35,0.017202,56.16,0.715596,0.0,0.0
ascenty-hortolandia,tratamento,ascenty-hortolandia,2022,durante,landsat,0.5,78.54,872,1.08,0.013761,17.82,0.227064,3.96,0.050459,55.62,0.708716,0.0,0.0
ascenty-hortolandia,tratamento,ascenty-hortolandia,2015,pre,landsat,1.0,314.16,3490,4.41,0.01404,92.52,0.294556,1.08,0.003438,215.91,0.687393,0.18,0.000573
ascenty-hortolandia,tratamento,ascenty-hortolandia,2016,pre,landsat,1.0,314.16,3490,2.43,0.007736,84.33,0.268481,0.9,0.002865,226.26,0.720344,0.18,0.000573
ascenty-hortolandia,tratamento,ascenty-hortolandia,2017,pre,landsat,1.0,314.16,3490,3.51,0.011175,84.24,0.268195,0.63,0.002006,225.63,0.718338,0.09,0.000287
ascenty-hortolandia,tratamento,ascenty-hortolandia,2018,durante,landsat,1.0,314.16,3490,4.05,0.012894,81.54,0.259599,1.8,0.005731,226.62,0.72149,0.09,0.000287
ascenty-hortolandia,tratamento,ascenty-hortolandia,2019,durante,landsat,1.0,314.16,3490,8.55,0.027221,81.99,0.261032,0.99,0.003152,222.48,0.708309,0.09,0.000287
ascenty-hortolandia,tratamento,ascenty-hortolandia,2020,durante,landsat,1.0,314.16,3490,7.29,0.023209,90.72,0.288825,1.17,0.003725,214.74,0.683668,0.18,0.000573
ascenty-hortolandia,tratamento,ascenty-hortolandia,2021,durante,landsat,1.0,314.16,3490,3.42,0.010888,74.07,0.235817,2.07,0.00659,234.45,0.746418,0.09,0.000287
ascenty-hortolandia,tratamento,ascenty-hortolandia,2022,durante,landsat,1.0,314.16,3490,3.42,0.010888,73.62,0.234384,4.5,0.014327,232.38,0.739828,0.18,0.000573
ascenty-hortolandia,tratamento,ascenty-hortolandia,2015,pre,landsat,1.5,706.86,7856,18.0,0.025458,223.56,0.316191,3.78,0.005346,461.16,0.65224,0.54,0.000764
ascenty-hortolandia,tratamento,ascenty-hortolandia,2016,pre,landsat,1.5,706.86,7856,10.53,0.014893,217.53,0.307663,3.15,0.004455,475.2,0.672098,0.63,0.000891
ascenty-hortolandia,tratamento,ascenty-hortolandia,2017,pre,landsat,1.5,706.86,7856,11.43,0.016166,212.67,0.300789,3.24,0.004582,479.25,0.677826,0.45,0.000636
ascenty-hortolandia,tratamento,ascenty-hortolandia,2018,durante,landsat,1.5,706.86,7856,13.32,0.018839,211.32,0.29888,5.85,0.008274,475.83,0.672989,0.72,0.001018
ascenty-hortolandia,tratamento,ascenty-hortolandia,2019,durante,landsat,1.5,706.86,7856,25.65,0.036278,212.13,0.300025,3.69,0.005219,465.12,0.657841,0.45,0.000636
ascenty-hortolandia,tratamento,ascenty-hortolandia,2020,durante,landsat,1.5,706.86,7856,21.6,0.03055,222.03,0.314027,3.24,0.004582,459.54,0.649949,0.63,0.000891
ascenty-hortolandia,tratamento,ascenty-hortolandia,2021,durante,landsat,1.5,706.86,7856,9.45,0.013366,199.35,0.28195,4.86,0.006874,493.02,0.697301,0.36,0.000509
ascenty-hortolandia,tratamento,ascenty-hortolandia,2022,durante,landsat,1.5,706.86,7856,13.59,0.019221,204.93,0.289842,5.76,0.008147,482.4,0.682281,0.36,0.000509
ascenty-hortolandia,tratamento,ascenty-hortolandia,2015,pre,landsat,2.0,1256.64,13969,45.99,0.036581,412.02,0.327726,9.36,0.007445,787.23,0.626172,2.61,0.002076
ascenty-hortolandia,tratamento,ascenty-hortolandia,2016,pre,landsat,2.0,1256.64,13969,25.83,0.020545,406.17,0.323073,8.64,0.006872,814.68,0.648006,1.89,0.001503
ascenty-hortolandia,tratamento,ascenty-hortolandia,2017,pre,landsat,2.0,1256.64,13969,26.73,0.021261,403.02,0.320567,9.0,0.007159,817.29,0.650082,1.17,0.000931
ascenty-hortolandia,tratamento,ascenty-hortolandia,2018,durante,landsat,2.0,1256.64,13969,27.99,0.022264,399.42,0.317703,12.96,0.010309,816.03,0.64908,0.81,0.000644
ascenty-hortolandia,tratamento,ascenty-hortolandia,2019,durante,landsat,2.0,1256.64,13969,51.21,0.040733,398.34,0.316844,19.17,0.015248,787.05,0.626029,1.44,0.001145
ascenty-hortolandia,tratamento,ascenty-hortolandia,2020,durante,landsat,2.0,1256.64,13969,40.14,0.031928,398.25,0.316773,12.15,0.009664,805.14,0.640418,1.53,0.001217
ascenty-hortolandia,tratamento,ascenty-hortolandia,2021,durante,landsat,2.0,1256.64,13969,19.8,0.015749,359.55,0.28599,10.35,0.008233,866.43,0.689169,1.08,0.000859
ascenty-hortolandia,tratamento,ascenty-hortolandia,2022,durante,landsat,2.0,1256.64,13969,26.1,0.02076,369.0,0.293507,13.59,0.01081,847.35,0.673992,1.17,0.000931
ascenty-hortolandia,tratamento,ascenty-hortolandia,2015,pre,landsat,3.0,2827.43,31430,216.9,0.076678,1186.29,0.419376,24.12,0.008527,1390.05,0.491409,11.34,0.004009
ascenty-hortolandia,tratamento,ascenty-hortolandia,2016,pre,landsat,3.0,2827.43,31430,137.43,0.048584,1166.85,0.412504,25.83,0.009131,1488.96,0.526376,9.63,0.003404
ascenty-hortolandia,tratamento,ascenty-hortolandia,2017,pre,landsat,3.0,2827.43,31430,135.63,0.047948,1179.72,0.417054,23.94,0.008463,1482.48,0.524085,6.93,0.00245
ascenty-hortolandia,tratamento,ascenty-hortolandia,2018,durante,landsat,3.0,2827.43,31430,133.11,0.047057,1138.77,0.402577,27.0,0.009545,1525.68,0.539357,4.14,0.001464
ascenty-hortolandia,tratamento,ascenty-hortolandia,2019,durante,landsat,3.0,2827.43,31430,218.52,0.077251,1163.25,0.411231,31.41,0.011104,1409.76,0.498377,5.76,0.002036
ascenty-hortolandia,tratamento,ascenty-hortolandia,2020,durante,landsat,3.0,2827.43,31430,180.63,0.063856,1169.91,0.413586,23.94,0.008463,1449.9,0.512568,4.32,0.001527
ascenty-hortolandia,tratamento,ascenty-hortolandia,2021,durante,landsat,3.0,2827.43,31430,120.15,0.042475,1067.4,0.377346,22.14,0.007827,1614.96,0.57092,4.05,0.001432
ascenty-hortolandia,tratamento,ascenty-hortolandia,2022,durante,landsat,3.0,2827.43,31430,118.8,0.041998,1101.33,0.389341,25.2,0.008909,1579.5,0.558384,3.87,0.001368
ascenty-hortolandia,tratamento,ascenty-hortolandia,2015,pre,landsat,5.0,7853.98,87285,734.58,0.09351,3214.35,0.409177,102.15,0.013003,3772.89,0.480277,31.68,0.004033
ascenty-hortolandia,tratamento,ascenty-hortolandia,2016,pre,landsat,5.0,7853.98,87297,519.75,0.066153,3202.56,0.40762,105.93,0.013483,3999.42,0.509044,29.07,0.0037
ascenty-hortolandia,tratamento,ascenty-hortolandia,2017,pre,landsat,5.0,7853.98,87303,499.23,0.063537,3146.04,0.400399,104.49,0.013299,4080.24,0.519295,27.27,0.003471
ascenty-hortolandia,tratamento,ascenty-hortolandia,2018,durante,landsat,5.0,7853.98,87300,513.09,0.065304,3145.77,0.400378,100.35,0.012772,4070.7,0.518099,27.09,0.003448
ascenty-hortolandia,tratamento,ascenty-hortolandia,2019,durante,landsat,5.0,7853.98,87295,769.32,0.097921,3208.59,0.408397,85.41,0.010871,3766.23,0.479375,27.0,0.003437
ascenty-hortolandia,tratamento,ascenty-hortolandia,2020,durante,landsat,5.0,7853.98,87302,642.24,0.081739,3192.75,0.406348,92.88,0.011821,3900.42,0.496415,28.89,0.003677
ascenty-hortolandia,tratamento,ascenty-hortolandia,2021,durante,landsat,5.0,7853.98,87297,396.9,0.050517,2948.58,0.375294,90.99,0.011581,4399.74,0.559996,20.52,0.002612
ascenty-hortolandia,tratamento,ascenty-hortolandia,2022,durante,landsat,5.0,7853.98,87303,423.09,0.053847,3041.19,0.387054,81.63,0.010389,4286.25,0.545514,25.11,0.003196
ctrl-ascenty-jundiai-p01,controle,ascenty-jundiai,2016,pre,landsat,0.5,78.54,875,8.91,0.113143,54.81,0.696,0.09,0.001143,14.94,0.189714,0.0,0.0
ctrl-ascenty-jundiai-p01,controle,ascenty-jundiai,2017,pre,landsat,0.5,78.54,875,9.0,0.114286,50.67,0.643429,0.0,0.0,19.08,0.242286,0.0,0.0
ctrl-ascenty-jundiai-p01,controle,ascenty-jundiai,2018,pre,landsat,0.5,78.54,875,9.36,0.118857,44.55,0.565714,0.09,0.001143,24.75,0.314286,0.0,0.0
ctrl-ascenty-jundiai-p01,controle,ascenty-jundiai,2019,durante,landsat,0.5,78.54,875,13.14,0.166857,39.6,0.502857,0.09,0.001143,25.92,0.329143,0.0,0.0
ctrl-ascenty-jundiai-p01,controle,ascenty-jundiai,2020,pos,landsat,0.5,78.54,875,12.78,0.162286,43.65,0.554286,0.45,0.005714,21.87,0.277714,0.0,0.0
ctrl-ascenty-jundiai-p01,controle,ascenty-jundiai,2021,pos,landsat,0.5,78.54,875,6.21,0.078857,43.2,0.548571,0.36,0.004571,28.98,0.368,0.0,0.0
ctrl-ascenty-jundiai-p01,controle,ascenty-jundiai,2022,pos,landsat,0.5,78.54,875,11.25,0.142857,48.06,0.610286,0.0,0.0,19.44,0.246857,0.0,0.0
ctrl-ascenty-jundiai-p01,controle,ascenty-jundiai,2016,pre,landsat,1.0,314.16,3503,53.64,0.17014,170.37,0.540394,0.18,0.000571,90.9,0.288324,0.18,0.000571
ctrl-ascenty-jundiai-p01,controle,ascenty-jundiai,2017,pre,landsat,1.0,314.16,3503,49.14,0.155866,164.79,0.522695,0.18,0.000571,101.07,0.320582,0.09,0.000285
ctrl-ascenty-jundiai-p01,controle,ascenty-jundiai,2018,pre,landsat,1.0,314.16,3503,50.85,0.16129,158.31,0.502141,0.81,0.002569,105.3,0.333999,0.0,0.0
ctrl-ascenty-jundiai-p01,controle,ascenty-jundiai,2019,durante,landsat,1.0,314.16,3503,73.26,0.232372,145.08,0.460177,0.09,0.000285,96.84,0.307165,0.0,0.0
ctrl-ascenty-jundiai-p01,controle,ascenty-jundiai,2020,pos,landsat,1.0,314.16,3503,75.6,0.239794,143.01,0.453611,0.54,0.001713,96.12,0.304882,0.0,0.0
ctrl-ascenty-jundiai-p01,controle,ascenty-jundiai,2021,pos,landsat,1.0,314.16,3503,43.11,0.13674,143.01,0.453611,0.99,0.00314,128.16,0.406509,0.0,0.0
ctrl-ascenty-jundiai-p01,controle,ascenty-jundiai,2022,pos,landsat,1.0,314.16,3503,61.02,0.193548,157.23,0.498715,0.0,0.0,97.02,0.307736,0.0,0.0
ctrl-ascenty-jundiai-p01,controle,ascenty-jundiai,2016,pre,landsat,1.5,706.86,7841,126.81,0.179696,367.56,0.520852,0.54,0.000765,210.51,0.298304,0.27,0.000383
ctrl-ascenty-jundiai-p01,controle,ascenty-jundiai,2017,pre,landsat,1.5,706.86,7841,112.68,0.159674,362.61,0.513838,0.72,0.00102,229.5,0.325214,0.18,0.000255
ctrl-ascenty-jundiai-p01,controle,ascenty-jundiai,2018,pre,landsat,1.5,706.86,7841,127.26,0.180334,350.19,0.496238,1.53,0.002168,226.62,0.321133,0.09,0.000128
ctrl-ascenty-jundiai-p01,controle,ascenty-jundiai,2019,durante,landsat,1.5,706.86,7841,168.84,0.239255,326.43,0.462569,0.27,0.000383,210.06,0.297666,0.09,0.000128
ctrl-ascenty-jundiai-p01,controle,ascenty-jundiai,2020,pos,landsat,1.5,706.86,7841,175.32,0.248438,326.52,0.462696,0.72,0.00102,203.04,0.287718,0.09,0.000128
ctrl-ascenty-jundiai-p01,controle,ascenty-jundiai,2021,pos,landsat,1.5,706.86,7841,104.4,0.14794,316.62,0.448667,1.53,0.002168,283.14,0.401224,0.0,0.0
ctrl-ascenty-jundiai-p01,controle,ascenty-jundiai,2022,pos,landsat,1.5,706.86,7841,149.22,0.211453,323.91,0.458998,0.09,0.000128,232.47,0.329422,0.0,0.0
ctrl-ascenty-jundiai-p01,controle,ascenty-jundiai,2016,pre,landsat,2.0,1256.64,13961,228.15,0.181577,620.64,0.493947,1.26,0.001003,406.08,0.323186,0.36,0.000287
ctrl-ascenty-jundiai-p01,controle,ascenty-jundiai,2017,pre,landsat,2.0,1256.64,13961,219.78,0.174916,604.8,0.481341,1.44,0.001146,430.29,0.342454,0.18,0.000143
ctrl-ascenty-jundiai-p01,controle,ascenty-jundiai,2018,pre,landsat,2.0,1256.64,13961,230.13,0.183153,608.85,0.484564,6.21,0.004942,411.21,0.327269,0.09,7.2e-05
ctrl-ascenty-jundiai-p01,controle,ascenty-jundiai,2019,durante,landsat,2.0,1256.64,13961,300.87,0.239453,569.7,0.453406,2.16,0.001719,383.67,0.305351,0.09,7.2e-05
ctrl-ascenty-jundiai-p01,controle,ascenty-jundiai,2020,pos,landsat,2.0,1256.64,13961,299.79,0.238593,580.14,0.461715,2.07,0.001647,374.4,0.297973,0.09,7.2e-05
ctrl-ascenty-jundiai-p01,controle,ascenty-jundiai,2021,pos,landsat,2.0,1256.64,13961,193.59,0.154072,546.75,0.435141,3.33,0.00265,512.82,0.408137,0.0,0.0
ctrl-ascenty-jundiai-p01,controle,ascenty-jundiai,2022,pos,landsat,2.0,1256.64,13961,264.51,0.210515,571.41,0.454767,0.45,0.000358,420.12,0.33436,0.0,0.0
ctrl-ascenty-jundiai-p01,controle,ascenty-jundiai,2016,pre,landsat,3.0,2827.43,31414,572.94,0.202649,1451.34,0.513338,4.86,0.001719,795.96,0.281531,2.16,0.000764
ctrl-ascenty-jundiai-p01,controle,ascenty-jundiai,2017,pre,landsat,3.0,2827.43,31414,560.79,0.198351,1421.91,0.502929,5.22,0.001846,838.35,0.296524,0.99,0.00035
ctrl-ascenty-jundiai-p01,controle,ascenty-jundiai,2018,pre,landsat,3.0,2827.43,31414,582.39,0.205991,1421.73,0.502865,20.25,0.007162,802.26,0.283759,0.63,0.000223
ctrl-ascenty-jundiai-p01,controle,ascenty-jundiai,2019,durante,landsat,3.0,2827.43,31414,733.14,0.259311,1345.5,0.475902,8.91,0.003151,738.72,0.261285,0.99,0.00035
ctrl-ascenty-jundiai-p01,controle,ascenty-jundiai,2020,pos,landsat,3.0,2827.43,31414,728.73,0.257751,1351.89,0.478163,6.48,0.002292,738.63,0.261253,1.53,0.000541
ctrl-ascenty-jundiai-p01,controle,ascenty-jundiai,2021,pos,landsat,3.0,2827.43,31414,445.68,0.157637,1374.57,0.486185,9.0,0.003183,997.2,0.352709,0.81,0.000286
ctrl-ascenty-jundiai-p01,controle,ascenty-jundiai,2022,pos,landsat,3.0,2827.43,31414,627.93,0.222098,1353.87,0.478863,2.16,0.000764,842.31,0.297924,0.99,0.00035
ctrl-ascenty-jundiai-p01,controle,ascenty-jundiai,2016,pre,landsat,5.0,7853.98,87258,2254.41,0.287068,3437.28,0.437691,19.89,0.002533,2129.76,0.271196,11.88,0.001513
ctrl-ascenty-jundiai-p01,controle,ascenty-jundiai,2017,pre,landsat,5.0,7853.98,87258,2232.54,0.284283,3400.11,0.432957,18.36,0.002338,2192.94,0.279241,9.27,0.00118
ctrl-ascenty-jundiai-p01,controle,ascenty-jundiai,2018,pre,landsat,5.0,7853.98,87257,2277.0,0.289948,3394.08,0.432195,44.19,0.005627,2130.21,0.271256,7.65,0.000974
ctrl-ascenty-jundiai-p01,controle,ascenty-jundiai,2019,durante,landsat,5.0,7853.98,87258,2716.11,0.345859,3121.11,0.397431,29.52,0.003759,1975.41,0.251541,11.07,0.00141
ctrl-ascenty-jundiai-p01,controle,ascenty-jundiai,2020,pos,landsat,5.0,7853.98,87258,2704.23,0.344347,3102.57,0.39507,26.82,0.003415,2007.99,0.25569,11.61,0.001478
ctrl-ascenty-jundiai-p01,controle,ascenty-jundiai,2021,pos,landsat,5.0,7853.98,87258,1802.52,0.229526,3541.59,0.450973,28.35,0.00361,2471.94,0.314768,8.82,0.001123
ctrl-ascenty-jundiai-p01,controle,ascenty-jundiai,2022,pos,landsat,5.0,7853.98,87258,2418.57,0.307972,3213.18,0.409154,13.32,0.001696,2198.7,0.279974,9.45,0.001203
ascenty-jundiai,tratamento,ascenty-jundiai,2016,pre,landsat,0.5,78.54,876,8.82,0.111872,29.7,0.376712,2.88,0.03653,37.35,0.473744,0.09,0.001142
ascenty-jundiai,tratamento,ascenty-jundiai,2017,pre,landsat,0.5,78.54,876,8.55,0.108447,28.8,0.365297,0.63,0.007991,40.86,0.518265,0.0,0.0
ascenty-jundiai,tratamento,ascenty-jundiai,2018,pre,landsat,0.5,78.54,876,9.36,0.118721,26.82,0.340183,1.35,0.017123,41.31,0.523973,0.0,0.0
ascenty-jundiai,tratamento,ascenty-jundiai,2019,durante,landsat,0.5,78.54,876,10.71,0.135845,26.82,0.340183,0.36,0.004566,40.86,0.518265,0.09,0.001142
ascenty-jundiai,tratamento,ascenty-jundiai,2020,pos,landsat,0.5,78.54,876,10.26,0.130137,27.99,0.355023,0.72,0.009132,39.87,0.505708,0.0,0.0
ascenty-jundiai,tratamento,ascenty-jundiai,2021,pos,landsat,0.5,78.54,876,8.1,0.10274,26.64,0.3379,1.17,0.01484,42.93,0.544521,0.0,0.0
ascenty-jundiai,tratamento,ascenty-jundiai,2022,pos,landsat,0.5,78.54,876,10.26,0.130137,26.55,0.336758,0.81,0.010274,41.22,0.522831,0.0,0.0
ascenty-jundiai,tratamento,ascenty-jundiai,2016,pre,landsat,1.0,314.16,3485,37.26,0.118795,128.97,0.411191,4.95,0.015782,140.94,0.449354,1.53,0.004878
ascenty-jundiai,tratamento,ascenty-jundiai,2017,pre,landsat,1.0,314.16,3485,35.28,0.112482,125.01,0.398565,2.61,0.008321,149.58,0.476901,1.17,0.00373
ascenty-jundiai,tratamento,ascenty-jundiai,2018,pre,landsat,1.0,314.16,3485,38.07,0.121377,124.56,0.397131,4.95,0.015782,145.17,0.462841,0.9,0.002869
ascenty-jundiai,tratamento,ascenty-jundiai,2019,durante,landsat,1.0,314.16,3485,49.41,0.157532,108.81,0.346915,3.78,0.012052,150.3,0.479197,1.35,0.004304
ascenty-jundiai,tratamento,ascenty-jundiai,2020,pos,landsat,1.0,314.16,3474,46.53,0.14882,110.43,0.353195,2.97,0.009499,151.47,0.484456,1.26,0.00403
ascenty-jundiai,tratamento,ascenty-jundiai,2021,pos,landsat,1.0,314.16,3484,33.84,0.107922,109.98,0.350746,6.84,0.021814,162.0,0.516648,0.9,0.00287
ascenty-jundiai,tratamento,ascenty-jundiai,2022,pos,landsat,1.0,314.16,3485,40.95,0.13056,102.69,0.327403,5.58,0.017791,163.53,0.521377,0.9,0.002869
ascenty-jundiai,tratamento,ascenty-jundiai,2016,pre,landsat,1.5,706.86,7863,91.08,0.128704,316.17,0.446776,8.19,0.011573,287.64,0.406461,4.59,0.006486
ascenty-jundiai,tratamento,ascenty-jundiai,2017,pre,landsat,1.5,706.86,7863,85.77,0.121201,308.61,0.436093,6.66,0.009411,302.58,0.427572,4.05,0.005723
ascenty-jundiai,tratamento,ascenty-jundiai,2018,pre,landsat,1.5,706.86,7827,86.58,0.122908,318.33,0.451897,9.09,0.012904,287.64,0.40833,2.79,0.003961
ascenty-jundiai,tratamento,ascenty-jundiai,2019,durante,landsat,1.5,706.86,7863,123.3,0.174234,287.64,0.406461,5.76,0.008139,287.91,0.406842,3.06,0.004324
ascenty-jundiai,tratamento,ascenty-jundiai,2020,pos,landsat,1.5,706.86,7852,121.23,0.171549,286.29,0.40512,7.56,0.010698,288.36,0.408049,3.24,0.004585
ascenty-jundiai,tratamento,ascenty-jundiai,2021,pos,landsat,1.5,706.86,7862,84.42,0.119308,289.26,0.408802,13.41,0.018952,318.06,0.449504,2.43,0.003434
ascenty-jundiai,tratamento,ascenty-jundiai,2022,pos,landsat,1.5,706.86,7863,94.95,0.134173,282.15,0.398703,9.36,0.013227,319.05,0.450846,2.16,0.003052
ascenty-jundiai,tratamento,ascenty-jundiai,2016,pre,landsat,2.0,1256.64,13978,196.56,0.156246,615.33,0.489126,14.85,0.011804,424.8,0.337673,6.48,0.005151
ascenty-jundiai,tratamento,ascenty-jundiai,2017,pre,landsat,2.0,1256.64,13978,187.47,0.14902,610.02,0.484905,13.95,0.011089,440.82,0.350408,5.76,0.004579
ascenty-jundiai,tratamento,ascenty-jundiai,2018,pre,landsat,2.0,1256.64,13942,179.46,0.143021,630.45,0.502439,17.1,0.013628,423.45,0.33747,4.32,0.003443
ascenty-jundiai,tratamento,ascenty-jundiai,2019,durante,landsat,2.0,1256.64,13978,274.14,0.217914,551.25,0.438189,11.25,0.008943,416.7,0.331235,4.68,0.00372
ascenty-jundiai,tratamento,ascenty-jundiai,2020,pos,landsat,2.0,1256.64,13967,264.96,0.210783,556.02,0.442328,13.5,0.01074,417.51,0.33214,5.04,0.004009
ascenty-jundiai,tratamento,ascenty-jundiai,2021,pos,landsat,2.0,1256.64,13977,168.75,0.134149,597.69,0.475138,20.52,0.016313,467.1,0.371324,3.87,0.003076
ascenty-jundiai,tratamento,ascenty-jundiai,2022,pos,landsat,2.0,1256.64,13978,205.83,0.163614,569.52,0.452711,14.76,0.011733,463.86,0.368722,4.05,0.003219
ascenty-jundiai,tratamento,ascenty-jundiai,2016,pre,landsat,3.0,2827.43,31076,642.6,0.229759,1351.89,0.483363,38.07,0.013612,745.65,0.266604,18.63,0.006661
ascenty-jundiai,tratamento,ascenty-jundiai,2017,pre,landsat,3.0,2827.43,31434,622.08,0.219889,1401.12,0.49526,36.72,0.01298,752.22,0.26589,16.92,0.005981
ascenty-jundiai,tratamento,ascenty-jundiai,2018,pre,landsat,3.0,2827.43,31392,547.92,0.193935,1495.89,0.529466,35.91,0.01271,729.81,0.258314,15.75,0.005575
ascenty-jundiai,tratamento,ascenty-jundiai,2019,durante,landsat,3.0,2827.43,31433,797.94,0.28206,1287.99,0.455286,23.85,0.008431,702.81,0.248433,16.38,0.00579
ascenty-jundiai,tratamento,ascenty-jundiai,2020,pos,landsat,3.0,2827.43,31418,779.4,0.275638,1306.71,0.462124,26.91,0.009517,697.95,0.246833,16.65,0.005888
ascenty-jundiai,tratamento,ascenty-jundiai,2021,pos,landsat,3.0,2827.43,31433,516.06,0.18242,1479.06,0.522826,33.66,0.011898,786.69,0.278084,13.5,0.004772
ascenty-jundiai,tratamento,ascenty-jundiai,2022,pos,landsat,3.0,2827.43,31434,633.24,0.223834,1390.77,0.491601,26.37,0.009321,765.09,0.27044,13.59,0.004804
ascenty-jundiai,tratamento,ascenty-jundiai,2016,pre,landsat,5.0,7853.98,86382,2301.03,0.295976,3374.01,0.433991,174.15,0.022401,1872.81,0.240895,52.38,0.006738
ascenty-jundiai,tratamento,ascenty-jundiai,2017,pre,landsat,5.0,7853.98,87180,2238.66,0.285318,3414.24,0.435146,168.3,0.02145,1976.4,0.251893,48.6,0.006194
ascenty-jundiai,tratamento,ascenty-jundiai,2018,pre,landsat,5.0,7853.98,86996,2005.29,0.256115,3778.65,0.482608,146.16,0.018668,1853.91,0.236781,45.63,0.005828
ascenty-jundiai,tratamento,ascenty-jundiai,2019,durante,landsat,5.0,7853.98,87194,2623.68,0.334335,3345.12,0.426268,109.44,0.013946,1720.71,0.21927,48.51,0.006182
ascenty-jundiai,tratamento,ascenty-jundiai,2020,pos,landsat,5.0,7853.98,87183,2572.2,0.327816,3395.16,0.432699,98.91,0.012606,1728.27,0.220261,51.93,0.006618
ascenty-jundiai,tratamento,ascenty-jundiai,2021,pos,landsat,5.0,7853.98,87275,1866.15,0.237582,3786.75,0.482097,113.76,0.014483,2044.44,0.260281,43.65,0.005557
ascenty-jundiai,tratamento,ascenty-jundiai,2022,pos,landsat,5.0,7853.98,87086,2151.18,0.274464,3581.28,0.456928,84.96,0.01084,1978.47,0.252429,41.85,0.00534
ctrl-ascenty-maracanau-p03,controle,ascenty-maracanau,2013,pre,landsat,0.5,78.54,884,37.08,0.466063,29.61,0.372172,1.17,0.014706,10.08,0.126697,1.62,0.020362
ctrl-ascenty-maracanau-p03,controle,ascenty-maracanau,2014,durante,landsat,0.5,78.54,884,37.44,0.470588,32.22,0.404977,0.36,0.004525,8.01,0.100679,1.53,0.019231
ctrl-ascenty-maracanau-p03,controle,ascenty-maracanau,2015,durante,landsat,0.5,78.54,884,29.16,0.366516,40.41,0.507919,0.18,0.002262,8.46,0.106335,1.35,0.016968
ctrl-ascenty-maracanau-p03,controle,ascenty-maracanau,2016,pos,landsat,0.5,78.54,884,34.11,0.428733,36.72,0.461538,0.36,0.004525,6.75,0.084842,1.62,0.020362
ctrl-ascenty-maracanau-p03,controle,ascenty-maracanau,2017,pos,landsat,0.5,78.54,884,44.91,0.56448,26.46,0.332579,0.27,0.003394,6.84,0.085973,1.08,0.013575
ctrl-ascenty-maracanau-p03,controle,ascenty-maracanau,2013,pre,landsat,1.0,314.16,3531,159.39,0.501558,142.02,0.446899,1.17,0.003682,13.59,0.042764,1.62,0.005098
ctrl-ascenty-maracanau-p03,controle,ascenty-maracanau,2014,durante,landsat,1.0,314.16,3531,164.52,0.5177,141.21,0.44435,0.36,0.001133,10.17,0.032002,1.53,0.004815
ctrl-ascenty-maracanau-p03,controle,ascenty-maracanau,2015,durante,landsat,1.0,314.16,3531,134.01,0.421694,170.19,0.535542,0.27,0.00085,11.97,0.037666,1.35,0.004248
ctrl-ascenty-maracanau-p03,controle,ascenty-maracanau,2016,pos,landsat,1.0,314.16,3531,156.6,0.492778,149.85,0.471538,0.45,0.001416,9.27,0.02917,1.62,0.005098
ctrl-ascenty-maracanau-p03,controle,ascenty-maracanau,2017,pos,landsat,1.0,314.16,3531,174.51,0.549136,131.49,0.413764,0.27,0.00085,10.44,0.032852,1.08,0.003398
ctrl-ascenty-maracanau-p03,controle,ascenty-maracanau,2013,pre,landsat,1.5,706.86,7935,308.07,0.43138,363.87,0.509515,4.59,0.006427,35.55,0.049779,2.07,0.002899
ctrl-ascenty-maracanau-p03,controle,ascenty-maracanau,2014,durante,landsat,1.5,706.86,7935,308.97,0.43264,371.07,0.519597,2.52,0.003529,29.79,0.041714,1.8,0.00252
ctrl-ascenty-maracanau-p03,controle,ascenty-maracanau,2015,durante,landsat,1.5,706.86,7935,283.23,0.396597,390.15,0.546314,1.44,0.002016,37.89,0.053056,1.44,0.002016
ctrl-ascenty-maracanau-p03,controle,ascenty-maracanau,2016,pos,landsat,1.5,706.86,7935,306.99,0.429868,366.12,0.512665,3.51,0.004915,35.55,0.049779,1.98,0.002773
ctrl-ascenty-maracanau-p03,controle,ascenty-maracanau,2017,pos,landsat,1.5,706.86,7935,315.18,0.441336,355.41,0.497669,1.71,0.002394,40.5,0.056711,1.35,0.00189
ctrl-ascenty-maracanau-p03,controle,ascenty-maracanau,2013,pre,landsat,2.0,1256.64,14117,479.88,0.377701,611.1,0.48098,49.77,0.039173,116.01,0.091308,13.77,0.010838
ctrl-ascenty-maracanau-p03,controle,ascenty-maracanau,2014,durante,landsat,2.0,1256.64,14117,485.28,0.381951,626.04,0.492739,52.11,0.041014,95.04,0.074803,12.06,0.009492
ctrl-ascenty-maracanau-p03,controle,ascenty-maracanau,2015,durante,landsat,2.0,1256.64,14117,462.6,0.3641,640.35,0.504002,19.53,0.015372,128.43,0.101084,19.62,0.015442
ctrl-ascenty-maracanau-p03,controle,ascenty-maracanau,2016,pos,landsat,2.0,1256.64,14117,462.87,0.364313,626.67,0.493235,34.38,0.02706,128.88,0.101438,17.73,0.013955
ctrl-ascenty-maracanau-p03,controle,ascenty-maracanau,2017,pos,landsat,2.0,1256.64,14117,462.6,0.3641,622.53,0.489977,28.08,0.022101,142.2,0.111922,15.12,0.011901
ctrl-ascenty-maracanau-p03,controle,ascenty-maracanau,2013,pre,landsat,3.0,2827.43,31757,854.82,0.299084,1308.42,0.457789,344.16,0.120414,333.9,0.116825,16.83,0.005888
ctrl-ascenty-maracanau-p03,controle,ascenty-maracanau,2014,durante,landsat,3.0,2827.43,31757,875.25,0.306232,1326.51,0.464118,328.05,0.114778,314.64,0.110086,13.68,0.004786
ctrl-ascenty-maracanau-p03,controle,ascenty-maracanau,2015,durante,landsat,3.0,2827.43,31757,818.55,0.286394,1376.91,0.481752,219.87,0.076928,420.57,0.147149,22.23,0.007778
ctrl-ascenty-maracanau-p03,controle,ascenty-maracanau,2016,pos,landsat,3.0,2827.43,31757,781.2,0.273326,1356.75,0.474698,218.34,0.076393,481.5,0.168467,20.34,0.007117
ctrl-ascenty-maracanau-p03,controle,ascenty-maracanau,2017,pos,landsat,3.0,2827.43,31757,770.49,0.269578,1369.89,0.479296,165.69,0.057971,531.45,0.185943,20.61,0.007211
ctrl-ascenty-maracanau-p03,controle,ascenty-maracanau,2013,pre,landsat,5.0,7853.98,88174,2953.08,0.372128,3307.77,0.416824,686.25,0.086477,782.46,0.0986,206.1,0.025971
ctrl-ascenty-maracanau-p03,controle,ascenty-maracanau,2014,durante,landsat,5.0,7853.98,88174,2890.44,0.364234,3370.95,0.424785,678.78,0.085535,805.95,0.101561,189.54,0.023885
ctrl-ascenty-maracanau-p03,controle,ascenty-maracanau,2015,durante,landsat,5.0,7853.98,88174,2577.51,0.324801,3655.35,0.460623,501.75,0.063227,922.59,0.116259,278.46,0.03509
ctrl-ascenty-maracanau-p03,controle,ascenty-maracanau,2016,pos,landsat,5.0,7853.98,88174,2267.01,0.285674,3865.05,0.487048,486.27,0.061277,1057.95,0.133316,259.38,0.032685
ctrl-ascenty-maracanau-p03,controle,ascenty-maracanau,2017,pos,landsat,5.0,7853.98,88174,2442.69,0.307812,3652.83,0.460306,401.76,0.050627,1176.93,0.148309,261.45,0.032946
ascenty-maracanau,tratamento,ascenty-maracanau,2013,pre,landsat,0.5,78.54,865,0.9,0.011561,10.44,0.134104,4.05,0.052023,62.46,0.802312,0.0,0.0
ascenty-maracanau,tratamento,ascenty-maracanau,2014,durante,landsat,0.5,78.54,716,0.45,0.006983,9.63,0.149441,1.8,0.027933,52.56,0.815642,0.0,0.0
ascenty-maracanau,tratamento,ascenty-maracanau,2015,durante,landsat,0.5,78.54,867,0.54,0.00692,5.94,0.076125,2.61,0.033449,68.94,0.883506,0.0,0.0
ascenty-maracanau,tratamento,ascenty-maracanau,2016,pos,landsat,0.5,78.54,886,0.18,0.002257,5.94,0.074492,3.87,0.048533,69.75,0.874718,0.0,0.0
ascenty-maracanau,tratamento,ascenty-maracanau,2017,pos,landsat,0.5,78.54,886,0.18,0.002257,4.32,0.054176,5.13,0.064334,70.11,0.879233,0.0,0.0
ascenty-maracanau,tratamento,ascenty-maracanau,2013,pre,landsat,1.0,314.16,3507,20.25,0.064157,96.57,0.30596,6.48,0.02053,191.88,0.607927,0.45,0.001426
ascenty-maracanau,tratamento,ascenty-maracanau,2014,durante,landsat,1.0,314.16,3358,20.07,0.066409,86.58,0.28648,4.14,0.013699,191.07,0.632222,0.36,0.001191
ascenty-maracanau,tratamento,ascenty-maracanau,2015,durante,landsat,1.0,314.16,3509,18.72,0.059276,75.51,0.239099,4.95,0.015674,216.45,0.68538,0.18,0.00057
ascenty-maracanau,tratamento,ascenty-maracanau,2016,pos,landsat,1.0,314.16,3528,4.14,0.013039,85.05,0.267857,5.49,0.01729,222.84,0.701814,0.0,0.0
ascenty-maracanau,tratamento,ascenty-maracanau,2017,pos,landsat,1.0,314.16,3528,7.47,0.023526,72.9,0.229592,8.91,0.028061,228.24,0.718821,0.0,0.0
ascenty-maracanau,tratamento,ascenty-maracanau,2013,pre,landsat,1.5,706.86,7929,57.87,0.081095,231.57,0.324505,11.79,0.016522,411.39,0.576491,0.99,0.001387
ascenty-maracanau,tratamento,ascenty-maracanau,2014,durante,landsat,1.5,706.86,7780,50.4,0.071979,218.79,0.312468,6.84,0.009769,422.64,0.603599,1.53,0.002185
ascenty-maracanau,tratamento,ascenty-maracanau,2015,durante,landsat,1.5,706.86,7929,47.52,0.066591,212.4,0.297642,8.1,0.011351,443.7,0.621768,1.89,0.002649
ascenty-maracanau,tratamento,ascenty-maracanau,2016,pos,landsat,1.5,706.86,7950,9.72,0.013585,225.9,0.315723,7.11,0.009937,472.23,0.66,0.54,0.000755
ascenty-maracanau,tratamento,ascenty-maracanau,2017,pos,landsat,1.5,706.86,7950,17.64,0.024654,197.73,0.276352,14.58,0.020377,484.74,0.677484,0.81,0.001132
ascenty-maracanau,tratamento,ascenty-maracanau,2013,pre,landsat,2.0,1256.64,14112,97.38,0.076672,381.96,0.300737,17.37,0.013676,771.39,0.607355,1.98,0.001559
ascenty-maracanau,tratamento,ascenty-maracanau,2014,durante,landsat,2.0,1256.64,13962,82.71,0.065822,370.08,0.294514,12.06,0.009597,788.31,0.627346,3.42,0.002722
ascenty-maracanau,tratamento,ascenty-maracanau,2015,durante,landsat,2.0,1256.64,14108,65.79,0.051815,361.35,0.28459,14.22,0.011199,824.22,0.649135,4.14,0.003261
ascenty-maracanau,tratamento,ascenty-maracanau,2016,pos,landsat,2.0,1256.64,14133,18.0,0.014151,373.23,0.293427,13.05,0.01026,866.25,0.68103,1.44,0.001132
ascenty-maracanau,tratamento,ascenty-maracanau,2017,pos,landsat,2.0,1256.64,14133,30.42,0.023916,333.36,0.262082,20.79,0.016345,885.33,0.696031,2.07,0.001627
ascenty-maracanau,tratamento,ascenty-maracanau,2013,pre,landsat,3.0,2827.43,31760,335.7,0.117443,778.68,0.272418,31.95,0.011178,1651.41,0.577739,60.66,0.021222
ascenty-maracanau,tratamento,ascenty-maracanau,2014,durante,landsat,3.0,2827.43,31507,315.27,0.111182,744.57,0.262577,24.12,0.008506,1695.78,0.598026,55.89,0.01971
ascenty-maracanau,tratamento,ascenty-maracanau,2015,durante,landsat,3.0,2827.43,31646,264.78,0.092966,749.16,0.263035,30.24,0.010617,1742.85,0.611926,61.11,0.021456
ascenty-maracanau,tratamento,ascenty-maracanau,2016,pos,landsat,3.0,2827.43,31781,160.65,0.056166,782.01,0.273402,27.09,0.009471,1837.35,0.642365,53.19,0.018596
ascenty-maracanau,tratamento,ascenty-maracanau,2017,pos,landsat,3.0,2827.43,31781,193.05,0.067493,715.41,0.250118,41.31,0.014443,1849.23,0.646518,61.29,0.021428
ascenty-maracanau,tratamento,ascenty-maracanau,2013,pre,landsat,5.0,7853.98,88240,1273.23,0.160324,1976.13,0.248833,101.43,0.012772,4418.46,0.556369,172.35,0.021702
ascenty-maracanau,tratamento,ascenty-maracanau,2014,durante,landsat,5.0,7853.98,87972,1300.5,0.164257,1845.72,0.23312,76.05,0.009605,4532.67,0.572489,162.54,0.020529
ascenty-maracanau,tratamento,ascenty-maracanau,2015,durante,landsat,5.0,7853.98,88008,1052.64,0.132897,1937.7,0.244637,90.18,0.011385,4644.0,0.58631,196.2,0.02477
ascenty-maracanau,tratamento,ascenty-maracanau,2016,pos,landsat,5.0,7853.98,88266,751.77,0.094634,2014.02,0.253529,78.84,0.009925,4900.14,0.61684,199.17,0.025072
ascenty-maracanau,tratamento,ascenty-maracanau,2017,pos,landsat,5.0,7853.98,88264,922.14,0.116084,1847.16,0.23253,100.98,0.012712,4879.17,0.614214,194.31,0.024461
ctrl-ascenty-osasco-p01,controle,ascenty-osasco,2017,pre,landsat,0.5,78.54,861,0.9,0.011614,8.91,0.114983,0.09,0.001161,67.59,0.872242,0.0,0.0
ctrl-ascenty-osasco-p01,controle,ascenty-osasco,2018,pre,landsat,0.5,78.54,764,1.89,0.027487,8.73,0.126963,0.09,0.001309,58.05,0.844241,0.0,0.0
ctrl-ascenty-osasco-p01,controle,ascenty-osasco,2019,pre,landsat,0.5,78.54,869,2.88,0.036824,9.72,0.124281,0.45,0.005754,65.16,0.833142,0.0,0.0
ctrl-ascenty-osasco-p01,controle,ascenty-osasco,2020,durante,landsat,0.5,78.54,781,1.26,0.017926,9.27,0.131882,0.0,0.0,59.67,0.848912,0.09,0.00128
ctrl-ascenty-osasco-p01,controle,ascenty-osasco,2021,durante,landsat,0.5,78.54,874,2.34,0.029748,7.65,0.097254,0.27,0.003432,68.22,0.867277,0.18,0.002288
ctrl-ascenty-osasco-p01,controle,ascenty-osasco,2022,durante,landsat,0.5,78.54,874,2.07,0.026316,7.92,0.100686,0.45,0.005721,68.22,0.867277,0.0,0.0
ctrl-ascenty-osasco-p01,controle,ascenty-osasco,2023,durante,landsat,0.5,78.54,874,2.79,0.035469,8.91,0.113272,0.27,0.003432,66.69,0.847826,0.0,0.0
ctrl-ascenty-osasco-p01,controle,ascenty-osasco,2017,pre,landsat,1.0,314.16,3477,5.94,0.018982,59.31,0.189531,4.14,0.01323,241.2,0.770779,2.34,0.007478
ctrl-ascenty-osasco-p01,controle,ascenty-osasco,2018,pre,landsat,1.0,314.16,3370,10.89,0.035905,68.67,0.226409,4.05,0.013353,219.69,0.724332,0.0,0.0
ctrl-ascenty-osasco-p01,controle,ascenty-osasco,2019,pre,landsat,1.0,314.16,3485,14.76,0.047059,71.82,0.228981,2.34,0.007461,224.64,0.716212,0.09,0.000287
ctrl-ascenty-osasco-p01,controle,ascenty-osasco,2020,durante,landsat,1.0,314.16,3330,6.84,0.022823,62.82,0.20961,1.44,0.004805,227.88,0.76036,0.72,0.002402
ctrl-ascenty-osasco-p01,controle,ascenty-osasco,2021,durante,landsat,1.0,314.16,3489,13.77,0.043852,57.69,0.18372,1.71,0.005446,240.48,0.765835,0.36,0.001146
ctrl-ascenty-osasco-p01,controle,ascenty-osasco,2022,durante,landsat,1.0,314.16,3492,10.17,0.03236,61.56,0.195876,3.15,0.010023,239.22,0.761168,0.18,0.000573
ctrl-ascenty-osasco-p01,controle,ascenty-osasco,2023,durante,landsat,1.0,314.16,3490,15.66,0.049857,67.95,0.216332,2.61,0.008309,225.45,0.717765,2.43,0.007736
ctrl-ascenty-osasco-p01,controle,ascenty-osasco,2017,pre,landsat,1.5,706.86,7837,26.73,0.037897,113.67,0.161159,11.52,0.016333,550.98,0.781166,2.43,0.003445
ctrl-ascenty-osasco-p01,controle,ascenty-osasco,2018,pre,landsat,1.5,706.86,7734,35.37,0.050815,117.81,0.169253,9.9,0.014223,532.53,0.765063,0.45,0.000646
ctrl-ascenty-osasco-p01,controle,ascenty-osasco,2019,pre,landsat,1.5,706.86,7849,48.06,0.068034,119.79,0.169576,5.76,0.008154,532.44,0.753727,0.36,0.00051
ctrl-ascenty-osasco-p01,controle,ascenty-osasco,2020,durante,landsat,1.5,706.86,7691,29.79,0.043037,113.94,0.164608,9.36,0.013522,536.76,0.775452,2.34,0.003381
ctrl-ascenty-osasco-p01,controle,ascenty-osasco,2021,durante,landsat,1.5,706.86,7853,43.65,0.06176,100.71,0.142493,6.12,0.008659,555.57,0.786069,0.72,0.001019
ctrl-ascenty-osasco-p01,controle,ascenty-osasco,2022,durante,landsat,1.5,706.86,7856,39.15,0.055372,110.7,0.156568,6.66,0.00942,550.17,0.778131,0.36,0.000509
ctrl-ascenty-osasco-p01,controle,ascenty-osasco,2023,durante,landsat,1.5,706.86,7852,47.61,0.067371,119.52,0.169129,5.4,0.007641,530.64,0.750891,3.51,0.004967
ctrl-ascenty-osasco-p01,controle,ascenty-osasco,2017,pre,landsat,2.0,1256.64,13933,64.8,0.051676,192.78,0.153736,12.87,0.010263,980.73,0.7821,2.79,0.002225
ctrl-ascenty-osasco-p01,controle,ascenty-osasco,2018,pre,landsat,2.0,1256.64,13837,73.62,0.059117,201.96,0.162174,12.33,0.009901,956.52,0.768086,0.9,0.000723
ctrl-ascenty-osasco-p01,controle,ascenty-osasco,2019,pre,landsat,2.0,1256.64,13952,97.47,0.077623,202.77,0.161482,6.21,0.004946,948.33,0.755232,0.9,0.000717
ctrl-ascenty-osasco-p01,controle,ascenty-osasco,2020,durante,landsat,2.0,1256.64,13606,65.25,0.053285,198.72,0.162281,12.6,0.01029,944.82,0.771571,3.15,0.002572
ctrl-ascenty-osasco-p01,controle,ascenty-osasco,2021,durante,landsat,2.0,1256.64,13949,87.57,0.069754,173.79,0.138433,10.44,0.008316,982.08,0.782278,1.53,0.001219
ctrl-ascenty-osasco-p01,controle,ascenty-osasco,2022,durante,landsat,2.0,1256.64,13963,80.37,0.063955,189.63,0.150899,8.55,0.006804,977.04,0.777483,1.08,0.000859
ctrl-ascenty-osasco-p01,controle,ascenty-osasco,2023,durante,landsat,2.0,1256.64,13922,95.94,0.076569,196.56,0.156874,6.48,0.005172,949.86,0.758081,4.14,0.003304
ctrl-ascenty-osasco-p01,controle,ascenty-osasco,2017,pre,landsat,3.0,2827.43,31360,332.91,0.117953,504.0,0.178571,20.52,0.00727,1952.55,0.691805,12.42,0.004401
ctrl-ascenty-osasco-p01,controle,ascenty-osasco,2018,pre,landsat,3.0,2827.43,31287,348.12,0.12363,515.07,0.182919,28.44,0.0101,1914.66,0.679963,9.54,0.003388
ctrl-ascenty-osasco-p01,controle,ascenty-osasco,2019,pre,landsat,3.0,2827.43,31404,408.6,0.144568,499.05,0.17657,21.06,0.007451,1888.74,0.668259,8.91,0.003152
ctrl-ascenty-osasco-p01,controle,ascenty-osasco,2020,durante,landsat,3.0,2827.43,30825,313.92,0.113155,511.56,0.184396,38.25,0.013788,1896.3,0.683536,14.22,0.005126
ctrl-ascenty-osasco-p01,controle,ascenty-osasco,2021,durante,landsat,3.0,2827.43,31402,352.89,0.124865,443.79,0.157028,37.98,0.013439,1978.56,0.700083,12.96,0.004586
ctrl-ascenty-osasco-p01,controle,ascenty-osasco,2022,durante,landsat,3.0,2827.43,31426,337.23,0.119232,483.3,0.170878,24.12,0.008528,1973.07,0.697607,10.62,0.003755
ctrl-ascenty-osasco-p01,controle,ascenty-osasco,2023,durante,landsat,3.0,2827.43,30975,371.07,0.133107,485.82,0.17427,21.06,0.007554,1896.75,0.680387,13.05,0.004681
ctrl-ascenty-osasco-p01,controle,ascenty-osasco,2017,pre,landsat,5.0,7853.98,86638,1530.81,0.196323,1952.55,0.25041,49.14,0.006302,4223.97,0.541714,40.95,0.005252
ctrl-ascenty-osasco-p01,controle,ascenty-osasco,2018,pre,landsat,5.0,7853.98,86982,1565.73,0.200007,1981.08,0.253064,79.65,0.010175,4167.18,0.532317,34.74,0.004438
ctrl-ascenty-osasco-p01,controle,ascenty-osasco,2019,pre,landsat,5.0,7853.98,87117,1842.39,0.234983,1840.41,0.23473,59.94,0.007645,4058.28,0.517603,39.51,0.005039
ctrl-ascenty-osasco-p01,controle,ascenty-osasco,2020,durante,landsat,5.0,7853.98,86656,1566.9,0.200909,1945.44,0.249446,86.49,0.01109,4137.66,0.530535,62.55,0.00802
ctrl-ascenty-osasco-p01,controle,ascenty-osasco,2021,durante,landsat,5.0,7853.98,87253,1623.78,0.206778,1719.54,0.218972,116.73,0.014865,4348.26,0.553723,44.46,0.005662
ctrl-ascenty-osasco-p01,controle,ascenty-osasco,2022,durante,landsat,5.0,7853.98,87217,1545.75,0.196923,1849.68,0.235642,75.24,0.009585,4334.58,0.552209,44.28,0.005641
ctrl-ascenty-osasco-p01,controle,ascenty-osasco,2023,durante,landsat,5.0,7853.98,85895,1723.23,0.222912,1794.87,0.232179,44.73,0.005786,4122.54,0.533279,45.18,0.005844
ascenty-osasco,tratamento,ascenty-osasco,2017,pre,landsat,0.5,78.54,871,1.71,0.021814,11.16,0.142365,0.81,0.010333,64.71,0.825488,0.0,0.0
ascenty-osasco,tratamento,ascenty-osasco,2018,pre,landsat,0.5,78.54,872,2.88,0.036697,12.87,0.163991,0.45,0.005734,62.28,0.793578,0.0,0.0
ascenty-osasco,tratamento,ascenty-osasco,2019,pre,landsat,0.5,78.54,872,4.41,0.056193,13.32,0.169725,0.63,0.008028,59.94,0.763761,0.18,0.002294
ascenty-osasco,tratamento,ascenty-osasco,2020,durante,landsat,0.5,78.54,872,2.25,0.02867,12.06,0.15367,0.54,0.006881,63.18,0.805046,0.45,0.005734
ascenty-osasco,tratamento,ascenty-osasco,2021,durante,landsat,0.5,78.54,872,1.89,0.024083,8.46,0.107798,1.35,0.017202,66.78,0.850917,0.0,0.0
ascenty-osasco,tratamento,ascenty-osasco,2022,durante,landsat,0.5,78.54,872,2.25,0.02867,11.79,0.150229,1.08,0.013761,63.36,0.807339,0.0,0.0
ascenty-osasco,tratamento,ascenty-osasco,2023,durante,landsat,0.5,78.54,863,2.25,0.028969,10.89,0.140209,0.36,0.004635,64.08,0.825029,0.09,0.001159
ascenty-osasco,tratamento,ascenty-osasco,2017,pre,landsat,1.0,314.16,3489,11.25,0.035827,36.9,0.117512,1.26,0.004013,264.51,0.842362,0.09,0.000287
ascenty-osasco,tratamento,ascenty-osasco,2018,pre,landsat,1.0,314.16,3490,15.03,0.047851,39.87,0.126934,0.63,0.002006,258.57,0.823209,0.0,0.0
ascenty-osasco,tratamento,ascenty-osasco,2019,pre,landsat,1.0,314.16,3490,19.98,0.06361,40.23,0.12808,1.08,0.003438,252.45,0.803725,0.36,0.001146
ascenty-osasco,tratamento,ascenty-osasco,2020,durante,landsat,1.0,314.16,3490,13.41,0.042693,37.44,0.119198,2.07,0.00659,260.55,0.829513,0.63,0.002006
ascenty-osasco,tratamento,ascenty-osasco,2021,durante,landsat,1.0,314.16,3490,9.81,0.031232,29.88,0.095129,2.34,0.00745,272.07,0.866189,0.0,0.0
ascenty-osasco,tratamento,ascenty-osasco,2022,durante,landsat,1.0,314.16,3490,11.16,0.03553,38.25,0.121777,1.98,0.006304,262.62,0.836103,0.09,0.000287
ascenty-osasco,tratamento,ascenty-osasco,2023,durante,landsat,1.0,314.16,3481,14.94,0.047687,37.8,0.120655,2.07,0.006607,258.21,0.824188,0.27,0.000862
ascenty-osasco,tratamento,ascenty-osasco,2017,pre,landsat,1.5,706.86,7855,15.93,0.022533,65.16,0.092171,4.14,0.005856,619.83,0.876766,1.89,0.002673
ascenty-osasco,tratamento,ascenty-osasco,2018,pre,landsat,1.5,706.86,7856,21.06,0.029786,73.89,0.104506,1.98,0.0028,609.84,0.862525,0.27,0.000382
ascenty-osasco,tratamento,ascenty-osasco,2019,pre,landsat,1.5,706.86,7856,29.34,0.041497,73.08,0.10336,2.16,0.003055,598.95,0.847123,3.51,0.004964
ascenty-osasco,tratamento,ascenty-osasco,2020,durante,landsat,1.5,706.86,7856,17.19,0.024313,68.58,0.096996,2.97,0.004201,614.16,0.868635,4.14,0.005855
ascenty-osasco,tratamento,ascenty-osasco,2021,durante,landsat,1.5,706.86,7856,13.32,0.018839,55.89,0.079048,3.42,0.004837,633.15,0.895494,1.26,0.001782
ascenty-osasco,tratamento,ascenty-osasco,2022,durante,landsat,1.5,706.86,7856,14.58,0.020621,68.76,0.097251,3.51,0.004964,619.74,0.876527,0.45,0.000636
ascenty-osasco,tratamento,ascenty-osasco,2023,durante,landsat,1.5,706.86,7826,22.32,0.031689,69.12,0.098134,4.68,0.006645,607.5,0.86251,0.72,0.001022
ascenty-osasco,tratamento,ascenty-osasco,2017,pre,landsat,2.0,1256.64,13959,31.5,0.025073,120.78,0.096139,5.04,0.004012,1097.01,0.8732,1.98,0.001576
ascenty-osasco,tratamento,ascenty-osasco,2018,pre,landsat,2.0,1256.64,13960,36.09,0.028725,126.36,0.100573,2.97,0.002364,1090.62,0.868052,0.36,0.000287
ascenty-osasco,tratamento,ascenty-osasco,2019,pre,landsat,2.0,1256.64,13960,48.6,0.038682,126.81,0.100931,4.05,0.003223,1072.53,0.853653,4.41,0.00351
ascenty-osasco,tratamento,ascenty-osasco,2020,durante,landsat,2.0,1256.64,13960,29.25,0.023281,121.14,0.096418,5.4,0.004298,1094.85,0.871418,5.76,0.004585
ascenty-osasco,tratamento,ascenty-osasco,2021,durante,landsat,2.0,1256.64,13960,25.38,0.020201,96.3,0.076648,5.58,0.004441,1127.7,0.897564,1.44,0.001146
ascenty-osasco,tratamento,ascenty-osasco,2022,durante,landsat,2.0,1256.64,13960,25.74,0.020487,114.12,0.090831,4.23,0.003367,1111.32,0.884527,0.99,0.000788
ascenty-osasco,tratamento,ascenty-osasco,2023,durante,landsat,2.0,1256.64,13930,38.25,0.03051,117.0,0.093324,5.4,0.004307,1091.43,0.870567,1.62,0.001292
ascenty-osasco,tratamento,ascenty-osasco,2017,pre,landsat,3.0,2827.43,31409,352.71,0.124773,300.6,0.106339,11.25,0.00398,2158.83,0.763698,3.42,0.00121
ascenty-osasco,tratamento,ascenty-osasco,2018,pre,landsat,3.0,2827.43,31404,359.46,0.127181,319.32,0.112979,10.44,0.003694,2135.43,0.755541,1.71,0.000605
ascenty-osasco,tratamento,ascenty-osasco,2019,pre,landsat,3.0,2827.43,31410,394.2,0.139446,320.04,0.113212,11.79,0.004171,2094.57,0.740942,6.3,0.002229
ascenty-osasco,tratamento,ascenty-osasco,2020,durante,landsat,3.0,2827.43,31238,336.15,0.119566,305.82,0.108778,23.22,0.008259,2136.96,0.7601,9.27,0.003297
ascenty-osasco,tratamento,ascenty-osasco,2021,durante,landsat,3.0,2827.43,31407,328.32,0.116152,282.33,0.099882,17.37,0.006145,2195.73,0.776801,2.88,0.001019
ascenty-osasco,tratamento,ascenty-osasco,2022,durante,landsat,3.0,2827.43,31410,331.29,0.117192,292.05,0.103311,14.76,0.005221,2185.2,0.773002,3.6,0.001273
ascenty-osasco,tratamento,ascenty-osasco,2023,durante,landsat,3.0,2827.43,31373,377.82,0.133809,290.97,0.10305,11.25,0.003984,2138.67,0.757435,4.86,0.001721
ascenty-osasco,tratamento,ascenty-osasco,2017,pre,landsat,5.0,7853.98,87261,1582.83,0.201545,1130.94,0.144005,33.39,0.004252,5051.25,0.643185,55.08,0.007013
ascenty-osasco,tratamento,ascenty-osasco,2018,pre,landsat,5.0,7853.98,87259,1606.41,0.204552,1169.64,0.148936,38.97,0.004962,4989.96,0.635396,48.33,0.006154
ascenty-osasco,tratamento,ascenty-osasco,2019,pre,landsat,5.0,7853.98,87265,1786.32,0.227445,1106.19,0.140847,29.16,0.003713,4869.45,0.620008,62.73,0.007987
ascenty-osasco,tratamento,ascenty-osasco,2020,durante,landsat,5.0,7853.98,87086,1611.36,0.20559,1142.55,0.145775,44.64,0.005696,4949.37,0.631479,89.82,0.01146
ascenty-osasco,tratamento,ascenty-osasco,2021,durante,landsat,5.0,7853.98,87262,1509.84,0.192249,1151.91,0.146673,37.89,0.004825,5097.24,0.649034,56.7,0.00722
ascenty-osasco,tratamento,ascenty-osasco,2022,durante,landsat,5.0,7853.98,87262,1592.19,0.202734,1106.01,0.140829,31.23,0.003977,5058.36,0.644083,65.79,0.008377
ascenty-osasco,tratamento,ascenty-osasco,2023,durante,landsat,5.0,7853.98,87225,1729.71,0.220338,1074.33,0.136853,25.74,0.003279,4944.69,0.629877,75.78,0.009653
ctrl-ascenty-paulinia-p02,controle,ascenty-paulinia,2016,pre,landsat,0.5,78.54,871,0.0,0.0,17.73,0.226177,3.51,0.044776,57.15,0.729047,0.0,0.0
ctrl-ascenty-paulinia-p02,controle,ascenty-paulinia,2017,pre,landsat,0.5,78.54,871,0.0,0.0,17.37,0.221584,3.15,0.040184,57.87,0.738232,0.0,0.0
ctrl-ascenty-paulinia-p02,controle,ascenty-paulinia,2018,pre,landsat,0.5,78.54,871,0.0,0.0,19.98,0.254879,3.15,0.040184,55.26,0.704937,0.0,0.0
ctrl-ascenty-paulinia-p02,controle,ascenty-paulinia,2019,durante,landsat,0.5,78.54,871,0.09,0.001148,18.54,0.23651,3.87,0.049369,55.89,0.712974,0.0,0.0
ctrl-ascenty-paulinia-p02,controle,ascenty-paulinia,2020,pos,landsat,0.5,78.54,871,0.09,0.001148,16.83,0.214696,3.6,0.045924,57.87,0.738232,0.0,0.0
ctrl-ascenty-paulinia-p02,controle,ascenty-paulinia,2021,pos,landsat,0.5,78.54,871,0.0,0.0,15.39,0.196326,3.24,0.041332,59.76,0.762342,0.0,0.0
ctrl-ascenty-paulinia-p02,controle,ascenty-paulinia,2022,pos,landsat,0.5,78.54,871,0.0,0.0,14.31,0.182549,3.87,0.049369,60.21,0.768083,0.0,0.0
ctrl-ascenty-paulinia-p02,controle,ascenty-paulinia,2016,pre,landsat,1.0,314.16,3498,36.0,0.114351,89.82,0.285306,4.59,0.01458,184.05,0.58462,0.36,0.001144
ctrl-ascenty-paulinia-p02,controle,ascenty-paulinia,2017,pre,landsat,1.0,314.16,3498,27.36,0.086907,95.49,0.303316,4.14,0.01315,187.56,0.595769,0.27,0.000858
ctrl-ascenty-paulinia-p02,controle,ascenty-paulinia,2018,pre,landsat,1.0,314.16,3498,30.24,0.096055,99.72,0.316752,5.13,0.016295,179.37,0.569754,0.36,0.001144
ctrl-ascenty-paulinia-p02,controle,ascenty-paulinia,2019,durante,landsat,1.0,314.16,3498,40.32,0.128073,91.44,0.290452,4.86,0.015437,177.84,0.564894,0.36,0.001144
ctrl-ascenty-paulinia-p02,controle,ascenty-paulinia,2020,pos,landsat,1.0,314.16,3498,35.1,0.111492,93.24,0.296169,4.86,0.015437,181.35,0.576043,0.27,0.000858
ctrl-ascenty-paulinia-p02,controle,ascenty-paulinia,2021,pos,landsat,1.0,314.16,3498,14.85,0.04717,101.97,0.323899,5.49,0.017439,192.24,0.610635,0.27,0.000858
ctrl-ascenty-paulinia-p02,controle,ascenty-paulinia,2022,pos,landsat,1.0,314.16,3498,24.03,0.076329,96.48,0.306461,5.31,0.016867,188.82,0.599771,0.18,0.000572
ctrl-ascenty-paulinia-p02,controle,ascenty-paulinia,2016,pre,landsat,1.5,706.86,7863,62.73,0.088643,199.35,0.281699,8.28,0.0117,436.95,0.617449,0.36,0.000509
ctrl-ascenty-paulinia-p02,controle,ascenty-paulinia,2017,pre,landsat,1.5,706.86,7863,45.9,0.064861,210.24,0.297088,9.09,0.012845,442.17,0.624825,0.27,0.000382
ctrl-ascenty-paulinia-p02,controle,ascenty-paulinia,2018,pre,landsat,1.5,706.86,7863,51.12,0.072237,218.25,0.308406,9.81,0.013862,428.13,0.604985,0.36,0.000509
ctrl-ascenty-paulinia-p02,controle,ascenty-paulinia,2019,durante,landsat,1.5,706.86,7863,73.44,0.103777,207.0,0.292509,8.64,0.012209,418.23,0.590996,0.36,0.000509
ctrl-ascenty-paulinia-p02,controle,ascenty-paulinia,2020,pos,landsat,1.5,706.86,7863,58.32,0.082411,208.26,0.29429,8.64,0.012209,432.18,0.610708,0.27,0.000382
ctrl-ascenty-paulinia-p02,controle,ascenty-paulinia,2021,pos,landsat,1.5,706.86,7863,24.75,0.034974,222.66,0.314638,10.71,0.015134,449.28,0.634872,0.27,0.000382
ctrl-ascenty-paulinia-p02,controle,ascenty-paulinia,2022,pos,landsat,1.5,706.86,7863,43.65,0.061681,206.64,0.292001,9.09,0.012845,448.11,0.633219,0.18,0.000254
ctrl-ascenty-paulinia-p02,controle,ascenty-paulinia,2016,pre,landsat,2.0,1256.64,13967,102.06,0.081191,381.15,0.303215,10.53,0.008377,751.5,0.597838,11.79,0.009379
ctrl-ascenty-paulinia-p02,controle,ascenty-paulinia,2017,pre,landsat,2.0,1256.64,13967,79.56,0.063292,397.44,0.316174,12.78,0.010167,758.52,0.603422,8.73,0.006945
ctrl-ascenty-paulinia-p02,controle,ascenty-paulinia,2018,pre,landsat,2.0,1256.64,13967,99.0,0.078757,398.88,0.317319,13.41,0.010668,737.55,0.58674,8.19,0.006515
ctrl-ascenty-paulinia-p02,controle,ascenty-paulinia,2019,durante,landsat,2.0,1256.64,13967,141.57,0.112623,378.63,0.30121,11.61,0.009236,715.23,0.568984,9.99,0.007947
ctrl-ascenty-paulinia-p02,controle,ascenty-paulinia,2020,pos,landsat,2.0,1256.64,13967,104.49,0.083125,396.99,0.315816,10.98,0.008735,735.12,0.584807,9.45,0.007518
ctrl-ascenty-paulinia-p02,controle,ascenty-paulinia,2021,pos,landsat,2.0,1256.64,13967,45.9,0.036515,417.24,0.331925,14.94,0.011885,769.59,0.612229,9.36,0.007446
ctrl-ascenty-paulinia-p02,controle,ascenty-paulinia,2022,pos,landsat,2.0,1256.64,13967,78.93,0.062791,384.12,0.305577,13.95,0.011098,769.68,0.6123,10.35,0.008234
ctrl-ascenty-paulinia-p02,controle,ascenty-paulinia,2016,pre,landsat,3.0,2827.43,31433,288.72,0.102058,948.69,0.335348,26.28,0.00929,1485.54,0.525117,79.74,0.028187
ctrl-ascenty-paulinia-p02,controle,ascenty-paulinia,2017,pre,landsat,3.0,2827.43,31433,276.57,0.097763,1005.84,0.35555,23.76,0.008399,1474.74,0.521299,48.06,0.016989
ctrl-ascenty-paulinia-p02,controle,ascenty-paulinia,2018,pre,landsat,3.0,2827.43,31433,332.28,0.117456,1003.05,0.354564,25.47,0.009003,1431.99,0.506188,36.18,0.012789
ctrl-ascenty-paulinia-p02,controle,ascenty-paulinia,2019,durante,landsat,3.0,2827.43,31433,371.34,0.131263,976.41,0.345147,20.97,0.007413,1418.22,0.50132,42.03,0.014857
ctrl-ascenty-paulinia-p02,controle,ascenty-paulinia,2020,pos,landsat,3.0,2827.43,31433,312.12,0.11033,996.75,0.352337,20.79,0.007349,1455.39,0.514459,43.92,0.015525
ctrl-ascenty-paulinia-p02,controle,ascenty-paulinia,2021,pos,landsat,3.0,2827.43,31433,194.67,0.068813,1032.84,0.365094,25.65,0.009067,1542.51,0.545255,33.3,0.011771
ctrl-ascenty-paulinia-p02,controle,ascenty-paulinia,2022,pos,landsat,3.0,2827.43,31433,262.26,0.092705,1005.66,0.355486,24.84,0.008781,1494.0,0.528107,42.21,0.014921
ctrl-ascenty-paulinia-p02,controle,ascenty-paulinia,2016,pre,landsat,5.0,7853.98,87313,762.21,0.096996,3516.3,0.447471,66.87,0.00851,3060.54,0.389472,452.25,0.057552
ctrl-ascenty-paulinia-p02,controle,ascenty-paulinia,2017,pre,landsat,5.0,7853.98,87313,680.58,0.086608,3623.67,0.461134,50.67,0.006448,3088.71,0.393057,414.54,0.052753
ctrl-ascenty-paulinia-p02,controle,ascenty-paulinia,2018,pre,landsat,5.0,7853.98,87313,845.1,0.107544,3591.9,0.457091,58.59,0.007456,3104.28,0.395039,258.3,0.03287
ctrl-ascenty-paulinia-p02,controle,ascenty-paulinia,2019,durante,landsat,5.0,7853.98,87313,962.01,0.122422,3415.59,0.434655,47.34,0.006024,3044.7,0.387457,388.53,0.049443
ctrl-ascenty-paulinia-p02,controle,ascenty-paulinia,2020,pos,landsat,5.0,7853.98,87313,701.1,0.089219,3631.95,0.462188,52.38,0.006666,3079.62,0.3919,393.12,0.050027
ctrl-ascenty-paulinia-p02,controle,ascenty-paulinia,2021,pos,landsat,5.0,7853.98,87313,387.72,0.04934,3533.58,0.44967,62.37,0.007937,3493.08,0.444516,381.42,0.048538
ctrl-ascenty-paulinia-p02,controle,ascenty-paulinia,2022,pos,landsat,5.0,7853.98,87313,537.12,0.068352,3656.43,0.465303,53.46,0.006803,3210.21,0.408519,400.95,0.051023
ascenty-paulinia,tratamento,ascenty-paulinia,2016,pre,landsat,0.5,78.54,877,0.63,0.007982,24.3,0.307868,1.35,0.017104,52.38,0.663626,0.27,0.003421
ascenty-paulinia,tratamento,ascenty-paulinia,2017,pre,landsat,0.5,78.54,877,0.9,0.011403,25.47,0.322691,1.8,0.022805,50.76,0.643101,0.0,0.0
ascenty-paulinia,tratamento,ascenty-paulinia,2018,pre,landsat,0.5,78.54,877,1.44,0.018244,28.08,0.355758,2.07,0.026226,47.34,0.599772,0.0,0.0
ascenty-paulinia,tratamento,ascenty-paulinia,2019,durante,landsat,0.5,78.54,877,2.43,0.030787,19.44,0.246294,1.44,0.018244,55.53,0.703535,0.09,0.00114
ascenty-paulinia,tratamento,ascenty-paulinia,2020,pos,landsat,0.5,78.54,877,1.98,0.025086,17.28,0.218928,1.71,0.021665,57.96,0.734322,0.0,0.0
ascenty-paulinia,tratamento,ascenty-paulinia,2021,pos,landsat,0.5,78.54,877,1.17,0.014823,17.91,0.22691,1.35,0.017104,58.5,0.741163,0.0,0.0
ascenty-paulinia,tratamento,ascenty-paulinia,2022,pos,landsat,0.5,78.54,877,1.98,0.025086,18.18,0.230331,1.17,0.014823,57.51,0.72862,0.09,0.00114
ascenty-paulinia,tratamento,ascenty-paulinia,2016,pre,landsat,1.0,314.16,3487,4.68,0.014913,106.11,0.338113,9.45,0.030112,192.24,0.612561,1.35,0.004302
ascenty-paulinia,tratamento,ascenty-paulinia,2017,pre,landsat,1.0,314.16,3487,4.32,0.013765,104.94,0.334385,10.98,0.034987,192.33,0.612848,1.26,0.004015
ascenty-paulinia,tratamento,ascenty-paulinia,2018,pre,landsat,1.0,314.16,3487,5.58,0.01778,96.93,0.308861,11.7,0.037281,198.63,0.632922,0.99,0.003155
ascenty-paulinia,tratamento,ascenty-paulinia,2019,durante,landsat,1.0,314.16,3487,9.18,0.029252,98.91,0.315171,10.35,0.03298,194.04,0.618297,1.35,0.004302
ascenty-paulinia,tratamento,ascenty-paulinia,2020,pos,landsat,1.0,314.16,3487,7.2,0.022942,92.43,0.294523,8.55,0.027244,204.57,0.65185,1.08,0.003441
ascenty-paulinia,tratamento,ascenty-paulinia,2021,pos,landsat,1.0,314.16,3487,4.59,0.014626,73.26,0.233438,8.01,0.025523,226.8,0.722684,1.17,0.003728
ascenty-paulinia,tratamento,ascenty-paulinia,2022,pos,landsat,1.0,314.16,3487,8.01,0.025523,80.91,0.257815,6.57,0.020935,217.26,0.692286,1.08,0.003441
ascenty-paulinia,tratamento,ascenty-paulinia,2016,pre,landsat,1.5,706.86,7858,14.04,0.019852,271.98,0.384576,19.35,0.027361,391.41,0.553449,10.44,0.014762
ascenty-paulinia,tratamento,ascenty-paulinia,2017,pre,landsat,1.5,706.86,7858,15.75,0.02227,272.88,0.385849,24.39,0.034487,384.66,0.543904,9.54,0.013489
ascenty-paulinia,tratamento,ascenty-paulinia,2018,pre,landsat,1.5,706.86,7858,19.26,0.027233,268.11,0.379104,26.28,0.03716,383.76,0.542632,9.81,0.013871
ascenty-paulinia,tratamento,ascenty-paulinia,2019,durante,landsat,1.5,706.86,7858,38.25,0.054085,275.04,0.388903,21.24,0.030033,362.97,0.513235,9.72,0.013744
ascenty-paulinia,tratamento,ascenty-paulinia,2020,pos,landsat,1.5,706.86,7858,24.93,0.035251,258.66,0.365742,18.9,0.026724,394.38,0.557648,10.35,0.014635
ascenty-paulinia,tratamento,ascenty-paulinia,2021,pos,landsat,1.5,706.86,7858,13.5,0.019089,242.28,0.342581,21.24,0.030033,421.74,0.596335,8.46,0.011962
ascenty-paulinia,tratamento,ascenty-paulinia,2022,pos,landsat,1.5,706.86,7858,21.69,0.030669,258.84,0.365996,15.21,0.021507,403.29,0.570247,8.19,0.011581
ascenty-paulinia,tratamento,ascenty-paulinia,2016,pre,landsat,2.0,1256.64,13973,37.44,0.029772,566.46,0.45044,21.6,0.017176,619.11,0.492307,12.96,0.010306
ascenty-paulinia,tratamento,ascenty-paulinia,2017,pre,landsat,2.0,1256.64,13973,41.49,0.032992,591.48,0.470336,27.81,0.022114,585.09,0.465254,11.7,0.009304
ascenty-paulinia,tratamento,ascenty-paulinia,2018,pre,landsat,2.0,1256.64,13973,56.7,0.045087,572.58,0.455307,31.41,0.024977,584.64,0.464897,12.24,0.009733
ascenty-paulinia,tratamento,ascenty-paulinia,2019,durante,landsat,2.0,1256.64,13973,117.63,0.093538,595.26,0.473341,24.12,0.01918,508.32,0.404208,12.24,0.009733
ascenty-paulinia,tratamento,ascenty-paulinia,2020,pos,landsat,2.0,1256.64,13973,71.64,0.056967,572.04,0.454877,23.85,0.018965,578.34,0.459887,11.7,0.009304
ascenty-paulinia,tratamento,ascenty-paulinia,2021,pos,landsat,2.0,1256.64,13973,29.34,0.023331,556.2,0.442282,25.11,0.019967,637.11,0.50662,9.81,0.007801
ascenty-paulinia,tratamento,ascenty-paulinia,2022,pos,landsat,2.0,1256.64,13973,51.12,0.04065,590.13,0.469262,20.07,0.015959,586.17,0.466113,10.08,0.008015
ascenty-paulinia,tratamento,ascenty-paulinia,2016,pre,landsat,3.0,2827.43,31438,153.72,0.054329,1382.85,0.48874,31.77,0.011228,1226.43,0.433456,34.65,0.012246
ascenty-paulinia,tratamento,ascenty-paulinia,2017,pre,landsat,3.0,2827.43,31438,158.4,0.055983,1506.15,0.532318,42.03,0.014855,1089.18,0.384948,33.66,0.011896
ascenty-paulinia,tratamento,ascenty-paulinia,2018,pre,landsat,3.0,2827.43,31438,177.3,0.062663,1433.7,0.506712,41.04,0.014505,1145.43,0.404829,31.95,0.011292
ascenty-paulinia,tratamento,ascenty-paulinia,2019,durante,landsat,3.0,2827.43,31438,337.68,0.119346,1476.63,0.521884,30.06,0.010624,952.2,0.336535,32.85,0.01161
ascenty-paulinia,tratamento,ascenty-paulinia,2020,pos,landsat,3.0,2827.43,31438,206.37,0.072937,1446.84,0.511356,33.12,0.011706,1111.32,0.392773,31.77,0.011228
ascenty-paulinia,tratamento,ascenty-paulinia,2021,pos,landsat,3.0,2827.43,31438,122.4,0.04326,1416.06,0.500477,41.22,0.014568,1220.4,0.431325,29.34,0.01037
ascenty-paulinia,tratamento,ascenty-paulinia,2022,pos,landsat,3.0,2827.43,31438,161.55,0.057097,1511.46,0.534194,40.32,0.01425,1087.29,0.38428,28.8,0.010179
ascenty-paulinia,tratamento,ascenty-paulinia,2016,pre,landsat,5.0,7853.98,87304,515.97,0.065667,3989.34,0.50772,76.05,0.009679,3210.12,0.408549,65.88,0.008384
ascenty-paulinia,tratamento,ascenty-paulinia,2017,pre,landsat,5.0,7853.98,87304,549.36,0.069917,4114.44,0.523642,80.1,0.010194,3052.62,0.388505,60.84,0.007743
ascenty-paulinia,tratamento,ascenty-paulinia,2018,pre,landsat,5.0,7853.98,87304,608.76,0.077476,3895.83,0.495819,77.67,0.009885,3220.47,0.409867,54.63,0.006953
ascenty-paulinia,tratamento,ascenty-paulinia,2019,durante,landsat,5.0,7853.98,87304,915.57,0.116524,4064.94,0.517342,52.83,0.006724,2767.77,0.352252,56.25,0.007159
ascenty-paulinia,tratamento,ascenty-paulinia,2020,pos,landsat,5.0,7853.98,87304,666.9,0.084876,4041.63,0.514375,59.4,0.00756,3035.16,0.386282,54.27,0.006907
ascenty-paulinia,tratamento,ascenty-paulinia,2021,pos,landsat,5.0,7853.98,87304,446.94,0.056882,3921.21,0.499049,97.65,0.012428,3344.49,0.425651,47.07,0.005991
ascenty-paulinia,tratamento,ascenty-paulinia,2022,pos,landsat,5.0,7853.98,87304,533.52,0.067901,4031.46,0.513081,93.51,0.011901,3153.42,0.401333,45.45,0.005784
ctrl-ascenty-sumare-p01,controle,ascenty-sumare,2014,pre,landsat,0.5,78.54,874,2.43,0.030892,21.87,0.278032,3.06,0.038902,50.76,0.645309,0.54,0.006865
ctrl-ascenty-sumare-p01,controle,ascenty-sumare,2015,pre,landsat,0.5,78.54,874,3.69,0.046911,26.91,0.342105,0.72,0.009153,46.89,0.59611,0.45,0.005721
ctrl-ascenty-sumare-p01,controle,ascenty-sumare,2016,pre,landsat,0.5,78.54,874,5.13,0.065217,24.3,0.308924,0.18,0.002288,48.69,0.618993,0.36,0.004577
ctrl-ascenty-sumare-p01,controle,ascenty-sumare,2017,durante,landsat,0.5,78.54,874,4.5,0.057208,19.26,0.244851,0.54,0.006865,54.18,0.688787,0.18,0.002288
ctrl-ascenty-sumare-p01,controle,ascenty-sumare,2018,durante,landsat,0.5,78.54,874,5.58,0.070938,18.09,0.229977,1.17,0.014874,53.64,0.681922,0.18,0.002288
ctrl-ascenty-sumare-p01,controle,ascenty-sumare,2019,durante,landsat,0.5,78.54,874,8.1,0.102975,17.01,0.216247,0.36,0.004577,53.1,0.675057,0.09,0.001144
ctrl-ascenty-sumare-p01,controle,ascenty-sumare,2020,pos,landsat,0.5,78.54,874,5.94,0.075515,17.37,0.220824,0.54,0.006865,54.81,0.696796,0.0,0.0
ctrl-ascenty-sumare-p01,controle,ascenty-sumare,2014,pre,landsat,1.0,314.16,3485,10.62,0.033859,160.74,0.512482,7.2,0.022956,133.65,0.426112,1.44,0.004591
ctrl-ascenty-sumare-p01,controle,ascenty-sumare,2015,pre,landsat,1.0,314.16,3485,21.33,0.068006,154.62,0.49297,5.22,0.016643,130.86,0.417217,1.62,0.005165
ctrl-ascenty-sumare-p01,controle,ascenty-sumare,2016,pre,landsat,1.0,314.16,3485,20.25,0.064562,149.94,0.478049,2.25,0.007174,139.77,0.445624,1.44,0.004591
ctrl-ascenty-sumare-p01,controle,ascenty-sumare,2017,durante,landsat,1.0,314.16,3485,14.4,0.045911,151.02,0.481492,2.16,0.006887,144.72,0.461406,1.35,0.004304
ctrl-ascenty-sumare-p01,controle,ascenty-sumare,2018,durante,landsat,1.0,314.16,3485,18.45,0.058824,147.78,0.471162,3.24,0.01033,142.47,0.454232,1.71,0.005452
ctrl-ascenty-sumare-p01,controle,ascenty-sumare,2019,durante,landsat,1.0,314.16,3485,41.76,0.133142,130.59,0.416356,0.72,0.002296,139.14,0.443615,1.44,0.004591
ctrl-ascenty-sumare-p01,controle,ascenty-sumare,2020,pos,landsat,1.0,314.16,3485,23.04,0.073458,139.59,0.44505,1.53,0.004878,148.68,0.474032,0.81,0.002582
ctrl-ascenty-sumare-p01,controle,ascenty-sumare,2014,pre,landsat,1.5,706.86,7863,48.69,0.068803,375.84,0.531095,9.63,0.013608,269.55,0.380898,3.96,0.005596
ctrl-ascenty-sumare-p01,controle,ascenty-sumare,2015,pre,landsat,1.5,706.86,7863,83.88,0.11853,349.47,0.493832,7.11,0.010047,262.62,0.371105,4.59,0.006486
ctrl-ascenty-sumare-p01,controle,ascenty-sumare,2016,pre,landsat,1.5,706.86,7863,73.08,0.103268,345.33,0.487982,3.6,0.005087,281.34,0.397558,4.32,0.006105
ctrl-ascenty-sumare-p01,controle,ascenty-sumare,2017,durante,landsat,1.5,706.86,7863,60.84,0.085972,348.66,0.492687,3.33,0.004706,290.61,0.410658,4.23,0.005977
ctrl-ascenty-sumare-p01,controle,ascenty-sumare,2018,durante,landsat,1.5,706.86,7863,65.7,0.09284,344.34,0.486583,5.58,0.007885,287.1,0.405698,4.95,0.006995
ctrl-ascenty-sumare-p01,controle,ascenty-sumare,2019,durante,landsat,1.5,706.86,7863,115.11,0.162661,307.98,0.435203,1.17,0.001653,279.63,0.395142,3.78,0.005341
ctrl-ascenty-sumare-p01,controle,ascenty-sumare,2020,pos,landsat,1.5,706.86,7863,73.53,0.103904,322.11,0.45517,8.73,0.012336,299.88,0.423757,3.42,0.004833
ctrl-ascenty-sumare-p01,controle,ascenty-sumare,2014,pre,landsat,2.0,1256.64,13980,85.32,0.067811,697.86,0.554649,14.85,0.011803,439.29,0.349142,20.88,0.016595
ctrl-ascenty-sumare-p01,controle,ascenty-sumare,2015,pre,landsat,2.0,1256.64,13980,148.5,0.118026,656.01,0.521388,9.45,0.007511,421.2,0.334764,23.04,0.018312
ctrl-ascenty-sumare-p01,controle,ascenty-sumare,2016,pre,landsat,2.0,1256.64,13980,121.68,0.09671,660.6,0.525036,5.13,0.004077,447.3,0.355508,23.49,0.01867
ctrl-ascenty-sumare-p01,controle,ascenty-sumare,2017,durante,landsat,2.0,1256.64,13980,110.25,0.087625,648.09,0.515093,8.28,0.006581,468.18,0.372103,23.4,0.018598
ctrl-ascenty-sumare-p01,controle,ascenty-sumare,2018,durante,landsat,2.0,1256.64,13980,107.82,0.085694,644.22,0.512017,13.86,0.011016,468.09,0.372031,24.21,0.019242
ctrl-ascenty-sumare-p01,controle,ascenty-sumare,2019,durante,landsat,2.0,1256.64,13980,195.93,0.155722,576.45,0.458155,2.7,0.002146,460.08,0.365665,23.04,0.018312
ctrl-ascenty-sumare-p01,controle,ascenty-sumare,2020,pos,landsat,2.0,1256.64,13980,119.61,0.095064,601.74,0.478255,14.4,0.011445,496.71,0.394778,25.74,0.020458
ctrl-ascenty-sumare-p01,controle,ascenty-sumare,2014,pre,landsat,3.0,2827.43,31442,214.11,0.075663,1606.86,0.567839,29.52,0.010432,946.98,0.334648,32.31,0.011418
ctrl-ascenty-sumare-p01,controle,ascenty-sumare,2015,pre,landsat,3.0,2827.43,31442,367.29,0.129795,1501.11,0.530469,15.75,0.005566,910.89,0.321894,34.74,0.012277
ctrl-ascenty-sumare-p01,controle,ascenty-sumare,2016,pre,landsat,3.0,2827.43,31442,291.6,0.103047,1542.69,0.545163,9.54,0.003371,950.13,0.335761,35.82,0.012658
ctrl-ascenty-sumare-p01,controle,ascenty-sumare,2017,durante,landsat,3.0,2827.43,31442,272.43,0.096273,1480.05,0.523027,27.0,0.009541,1015.47,0.358851,34.83,0.012308
ctrl-ascenty-sumare-p01,controle,ascenty-sumare,2018,durante,landsat,3.0,2827.43,31442,247.14,0.087335,1544.76,0.545894,20.88,0.007379,981.54,0.346861,35.46,0.012531
ctrl-ascenty-sumare-p01,controle,ascenty-sumare,2019,durante,landsat,3.0,2827.43,31442,469.53,0.165925,1374.12,0.485593,6.12,0.002163,945.9,0.334266,34.11,0.012054
ctrl-ascenty-sumare-p01,controle,ascenty-sumare,2020,pos,landsat,3.0,2827.43,31442,293.31,0.103651,1465.92,0.518033,21.96,0.00776,1011.87,0.357579,36.72,0.012976
ctrl-ascenty-sumare-p01,controle,ascenty-sumare,2014,pre,landsat,5.0,7853.98,87320,632.07,0.080428,4757.94,0.605428,61.38,0.00781,2336.4,0.297297,71.01,0.009036
ctrl-ascenty-sumare-p01,controle,ascenty-sumare,2015,pre,landsat,5.0,7853.98,87320,1028.52,0.130875,4512.87,0.574244,38.07,0.004844,2189.7,0.27863,89.64,0.011406
ctrl-ascenty-sumare-p01,controle,ascenty-sumare,2016,pre,landsat,5.0,7853.98,87320,767.25,0.097629,4617.18,0.587517,28.98,0.003688,2339.37,0.297675,106.02,0.013491
ctrl-ascenty-sumare-p01,controle,ascenty-sumare,2017,durante,landsat,5.0,7853.98,87320,732.33,0.093186,4409.37,0.561074,103.23,0.013136,2507.31,0.319045,106.56,0.013559
ctrl-ascenty-sumare-p01,controle,ascenty-sumare,2018,durante,landsat,5.0,7853.98,87320,679.05,0.086406,4595.49,0.584757,53.1,0.006757,2424.87,0.308555,106.29,0.013525
ctrl-ascenty-sumare-p01,controle,ascenty-sumare,2019,durante,landsat,5.0,7853.98,87320,1248.21,0.15883,4189.41,0.533085,19.53,0.002485,2290.95,0.291514,110.7,0.014086
ctrl-ascenty-sumare-p01,controle,ascenty-sumare,2020,pos,landsat,5.0,7853.98,87320,818.55,0.104157,4466.88,0.568392,44.28,0.005634,2422.53,0.308257,106.56,0.013559
ascenty-sumare,tratamento,ascenty-sumare,2014,pre,landsat,0.5,78.54,871,0.72,0.009185,5.4,0.068886,3.6,0.045924,68.58,0.874856,0.09,0.001148
ascenty-sumare,tratamento,ascenty-sumare,2015,pre,landsat,0.5,78.54,871,2.52,0.032147,4.77,0.06085,1.53,0.019518,69.57,0.887486,0.0,0.0
ascenty-sumare,tratamento,ascenty-sumare,2016,pre,landsat,0.5,78.54,871,2.34,0.029851,3.87,0.049369,0.81,0.010333,71.37,0.910448,0.0,0.0
ascenty-sumare,tratamento,ascenty-sumare,2017,durante,landsat,0.5,78.54,871,2.25,0.028703,3.69,0.047072,0.54,0.006889,71.91,0.917336,0.0,0.0
ascenty-sumare,tratamento,ascenty-sumare,2018,durante,landsat,0.5,78.54,871,1.98,0.025258,4.86,0.061998,0.63,0.008037,70.92,0.904707,0.0,0.0
ascenty-sumare,tratamento,ascenty-sumare,2019,durante,landsat,0.5,78.54,871,2.7,0.034443,3.42,0.043628,0.18,0.002296,72.09,0.919633,0.0,0.0
ascenty-sumare,tratamento,ascenty-sumare,2020,pos,landsat,0.5,78.54,871,1.17,0.014925,5.22,0.06659,0.27,0.003444,71.55,0.912744,0.18,0.002296
ascenty-sumare,tratamento,ascenty-sumare,2014,pre,landsat,1.0,314.16,3491,10.53,0.033515,80.64,0.25666,10.35,0.032942,212.4,0.676024,0.27,0.000859
ascenty-sumare,tratamento,ascenty-sumare,2015,pre,landsat,1.0,314.16,3491,18.36,0.058436,84.15,0.267832,2.52,0.008021,209.16,0.665712,0.0,0.0
ascenty-sumare,tratamento,ascenty-sumare,2016,pre,landsat,1.0,314.16,3491,15.3,0.048697,87.12,0.277284,2.07,0.006588,209.52,0.666858,0.18,0.000573
ascenty-sumare,tratamento,ascenty-sumare,2017,durante,landsat,1.0,314.16,3491,15.3,0.048697,81.18,0.258379,2.7,0.008594,214.92,0.684045,0.09,0.000286
ascenty-sumare,tratamento,ascenty-sumare,2018,durante,landsat,1.0,314.16,3491,15.3,0.048697,81.81,0.260384,1.98,0.006302,215.1,0.684618,0.0,0.0
ascenty-sumare,tratamento,ascenty-sumare,2019,durante,landsat,1.0,314.16,3491,22.5,0.071613,90.45,0.287883,1.35,0.004297,199.89,0.636207,0.0,0.0
ascenty-sumare,tratamento,ascenty-sumare,2020,pos,landsat,1.0,314.16,3491,14.04,0.044686,82.08,0.261243,1.89,0.006015,215.91,0.687196,0.27,0.000859
ascenty-sumare,tratamento,ascenty-sumare,2014,pre,landsat,1.5,706.86,7857,19.8,0.028001,240.39,0.339952,21.24,0.030037,425.43,0.601629,0.27,0.000382
ascenty-sumare,tratamento,ascenty-sumare,2015,pre,landsat,1.5,706.86,7857,33.84,0.047855,244.89,0.346315,10.17,0.014382,418.14,0.59132,0.09,0.000127
ascenty-sumare,tratamento,ascenty-sumare,2016,pre,landsat,1.5,706.86,7857,25.29,0.035764,257.67,0.364388,9.54,0.013491,414.36,0.585974,0.27,0.000382
ascenty-sumare,tratamento,ascenty-sumare,2017,durante,landsat,1.5,706.86,7857,25.29,0.035764,240.03,0.339443,9.72,0.013746,432.0,0.61092,0.09,0.000127
ascenty-sumare,tratamento,ascenty-sumare,2018,durante,landsat,1.5,706.86,7857,24.84,0.035128,242.73,0.343261,9.99,0.014128,429.57,0.607484,0.0,0.0
ascenty-sumare,tratamento,ascenty-sumare,2019,durante,landsat,1.5,706.86,7857,45.54,0.064401,247.41,0.349879,7.02,0.009927,407.16,0.575792,0.0,0.0
ascenty-sumare,tratamento,ascenty-sumare,2020,pos,landsat,1.5,706.86,7857,27.0,0.038183,244.98,0.346443,8.82,0.012473,426.06,0.60252,0.27,0.000382
ascenty-sumare,tratamento,ascenty-sumare,2014,pre,landsat,2.0,1256.64,13967,35.37,0.028138,478.89,0.380969,34.83,0.027708,707.04,0.562469,0.9,0.000716
ascenty-sumare,tratamento,ascenty-sumare,2015,pre,landsat,2.0,1256.64,13967,65.52,0.052123,496.8,0.395217,18.27,0.014534,675.9,0.537696,0.54,0.00043
ascenty-sumare,tratamento,ascenty-sumare,2016,pre,landsat,2.0,1256.64,13967,50.76,0.040381,510.03,0.405742,17.55,0.013961,677.97,0.539343,0.72,0.000573
ascenty-sumare,tratamento,ascenty-sumare,2017,durante,landsat,2.0,1256.64,13967,48.6,0.038663,491.31,0.39085,18.0,0.014319,698.76,0.555882,0.36,0.000286
ascenty-sumare,tratamento,ascenty-sumare,2018,durante,landsat,2.0,1256.64,13967,46.53,0.037016,500.58,0.398224,17.55,0.013961,691.74,0.550297,0.63,0.000501
ascenty-sumare,tratamento,ascenty-sumare,2019,durante,landsat,2.0,1256.64,13967,86.31,0.068662,479.97,0.381829,13.77,0.010954,676.53,0.538197,0.45,0.000358
ascenty-sumare,tratamento,ascenty-sumare,2020,pos,landsat,2.0,1256.64,13967,53.19,0.042314,492.93,0.392139,17.01,0.013532,693.27,0.551514,0.63,0.000501
ascenty-sumare,tratamento,ascenty-sumare,2014,pre,landsat,3.0,2827.43,31429,80.28,0.028381,1204.56,0.425849,74.61,0.026377,1466.01,0.518279,3.15,0.001114
ascenty-sumare,tratamento,ascenty-sumare,2015,pre,landsat,3.0,2827.43,31429,158.31,0.055967,1255.77,0.443953,40.86,0.014445,1370.25,0.484425,3.42,0.001209
ascenty-sumare,tratamento,ascenty-sumare,2016,pre,landsat,3.0,2827.43,31429,117.9,0.041681,1163.61,0.411372,39.87,0.014095,1503.99,0.531706,3.24,0.001145
ascenty-sumare,tratamento,ascenty-sumare,2017,durante,landsat,3.0,2827.43,31429,104.04,0.036781,1180.26,0.417258,40.14,0.014191,1502.1,0.531038,2.07,0.000732
ascenty-sumare,tratamento,ascenty-sumare,2018,durante,landsat,3.0,2827.43,31429,98.19,0.034713,1259.73,0.445353,37.8,0.013363,1431.0,0.505902,1.89,0.000668
ascenty-sumare,tratamento,ascenty-sumare,2019,durante,landsat,3.0,2827.43,31429,191.79,0.067804,1204.2,0.425721,28.89,0.010213,1401.93,0.495625,1.8,0.000636
ascenty-sumare,tratamento,ascenty-sumare,2020,pos,landsat,3.0,2827.43,31429,109.53,0.038722,1119.15,0.395654,53.46,0.0189,1544.67,0.546088,1.8,0.000636
ascenty-sumare,tratamento,ascenty-sumare,2014,pre,landsat,5.0,7853.98,87305,206.19,0.026241,3768.12,0.47956,213.12,0.027123,3647.88,0.464257,22.14,0.002818
ascenty-sumare,tratamento,ascenty-sumare,2015,pre,landsat,5.0,7853.98,87312,375.12,0.047737,3922.56,0.499175,147.96,0.018829,3384.81,0.430743,27.63,0.003516
ascenty-sumare,tratamento,ascenty-sumare,2016,pre,landsat,5.0,7853.98,87312,265.77,0.033821,3706.74,0.471711,152.91,0.019459,3701.25,0.471012,31.41,0.003997
ascenty-sumare,tratamento,ascenty-sumare,2017,durante,landsat,5.0,7853.98,87312,238.95,0.030408,3445.47,0.438462,172.17,0.02191,3972.69,0.505555,28.8,0.003665
ascenty-sumare,tratamento,ascenty-sumare,2018,durante,landsat,5.0,7853.98,87312,252.09,0.03208,3682.71,0.468653,176.67,0.022483,3721.68,0.473612,24.93,0.003173
ascenty-sumare,tratamento,ascenty-sumare,2019,durante,landsat,5.0,7853.98,87311,449.64,0.057221,3708.09,0.471888,138.06,0.017569,3536.28,0.450023,25.92,0.003299
ascenty-sumare,tratamento,ascenty-sumare,2020,pos,landsat,5.0,7853.98,87312,286.38,0.036444,3608.1,0.459158,170.82,0.021738,3772.62,0.480094,20.16,0.002566
ctrl-ascenty-vinhedo-p02,controle,ascenty-vinhedo,2016,pre,landsat,0.5,78.54,874,0.27,0.003432,24.93,0.316934,0.18,0.002288,52.65,0.669336,0.63,0.008009
ctrl-ascenty-vinhedo-p02,controle,ascenty-vinhedo,2017,pre,landsat,0.5,78.54,874,0.36,0.004577,22.95,0.291762,0.18,0.002288,54.45,0.69222,0.72,0.009153
ctrl-ascenty-vinhedo-p02,controle,ascenty-vinhedo,2018,pre,landsat,0.5,78.54,874,0.63,0.008009,25.83,0.328375,0.0,0.0,51.66,0.656751,0.54,0.006865
ctrl-ascenty-vinhedo-p02,controle,ascenty-vinhedo,2019,durante,landsat,0.5,78.54,874,1.71,0.021739,31.32,0.398169,0.09,0.001144,44.82,0.569794,0.72,0.009153
ctrl-ascenty-vinhedo-p02,controle,ascenty-vinhedo,2020,durante,landsat,0.5,78.54,874,2.97,0.037757,29.97,0.381007,0.27,0.003432,44.73,0.56865,0.72,0.009153
ctrl-ascenty-vinhedo-p02,controle,ascenty-vinhedo,2021,pos,landsat,0.5,78.54,874,0.27,0.003432,22.32,0.283753,0.27,0.003432,55.44,0.704805,0.36,0.004577
ctrl-ascenty-vinhedo-p02,controle,ascenty-vinhedo,2022,pos,landsat,0.5,78.54,874,2.88,0.036613,24.12,0.306636,0.0,0.0,51.21,0.65103,0.45,0.005721
ctrl-ascenty-vinhedo-p02,controle,ascenty-vinhedo,2016,pre,landsat,1.0,314.16,3489,4.05,0.012898,151.65,0.482946,0.63,0.002006,155.52,0.495271,2.16,0.006879
ctrl-ascenty-vinhedo-p02,controle,ascenty-vinhedo,2017,pre,landsat,1.0,314.16,3489,2.79,0.008885,148.32,0.472342,0.54,0.00172,160.56,0.511321,1.8,0.005732
ctrl-ascenty-vinhedo-p02,controle,ascenty-vinhedo,2018,pre,landsat,1.0,314.16,3489,5.22,0.016624,162.18,0.51648,0.45,0.001433,144.09,0.458871,2.07,0.006592
ctrl-ascenty-vinhedo-p02,controle,ascenty-vinhedo,2019,durante,landsat,1.0,314.16,3489,10.89,0.03468,166.95,0.531671,0.18,0.000573,134.1,0.427056,1.89,0.006019
ctrl-ascenty-vinhedo-p02,controle,ascenty-vinhedo,2020,durante,landsat,1.0,314.16,3489,14.4,0.045858,161.01,0.512754,0.99,0.003153,135.09,0.430209,2.52,0.008025
ctrl-ascenty-vinhedo-p02,controle,ascenty-vinhedo,2021,pos,landsat,1.0,314.16,3489,1.44,0.004586,146.34,0.466036,0.81,0.00258,162.99,0.51906,2.43,0.007739
ctrl-ascenty-vinhedo-p02,controle,ascenty-vinhedo,2022,pos,landsat,1.0,314.16,3489,9.99,0.031814,143.28,0.456291,0.18,0.000573,158.67,0.505302,1.89,0.006019
ctrl-ascenty-vinhedo-p02,controle,ascenty-vinhedo,2016,pre,landsat,1.5,706.86,7856,15.3,0.02164,415.08,0.587067,2.88,0.004073,262.17,0.370799,11.61,0.016421
ctrl-ascenty-vinhedo-p02,controle,ascenty-vinhedo,2017,pre,landsat,1.5,706.86,7856,10.71,0.015148,417.42,0.590377,1.8,0.002546,266.31,0.376655,10.8,0.015275
ctrl-ascenty-vinhedo-p02,controle,ascenty-vinhedo,2018,pre,landsat,1.5,706.86,7856,15.57,0.022021,439.02,0.620927,1.35,0.001909,240.57,0.340249,10.53,0.014893
ctrl-ascenty-vinhedo-p02,controle,ascenty-vinhedo,2019,durante,landsat,1.5,706.86,7856,28.17,0.039842,442.89,0.6264,2.07,0.002928,222.03,0.314027,11.88,0.016802
ctrl-ascenty-vinhedo-p02,controle,ascenty-vinhedo,2020,durante,landsat,1.5,706.86,7856,34.92,0.049389,437.67,0.619017,2.43,0.003437,219.87,0.310973,12.15,0.017184
ctrl-ascenty-vinhedo-p02,controle,ascenty-vinhedo,2021,pos,landsat,1.5,706.86,7856,7.74,0.010947,422.82,0.598014,1.35,0.001909,265.32,0.375255,9.81,0.013875
ctrl-ascenty-vinhedo-p02,controle,ascenty-vinhedo,2022,pos,landsat,1.5,706.86,7856,24.48,0.034623,414.72,0.586558,0.72,0.001018,257.4,0.364053,9.72,0.013747
ctrl-ascenty-vinhedo-p02,controle,ascenty-vinhedo,2016,pre,landsat,2.0,1256.64,13972,40.23,0.031993,781.02,0.621099,4.68,0.003722,414.45,0.329588,17.1,0.013599
ctrl-ascenty-vinhedo-p02,controle,ascenty-vinhedo,2017,pre,landsat,2.0,1256.64,13972,27.72,0.022044,785.34,0.624535,2.97,0.002362,427.41,0.339894,14.04,0.011165
ctrl-ascenty-vinhedo-p02,controle,ascenty-vinhedo,2018,pre,landsat,2.0,1256.64,13972,41.58,0.033066,819.63,0.651804,2.52,0.002004,380.16,0.302319,13.59,0.010807
ctrl-ascenty-vinhedo-p02,controle,ascenty-vinhedo,2019,durante,landsat,2.0,1256.64,13972,66.78,0.053106,827.01,0.657672,2.79,0.002219,346.23,0.275336,14.67,0.011666
ctrl-ascenty-vinhedo-p02,controle,ascenty-vinhedo,2020,durante,landsat,2.0,1256.64,13972,78.21,0.062196,819.81,0.651947,4.05,0.003221,340.47,0.270756,14.94,0.011881
ctrl-ascenty-vinhedo-p02,controle,ascenty-vinhedo,2021,pos,landsat,2.0,1256.64,13972,18.99,0.015102,811.35,0.645219,3.24,0.002577,411.66,0.327369,12.24,0.009734
ctrl-ascenty-vinhedo-p02,controle,ascenty-vinhedo,2022,pos,landsat,2.0,1256.64,13972,55.98,0.044518,771.75,0.613727,2.88,0.00229,414.63,0.329731,12.24,0.009734
ctrl-ascenty-vinhedo-p02,controle,ascenty-vinhedo,2016,pre,landsat,3.0,2827.43,31428,152.19,0.053806,1931.49,0.682862,8.55,0.003023,709.56,0.250859,26.73,0.00945
ctrl-ascenty-vinhedo-p02,controle,ascenty-vinhedo,2017,pre,landsat,3.0,2827.43,31428,121.32,0.042892,1915.65,0.677262,14.22,0.005027,755.55,0.267118,21.78,0.0077
ctrl-ascenty-vinhedo-p02,controle,ascenty-vinhedo,2018,pre,landsat,3.0,2827.43,31428,149.58,0.052883,1995.48,0.705486,11.16,0.003946,650.88,0.230113,21.42,0.007573
ctrl-ascenty-vinhedo-p02,controle,ascenty-vinhedo,2019,durante,landsat,3.0,2827.43,31428,207.99,0.073533,2003.58,0.708349,22.77,0.00805,571.68,0.202113,22.5,0.007955
ctrl-ascenty-vinhedo-p02,controle,ascenty-vinhedo,2020,durante,landsat,3.0,2827.43,31428,231.48,0.081838,1987.38,0.702622,17.64,0.006236,568.53,0.200999,23.49,0.008305
ctrl-ascenty-vinhedo-p02,controle,ascenty-vinhedo,2021,pos,landsat,3.0,2827.43,31428,92.7,0.032773,1983.96,0.701413,14.58,0.005155,717.3,0.253596,19.98,0.007064
ctrl-ascenty-vinhedo-p02,controle,ascenty-vinhedo,2022,pos,landsat,3.0,2827.43,31428,189.54,0.06701,1859.4,0.657376,14.22,0.005027,744.66,0.263268,20.7,0.007318
ctrl-ascenty-vinhedo-p02,controle,ascenty-vinhedo,2016,pre,landsat,5.0,7853.98,87290,724.77,0.092256,5302.8,0.674991,34.47,0.004388,1672.11,0.212842,121.95,0.015523
ctrl-ascenty-vinhedo-p02,controle,ascenty-vinhedo,2017,pre,landsat,5.0,7853.98,87290,633.51,0.080639,5239.98,0.666995,50.49,0.006427,1824.93,0.232295,107.19,0.013644
ctrl-ascenty-vinhedo-p02,controle,ascenty-vinhedo,2018,pre,landsat,5.0,7853.98,87188,727.02,0.09265,5292.36,0.674451,45.72,0.005826,1680.48,0.214158,101.34,0.012915
ctrl-ascenty-vinhedo-p02,controle,ascenty-vinhedo,2019,durante,landsat,5.0,7853.98,87128,1013.04,0.129189,5185.35,0.661268,37.8,0.00482,1499.76,0.191259,105.57,0.013463
ctrl-ascenty-vinhedo-p02,controle,ascenty-vinhedo,2020,durante,landsat,5.0,7853.98,87126,1101.06,0.140417,5196.69,0.66273,34.29,0.004373,1407.87,0.179545,101.43,0.012935
ctrl-ascenty-vinhedo-p02,controle,ascenty-vinhedo,2021,pos,landsat,5.0,7853.98,87265,358.74,0.045677,5546.43,0.706205,53.1,0.006761,1808.01,0.230207,87.57,0.01115
ctrl-ascenty-vinhedo-p02,controle,ascenty-vinhedo,2022,pos,landsat,5.0,7853.98,87267,837.09,0.106581,5052.87,0.643347,52.2,0.006646,1818.63,0.231554,93.24,0.011872
ascenty-vinhedo,tratamento,ascenty-vinhedo,2016,pre,landsat,0.5,78.54,871,11.7,0.149254,42.39,0.540758,8.37,0.106774,14.94,0.190586,0.99,0.012629
ascenty-vinhedo,tratamento,ascenty-vinhedo,2017,pre,landsat,0.5,78.54,871,11.34,0.144661,43.02,0.548794,7.2,0.091848,15.93,0.203215,0.9,0.011481
ascenty-vinhedo,tratamento,ascenty-vinhedo,2018,pre,landsat,0.5,78.54,871,11.25,0.143513,43.74,0.557979,5.94,0.075775,16.56,0.211251,0.9,0.011481
ascenty-vinhedo,tratamento,ascenty-vinhedo,2019,durante,landsat,0.5,78.54,866,12.78,0.163972,40.59,0.520785,6.48,0.083141,17.37,0.222864,0.72,0.009238
ascenty-vinhedo,tratamento,ascenty-vinhedo,2020,durante,landsat,0.5,78.54,764,11.7,0.170157,37.08,0.539267,3.6,0.052356,15.66,0.227749,0.72,0.010471
ascenty-vinhedo,tratamento,ascenty-vinhedo,2021,pos,landsat,0.5,78.54,867,11.7,0.149942,37.98,0.486736,2.79,0.035755,24.84,0.318339,0.72,0.009227
ascenty-vinhedo,tratamento,ascenty-vinhedo,2022,pos,landsat,0.5,78.54,868,11.88,0.152074,39.33,0.503456,1.17,0.014977,25.11,0.321429,0.63,0.008065
ascenty-vinhedo,tratamento,ascenty-vinhedo,2016,pre,landsat,1.0,314.16,3497,31.41,0.0998,211.23,0.671147,14.22,0.045182,52.47,0.166714,5.4,0.017158
ascenty-vinhedo,tratamento,ascenty-vinhedo,2017,pre,landsat,1.0,314.16,3497,29.16,0.092651,213.75,0.679154,13.41,0.042608,53.82,0.171004,4.59,0.014584
ascenty-vinhedo,tratamento,ascenty-vinhedo,2018,pre,landsat,1.0,314.16,3497,28.98,0.092079,218.97,0.695739,10.35,0.032885,53.37,0.169574,3.06,0.009723
ascenty-vinhedo,tratamento,ascenty-vinhedo,2019,durante,landsat,1.0,314.16,3492,40.23,0.128007,211.05,0.671535,9.27,0.029496,49.95,0.158935,3.78,0.012027
ascenty-vinhedo,tratamento,ascenty-vinhedo,2020,durante,landsat,1.0,314.16,3390,34.83,0.114159,199.62,0.654277,15.84,0.051917,51.03,0.167257,3.78,0.012389
ascenty-vinhedo,tratamento,ascenty-vinhedo,2021,pos,landsat,1.0,314.16,3493,30.69,0.097624,202.32,0.643573,15.48,0.049241,62.73,0.199542,3.15,0.01002
ascenty-vinhedo,tratamento,ascenty-vinhedo,2022,pos,landsat,1.0,314.16,3494,34.29,0.109044,197.82,0.629078,5.4,0.017172,72.9,0.231826,4.05,0.012879
ascenty-vinhedo,tratamento,ascenty-vinhedo,2016,pre,landsat,1.5,706.86,7848,97.38,0.13787,436.59,0.618119,19.35,0.027396,146.61,0.207569,6.39,0.009047
ascenty-vinhedo,tratamento,ascenty-vinhedo,2017,pre,landsat,1.5,706.86,7851,93.06,0.131703,441.54,0.624889,22.68,0.032098,144.0,0.203796,5.31,0.007515
ascenty-vinhedo,tratamento,ascenty-vinhedo,2018,pre,landsat,1.5,706.86,7851,86.13,0.121895,447.66,0.63355,19.62,0.027767,149.76,0.211948,3.42,0.00484
ascenty-vinhedo,tratamento,ascenty-vinhedo,2019,durante,landsat,1.5,706.86,7846,130.41,0.18468,425.43,0.602473,13.23,0.018736,132.66,0.187866,4.41,0.006245
ascenty-vinhedo,tratamento,ascenty-vinhedo,2020,durante,landsat,1.5,706.86,7744,105.84,0.15186,430.2,0.617252,19.62,0.028151,137.16,0.196798,4.14,0.00594
ascenty-vinhedo,tratamento,ascenty-vinhedo,2021,pos,landsat,1.5,706.86,7847,101.07,0.143112,433.17,0.613355,19.62,0.027781,149.04,0.211036,3.33,0.004715
ascenty-vinhedo,tratamento,ascenty-vinhedo,2022,pos,landsat,1.5,706.86,7848,110.07,0.155836,429.39,0.607926,7.2,0.010194,154.89,0.219292,4.77,0.006753
ascenty-vinhedo,tratamento,ascenty-vinhedo,2016,pre,landsat,2.0,1256.64,13956,223.38,0.177845,724.41,0.576741,23.67,0.018845,274.14,0.218257,10.44,0.008312
ascenty-vinhedo,tratamento,ascenty-vinhedo,2017,pre,landsat,2.0,1256.64,13963,217.98,0.173458,731.97,0.582468,28.35,0.02256,269.28,0.214281,9.09,0.007233
ascenty-vinhedo,tratamento,ascenty-vinhedo,2018,pre,landsat,2.0,1256.64,13957,208.89,0.166296,743.85,0.592176,24.03,0.01913,272.34,0.216809,7.02,0.005589
ascenty-vinhedo,tratamento,ascenty-vinhedo,2019,durante,landsat,2.0,1256.64,13958,294.84,0.234704,694.8,0.553088,15.12,0.012036,243.36,0.193724,8.1,0.006448
ascenty-vinhedo,tratamento,ascenty-vinhedo,2020,durante,landsat,2.0,1256.64,13856,251.91,0.202006,720.0,0.577367,21.6,0.017321,245.88,0.197171,7.65,0.006135
ascenty-vinhedo,tratamento,ascenty-vinhedo,2021,pos,landsat,2.0,1256.64,13959,236.52,0.188266,724.32,0.576546,22.14,0.017623,266.67,0.212264,6.66,0.005301
ascenty-vinhedo,tratamento,ascenty-vinhedo,2022,pos,landsat,2.0,1256.64,13960,259.47,0.206519,709.65,0.564828,9.45,0.007521,269.1,0.214183,8.73,0.006948
ascenty-vinhedo,tratamento,ascenty-vinhedo,2016,pre,landsat,3.0,2827.43,31419,431.37,0.152551,1560.33,0.5518,50.13,0.017728,742.59,0.262612,43.29,0.015309
ascenty-vinhedo,tratamento,ascenty-vinhedo,2017,pre,landsat,3.0,2827.43,31426,412.92,0.145994,1566.0,0.553682,50.22,0.017756,758.97,0.268345,40.23,0.014224
ascenty-vinhedo,tratamento,ascenty-vinhedo,2018,pre,landsat,3.0,2827.43,31420,395.28,0.139784,1604.34,0.567346,37.62,0.013304,752.49,0.266104,38.07,0.013463
ascenty-vinhedo,tratamento,ascenty-vinhedo,2019,durante,landsat,3.0,2827.43,31421,594.72,0.210305,1496.07,0.529041,21.24,0.007511,677.34,0.239521,38.52,0.013621
ascenty-vinhedo,tratamento,ascenty-vinhedo,2020,durante,landsat,3.0,2827.43,31319,510.93,0.181264,1565.28,0.555318,28.44,0.01009,676.53,0.240014,37.53,0.013315
ascenty-vinhedo,tratamento,ascenty-vinhedo,2021,pos,landsat,3.0,2827.43,31422,452.34,0.159952,1555.38,0.549997,37.35,0.013207,748.44,0.264655,34.47,0.012189
ascenty-vinhedo,tratamento,ascenty-vinhedo,2022,pos,landsat,3.0,2827.43,31423,510.39,0.180473,1520.64,0.537695,15.66,0.005537,745.74,0.263692,35.64,0.012602
ascenty-vinhedo,tratamento,ascenty-vinhedo,2016,pre,landsat,5.0,7853.98,87260,1428.75,0.181928,4380.12,0.557736,80.64,0.010268,1865.52,0.237543,98.37,0.012526
ascenty-vinhedo,tratamento,ascenty-vinhedo,2017,pre,landsat,5.0,7853.98,87285,1341.63,0.170785,4389.57,0.558779,88.02,0.011205,1944.63,0.247545,91.8,0.011686
ascenty-vinhedo,tratamento,ascenty-vinhedo,2018,pre,landsat,5.0,7853.98,87269,1242.81,0.158235,4530.87,0.576872,74.7,0.009511,1919.16,0.244348,86.67,0.011035
ascenty-vinhedo,tratamento,ascenty-vinhedo,2019,durante,landsat,5.0,7853.98,87280,1839.06,0.23412,4126.5,0.525321,52.2,0.006645,1748.16,0.222548,89.28,0.011366
ascenty-vinhedo,tratamento,ascenty-vinhedo,2020,durante,landsat,5.0,7853.98,87178,1617.48,0.206153,4327.38,0.551538,82.08,0.010461,1729.71,0.220457,89.37,0.01139
ascenty-vinhedo,tratamento,ascenty-vinhedo,2021,pos,landsat,5.0,7853.98,87281,1305.27,0.166164,4333.23,0.551632,85.5,0.010884,2046.78,0.260561,84.51,0.010758
ascenty-vinhedo,tratamento,ascenty-vinhedo,2022,pos,landsat,5.0,7853.98,87279,1571.85,0.200105,4160.25,0.529623,49.41,0.00629,1987.74,0.253051,85.86,0.01093
ctrl-clickip-manaus-p01,controle,clickip-manaus,2020,pre,s2,0.5,78.54,8448,36.19,0.428385,48.2,0.570549,0.0,0.0,0.08,0.000947,0.01,0.000118
ctrl-clickip-manaus-p01,controle,clickip-manaus,2021,pre,s2,0.5,78.54,8448,58.01,0.686671,26.42,0.312737,0.03,0.000355,0.02,0.000237,0.0,0.0
ctrl-clickip-manaus-p01,controle,clickip-manaus,2022,pre,s2,0.5,78.54,8448,55.2,0.653409,29.27,0.346473,0.0,0.0,0.01,0.000118,0.0,0.0
ctrl-clickip-manaus-p01,controle,clickip-manaus,2023,durante,s2,0.5,78.54,8448,56.2,0.665246,28.25,0.334399,0.01,0.000118,0.02,0.000237,0.0,0.0
ctrl-clickip-manaus-p01,controle,clickip-manaus,2024,durante,s2,0.5,78.54,8448,65.63,0.77687,18.77,0.222183,0.02,0.000237,0.06,0.00071,0.0,0.0
ctrl-clickip-manaus-p01,controle,clickip-manaus,2025,pos,s2,0.5,78.54,8448,73.02,0.864347,11.35,0.134351,0.1,0.001184,0.01,0.000118,0.0,0.0
ctrl-clickip-manaus-p01,controle,clickip-manaus,2020,pre,s2,1.0,314.16,33742,190.18,0.56363,145.11,0.430057,0.79,0.002341,1.32,0.003912,0.02,5.9e-05
ctrl-clickip-manaus-p01,controle,clickip-manaus,2021,pre,s2,1.0,314.16,33742,234.32,0.694446,101.47,0.300723,0.62,0.001837,1.0,0.002964,0.01,3e-05
ctrl-clickip-manaus-p01,controle,clickip-manaus,2022,pre,s2,1.0,314.16,33742,227.6,0.67453,107.14,0.317527,0.52,0.001541,2.16,0.006402,0.0,0.0
ctrl-clickip-manaus-p01,controle,clickip-manaus,2023,durante,s2,1.0,314.16,33742,217.1,0.643412,117.45,0.348083,0.68,0.002015,2.19,0.00649,0.0,0.0
ctrl-clickip-manaus-p01,controle,clickip-manaus,2024,durante,s2,1.0,314.16,33742,228.64,0.677612,105.01,0.311215,0.71,0.002104,3.05,0.009039,0.01,3e-05
ctrl-clickip-manaus-p01,controle,clickip-manaus,2025,pos,s2,1.0,314.16,33742,261.64,0.775413,73.31,0.217266,0.61,0.001808,1.82,0.005394,0.04,0.000119
ctrl-clickip-manaus-p01,controle,clickip-manaus,2020,pre,s2,1.5,706.86,75864,434.51,0.572749,315.59,0.415994,2.92,0.003849,4.2,0.005536,1.42,0.001872
ctrl-clickip-manaus-p01,controle,clickip-manaus,2021,pre,s2,1.5,706.86,75864,480.81,0.633779,269.67,0.355465,2.49,0.003282,4.18,0.00551,1.49,0.001964
ctrl-clickip-manaus-p01,controle,clickip-manaus,2022,pre,s2,1.5,706.86,75864,477.19,0.629007,270.08,0.356005,2.28,0.003005,7.57,0.009978,1.52,0.002004
ctrl-clickip-manaus-p01,controle,clickip-manaus,2023,durante,s2,1.5,706.86,75864,436.98,0.576004,310.44,0.409206,2.46,0.003243,7.36,0.009702,1.4,0.001845
ctrl-clickip-manaus-p01,controle,clickip-manaus,2024,durante,s2,1.5,706.86,75864,469.18,0.618449,276.36,0.364283,3.21,0.004231,8.54,0.011257,1.35,0.00178
ctrl-clickip-manaus-p01,controle,clickip-manaus,2025,pos,s2,1.5,706.86,75864,539.8,0.711536,208.03,0.274214,1.97,0.002597,7.06,0.009306,1.78,0.002346
ctrl-clickip-manaus-p01,controle,clickip-manaus,2020,pre,s2,2.0,1256.64,134903,815.62,0.604597,512.38,0.379814,7.29,0.005404,10.14,0.007517,3.6,0.002669
ctrl-clickip-manaus-p01,controle,clickip-manaus,2021,pre,s2,2.0,1256.64,134903,873.08,0.647191,455.28,0.337487,6.4,0.004744,10.75,0.007969,3.52,0.002609
ctrl-clickip-manaus-p01,controle,clickip-manaus,2022,pre,s2,2.0,1256.64,134903,858.32,0.63625,458.94,0.3402,10.12,0.007502,18.47,0.013691,3.18,0.002357
ctrl-clickip-manaus-p01,controle,clickip-manaus,2023,durante,s2,2.0,1256.64,134903,817.98,0.606347,502.05,0.372156,8.89,0.00659,16.91,0.012535,3.2,0.002372
ctrl-clickip-manaus-p01,controle,clickip-manaus,2024,durante,s2,2.0,1256.64,134903,858.31,0.636242,454.9,0.337205,11.26,0.008347,21.35,0.015826,3.21,0.002379
ctrl-clickip-manaus-p01,controle,clickip-manaus,2025,pos,s2,2.0,1256.64,134903,951.17,0.705077,369.83,0.274145,8.55,0.006338,15.85,0.011749,3.63,0.002691
ctrl-clickip-manaus-p01,controle,clickip-manaus,2020,pre,s2,3.0,2827.43,303597,2048.35,0.674694,941.24,0.310029,16.75,0.005517,20.94,0.006897,8.69,0.002862
ctrl-clickip-manaus-p01,controle,clickip-manaus,2021,pre,s2,3.0,2827.43,303597,2112.63,0.695867,874.44,0.288027,14.11,0.004648,25.19,0.008297,9.6,0.003162
ctrl-clickip-manaus-p01,controle,clickip-manaus,2022,pre,s2,3.0,2827.43,303597,2060.8,0.678795,912.23,0.300474,20.06,0.006607,35.56,0.011713,7.32,0.002411
ctrl-clickip-manaus-p01,controle,clickip-manaus,2023,durante,s2,3.0,2827.43,303597,2003.56,0.659941,972.68,0.320385,17.58,0.005791,35.06,0.011548,7.09,0.002335
ctrl-clickip-manaus-p01,controle,clickip-manaus,2024,durante,s2,3.0,2827.43,303597,1991.22,0.655876,967.87,0.318801,23.51,0.007744,47.26,0.015567,6.11,0.002013
ctrl-clickip-manaus-p01,controle,clickip-manaus,2025,pos,s2,3.0,2827.43,303597,2148.17,0.707573,823.67,0.271304,17.64,0.00581,38.2,0.012582,8.29,0.002731
ctrl-clickip-manaus-p01,controle,clickip-manaus,2020,pre,s2,5.0,7853.98,831158,5880.98,0.707565,2190.67,0.263568,55.11,0.006631,57.24,0.006887,127.58,0.01535
ctrl-clickip-manaus-p01,controle,clickip-manaus,2021,pre,s2,5.0,7853.98,831158,5838.72,0.70248,2202.74,0.265021,55.22,0.006644,57.84,0.006959,157.06,0.018897
ctrl-clickip-manaus-p01,controle,clickip-manaus,2022,pre,s2,5.0,7853.98,831158,5841.52,0.702817,2203.04,0.265057,69.77,0.008394,77.81,0.009362,119.44,0.01437
ctrl-clickip-manaus-p01,controle,clickip-manaus,2023,durante,s2,5.0,7853.98,831158,5773.71,0.694659,2290.88,0.275625,57.86,0.006961,80.46,0.00968,108.67,0.013075
ctrl-clickip-manaus-p01,controle,clickip-manaus,2024,durante,s2,5.0,7853.98,831158,5741.53,0.690787,2314.82,0.278505,74.85,0.009006,97.05,0.011676,83.33,0.010026
ctrl-clickip-manaus-p01,controle,clickip-manaus,2025,pos,s2,5.0,7853.98,831158,6220.99,0.748473,1823.04,0.219337,51.21,0.006161,80.26,0.009656,136.08,0.016372
clickip-manaus,tratamento,clickip-manaus,2020,pre,s2,0.5,78.54,8410,1.92,0.02283,22.42,0.266587,15.63,0.18585,44.13,0.524732,0.0,0.0
clickip-manaus,tratamento,clickip-manaus,2021,pre,s2,0.5,78.54,8410,1.28,0.01522,23.35,0.277646,14.35,0.17063,45.11,0.536385,0.01,0.000119
clickip-manaus,tratamento,clickip-manaus,2022,pre,s2,0.5,78.54,8410,1.52,0.018074,13.89,0.165161,18.18,0.216171,50.51,0.600595,0.0,0.0
clickip-manaus,tratamento,clickip-manaus,2023,durante,s2,0.5,78.54,8410,2.08,0.024732,12.69,0.150892,18.77,0.223187,50.56,0.601189,0.0,0.0
clickip-manaus,tratamento,clickip-manaus,2024,durante,s2,0.5,78.54,8410,1.48,0.017598,15.76,0.187396,17.59,0.209156,49.27,0.58585,0.0,0.0
clickip-manaus,tratamento,clickip-manaus,2025,pos,s2,0.5,78.54,8410,1.96,0.023306,16.95,0.201546,15.36,0.18264,49.83,0.592509,0.0,0.0
clickip-manaus,tratamento,clickip-manaus,2020,pre,s2,1.0,314.16,33652,26.29,0.078123,70.99,0.210953,42.67,0.126798,196.56,0.584096,0.01,3e-05
clickip-manaus,tratamento,clickip-manaus,2021,pre,s2,1.0,314.16,33652,22.52,0.06692,75.95,0.225692,38.94,0.115714,199.1,0.591644,0.01,3e-05
clickip-manaus,tratamento,clickip-manaus,2022,pre,s2,1.0,314.16,33652,24.0,0.071318,56.26,0.167182,46.9,0.139368,209.36,0.622132,0.0,0.0
clickip-manaus,tratamento,clickip-manaus,2023,durante,s2,1.0,314.16,33652,20.86,0.061987,55.49,0.164894,48.94,0.14543,211.22,0.62766,0.01,3e-05
clickip-manaus,tratamento,clickip-manaus,2024,durante,s2,1.0,314.16,33652,24.36,0.072388,53.75,0.159723,45.55,0.135356,212.86,0.632533,0.0,0.0
clickip-manaus,tratamento,clickip-manaus,2025,pos,s2,1.0,314.16,33652,25.06,0.074468,60.09,0.178563,41.28,0.122667,210.04,0.624153,0.05,0.000149
clickip-manaus,tratamento,clickip-manaus,2020,pre,s2,1.5,706.86,75711,79.75,0.105335,190.67,0.251839,80.98,0.106959,405.35,0.535391,0.36,0.000475
clickip-manaus,tratamento,clickip-manaus,2021,pre,s2,1.5,706.86,75711,68.56,0.090555,199.76,0.263845,71.92,0.094993,416.5,0.550118,0.37,0.000489
clickip-manaus,tratamento,clickip-manaus,2022,pre,s2,1.5,706.86,75711,76.25,0.100712,160.07,0.211422,84.58,0.111714,435.79,0.575597,0.42,0.000555
clickip-manaus,tratamento,clickip-manaus,2023,durante,s2,1.5,706.86,75711,66.57,0.087926,157.65,0.208226,89.24,0.117869,443.43,0.585688,0.22,0.000291
clickip-manaus,tratamento,clickip-manaus,2024,durante,s2,1.5,706.86,75711,74.11,0.097885,149.23,0.197105,85.72,0.11322,447.76,0.591407,0.29,0.000383
clickip-manaus,tratamento,clickip-manaus,2025,pos,s2,1.5,706.86,75711,76.39,0.100897,160.21,0.211607,75.74,0.100038,444.25,0.586771,0.52,0.000687
clickip-manaus,tratamento,clickip-manaus,2020,pre,s2,2.0,1256.64,134619,112.37,0.083473,295.85,0.219768,133.86,0.099436,803.5,0.59687,0.61,0.000453
clickip-manaus,tratamento,clickip-manaus,2021,pre,s2,2.0,1256.64,134619,91.58,0.068029,313.93,0.233199,115.44,0.085753,824.44,0.612425,0.8,0.000594
clickip-manaus,tratamento,clickip-manaus,2022,pre,s2,2.0,1256.64,134619,100.45,0.074618,258.05,0.191689,133.91,0.099473,853.13,0.633737,0.65,0.000483
clickip-manaus,tratamento,clickip-manaus,2023,durante,s2,2.0,1256.64,134619,86.36,0.064151,251.59,0.18689,144.31,0.107199,863.53,0.641462,0.4,0.000297
clickip-manaus,tratamento,clickip-manaus,2024,durante,s2,2.0,1256.64,134619,96.37,0.071587,234.34,0.174076,144.21,0.107125,870.75,0.646825,0.52,0.000386
clickip-manaus,tratamento,clickip-manaus,2025,pos,s2,2.0,1256.64,134619,98.69,0.073311,251.05,0.186489,132.65,0.098537,863.01,0.641076,0.79,0.000587
clickip-manaus,tratamento,clickip-manaus,2020,pre,s2,3.0,2827.43,302869,310.27,0.102444,583.24,0.192572,288.49,0.095252,1844.91,0.609145,1.78,0.000588
clickip-manaus,tratamento,clickip-manaus,2021,pre,s2,3.0,2827.43,302869,272.31,0.08991,626.29,0.206786,242.39,0.080031,1885.95,0.622695,1.75,0.000578
clickip-manaus,tratamento,clickip-manaus,2022,pre,s2,3.0,2827.43,302869,287.91,0.095061,536.26,0.17706,270.36,0.089266,1932.82,0.63817,1.34,0.000442
clickip-manaus,tratamento,clickip-manaus,2023,durante,s2,3.0,2827.43,302869,247.0,0.081553,556.73,0.183819,270.06,0.089167,1954.15,0.645213,0.75,0.000248
clickip-manaus,tratamento,clickip-manaus,2024,durante,s2,3.0,2827.43,302869,299.74,0.098967,493.18,0.162836,272.57,0.089996,1962.35,0.64792,0.85,0.000281
clickip-manaus,tratamento,clickip-manaus,2025,pos,s2,3.0,2827.43,302869,295.47,0.097557,532.43,0.175795,256.09,0.084555,1943.26,0.641617,1.44,0.000475
clickip-manaus,tratamento,clickip-manaus,2020,pre,s2,5.0,7853.98,830594,1016.72,0.122409,1428.86,0.172029,770.81,0.092802,5082.33,0.611891,7.22,0.000869
clickip-manaus,tratamento,clickip-manaus,2021,pre,s2,5.0,7853.98,830594,946.02,0.113897,1515.36,0.182443,677.55,0.081574,5154.05,0.620526,12.96,0.00156
clickip-manaus,tratamento,clickip-manaus,2022,pre,s2,5.0,7853.98,830594,989.95,0.119186,1336.54,0.160914,710.73,0.085569,5262.31,0.63356,6.41,0.000772
clickip-manaus,tratamento,clickip-manaus,2023,durante,s2,5.0,7853.98,830594,879.02,0.10583,1403.41,0.168965,710.82,0.08558,5306.93,0.638932,5.76,0.000693
clickip-manaus,tratamento,clickip-manaus,2024,durante,s2,5.0,7853.98,830594,1006.85,0.12122,1233.25,0.148478,725.07,0.087295,5335.74,0.6424,5.03,0.000606
clickip-manaus,tratamento,clickip-manaus,2025,pos,s2,5.0,7853.98,830594,983.96,0.118465,1357.0,0.163377,691.63,0.083269,5265.79,0.633979,7.56,0.00091
ctrl-equinix-santana-parnaiba-p01,controle,equinix-santana-parnaiba,2017,pre,landsat,0.5,78.54,876,17.55,0.222603,50.67,0.642694,0.0,0.0,10.62,0.134703,0.0,0.0
ctrl-equinix-santana-parnaiba-p01,controle,equinix-santana-parnaiba,2018,pre,landsat,0.5,78.54,876,21.24,0.269406,48.06,0.609589,0.0,0.0,9.54,0.121005,0.0,0.0
ctrl-equinix-santana-parnaiba-p01,controle,equinix-santana-parnaiba,2019,pre,landsat,0.5,78.54,876,26.1,0.33105,43.02,0.545662,0.0,0.0,9.72,0.123288,0.0,0.0
ctrl-equinix-santana-parnaiba-p01,controle,equinix-santana-parnaiba,2020,durante,landsat,0.5,78.54,876,23.22,0.294521,46.08,0.584475,0.0,0.0,9.54,0.121005,0.0,0.0
ctrl-equinix-santana-parnaiba-p01,controle,equinix-santana-parnaiba,2021,durante,landsat,0.5,78.54,876,15.75,0.199772,45.54,0.577626,0.09,0.001142,17.46,0.221461,0.0,0.0
ctrl-equinix-santana-parnaiba-p01,controle,equinix-santana-parnaiba,2022,pos,landsat,0.5,78.54,876,21.78,0.276256,45.54,0.577626,0.0,0.0,11.52,0.146119,0.0,0.0
ctrl-equinix-santana-parnaiba-p01,controle,equinix-santana-parnaiba,2023,pos,landsat,0.5,78.54,876,24.03,0.304795,44.28,0.561644,0.0,0.0,10.53,0.133562,0.0,0.0
ctrl-equinix-santana-parnaiba-p01,controle,equinix-santana-parnaiba,2017,pre,landsat,1.0,314.16,3484,91.89,0.293054,185.13,0.590413,0.09,0.000287,36.36,0.115959,0.09,0.000287
ctrl-equinix-santana-parnaiba-p01,controle,equinix-santana-parnaiba,2018,pre,landsat,1.0,314.16,3484,100.08,0.319173,180.0,0.574053,0.0,0.0,33.48,0.106774,0.0,0.0
ctrl-equinix-santana-parnaiba-p01,controle,equinix-santana-parnaiba,2019,pre,landsat,1.0,314.16,3484,123.21,0.392939,156.87,0.500287,0.09,0.000287,33.3,0.1062,0.09,0.000287
ctrl-equinix-santana-parnaiba-p01,controle,equinix-santana-parnaiba,2020,durante,landsat,1.0,314.16,3484,100.08,0.319173,179.28,0.571757,0.09,0.000287,33.84,0.107922,0.27,0.000861
ctrl-equinix-santana-parnaiba-p01,controle,equinix-santana-parnaiba,2021,durante,landsat,1.0,314.16,3484,87.66,0.279564,162.99,0.519805,0.45,0.001435,62.19,0.198335,0.27,0.000861
ctrl-equinix-santana-parnaiba-p01,controle,equinix-santana-parnaiba,2022,pos,landsat,1.0,314.16,3484,102.24,0.326062,170.01,0.542193,0.0,0.0,40.86,0.13031,0.45,0.001435
ctrl-equinix-santana-parnaiba-p01,controle,equinix-santana-parnaiba,2023,pos,landsat,1.0,314.16,3484,110.7,0.353042,165.78,0.528703,0.0,0.0,36.36,0.115959,0.72,0.002296
ctrl-equinix-santana-parnaiba-p01,controle,equinix-santana-parnaiba,2017,pre,landsat,1.5,706.86,7854,292.05,0.413165,359.73,0.508913,0.09,0.000127,54.9,0.077667,0.09,0.000127
ctrl-equinix-santana-parnaiba-p01,controle,equinix-santana-parnaiba,2018,pre,landsat,1.5,706.86,7854,301.41,0.426407,353.43,0.5,0.36,0.000509,51.66,0.073084,0.0,0.0
ctrl-equinix-santana-parnaiba-p01,controle,equinix-santana-parnaiba,2019,pre,landsat,1.5,706.86,7854,340.83,0.482175,318.78,0.45098,0.36,0.000509,46.8,0.066208,0.09,0.000127
ctrl-equinix-santana-parnaiba-p01,controle,equinix-santana-parnaiba,2020,durante,landsat,1.5,706.86,7854,285.39,0.403743,356.94,0.504966,5.31,0.007512,58.68,0.083015,0.54,0.000764
ctrl-equinix-santana-parnaiba-p01,controle,equinix-santana-parnaiba,2021,durante,landsat,1.5,706.86,7854,236.88,0.335116,359.73,0.508913,19.44,0.027502,90.54,0.128088,0.27,0.000382
ctrl-equinix-santana-parnaiba-p01,controle,equinix-santana-parnaiba,2022,pos,landsat,1.5,706.86,7854,280.62,0.396995,344.61,0.487522,2.88,0.004074,76.95,0.108862,1.8,0.002546
ctrl-equinix-santana-parnaiba-p01,controle,equinix-santana-parnaiba,2023,pos,landsat,1.5,706.86,7854,297.09,0.420295,332.91,0.47097,0.09,0.000127,74.97,0.106061,1.8,0.002546
ctrl-equinix-santana-parnaiba-p01,controle,equinix-santana-parnaiba,2017,pre,landsat,2.0,1256.64,13964,610.02,0.485391,548.55,0.43648,11.61,0.009238,86.49,0.06882,0.09,7.2e-05
ctrl-equinix-santana-parnaiba-p01,controle,equinix-santana-parnaiba,2018,pre,landsat,2.0,1256.64,13964,605.7,0.481954,554.58,0.441278,9.18,0.007304,87.3,0.069464,0.0,0.0
ctrl-equinix-santana-parnaiba-p01,controle,equinix-santana-parnaiba,2019,pre,landsat,2.0,1256.64,13964,688.59,0.547909,480.78,0.382555,3.51,0.002793,83.7,0.0666,0.18,0.000143
ctrl-equinix-santana-parnaiba-p01,controle,equinix-santana-parnaiba,2020,durante,landsat,2.0,1256.64,13964,623.34,0.49599,521.1,0.414638,14.85,0.011816,96.93,0.077127,0.54,0.00043
ctrl-equinix-santana-parnaiba-p01,controle,equinix-santana-parnaiba,2021,durante,landsat,2.0,1256.64,13964,521.19,0.414709,566.19,0.450516,32.22,0.025637,136.89,0.108923,0.27,0.000215
ctrl-equinix-santana-parnaiba-p01,controle,equinix-santana-parnaiba,2022,pos,landsat,2.0,1256.64,13916,590.22,0.471256,526.68,0.420523,5.94,0.004743,127.8,0.102041,1.8,0.001437
ctrl-equinix-santana-parnaiba-p01,controle,equinix-santana-parnaiba,2023,pos,landsat,2.0,1256.64,13961,628.56,0.500251,499.95,0.397894,0.72,0.000573,125.46,0.09985,1.8,0.001433
ctrl-equinix-santana-parnaiba-p01,controle,equinix-santana-parnaiba,2017,pre,landsat,3.0,2827.43,31426,1493.64,0.528098,1043.82,0.369057,37.35,0.013206,251.46,0.088907,2.07,0.000732
ctrl-equinix-santana-parnaiba-p01,controle,equinix-santana-parnaiba,2018,pre,landsat,3.0,2827.43,31426,1435.32,0.507478,1081.89,0.382518,24.3,0.008592,285.03,0.100776,1.8,0.000636
ctrl-equinix-santana-parnaiba-p01,controle,equinix-santana-parnaiba,2019,pre,landsat,3.0,2827.43,31426,1664.1,0.588366,872.82,0.308598,32.49,0.011487,255.78,0.090435,3.15,0.001114
ctrl-equinix-santana-parnaiba-p01,controle,equinix-santana-parnaiba,2020,durante,landsat,3.0,2827.43,31209,1563.3,0.55657,924.57,0.329168,46.08,0.016406,270.72,0.096382,4.14,0.001474
ctrl-equinix-santana-parnaiba-p01,controle,equinix-santana-parnaiba,2021,durante,landsat,3.0,2827.43,31244,1312.11,0.466618,1076.94,0.382986,54.0,0.019204,366.12,0.130201,2.79,0.000992
ctrl-equinix-santana-parnaiba-p01,controle,equinix-santana-parnaiba,2022,pos,landsat,3.0,2827.43,31144,1464.84,0.522605,954.72,0.340611,14.22,0.005073,363.24,0.129592,5.94,0.002119
ctrl-equinix-santana-parnaiba-p01,controle,equinix-santana-parnaiba,2023,pos,landsat,3.0,2827.43,31306,1545.03,0.548361,893.16,0.317,9.81,0.003482,364.23,0.129272,5.31,0.001885
ctrl-equinix-santana-parnaiba-p01,controle,equinix-santana-parnaiba,2017,pre,landsat,5.0,7853.98,87266,4137.12,0.526757,2540.34,0.323448,62.01,0.007895,1102.41,0.140364,12.06,0.001536
ctrl-equinix-santana-parnaiba-p01,controle,equinix-santana-parnaiba,2018,pre,landsat,5.0,7853.98,86292,4136.31,0.532599,2501.37,0.322081,68.76,0.008854,1048.14,0.13496,11.7,0.001507
ctrl-equinix-santana-parnaiba-p01,controle,equinix-santana-parnaiba,2019,pre,landsat,5.0,7853.98,87274,4533.03,0.577113,2181.87,0.27778,72.0,0.009167,1053.36,0.134106,14.4,0.001833
ctrl-equinix-santana-parnaiba-p01,controle,equinix-santana-parnaiba,2020,durante,landsat,5.0,7853.98,87048,4525.74,0.577681,2132.82,0.272241,71.28,0.009098,1085.58,0.138567,18.9,0.002412
ctrl-equinix-santana-parnaiba-p01,controle,equinix-santana-parnaiba,2021,durante,landsat,5.0,7853.98,87092,3812.49,0.486394,2617.29,0.333911,85.32,0.010885,1309.59,0.167076,13.59,0.001734
ctrl-equinix-santana-parnaiba-p01,controle,equinix-santana-parnaiba,2022,pos,landsat,5.0,7853.98,86993,4146.93,0.529663,2291.13,0.292633,60.48,0.007725,1311.39,0.167496,19.44,0.002483
ctrl-equinix-santana-parnaiba-p01,controle,equinix-santana-parnaiba,2023,pos,landsat,5.0,7853.98,87153,4388.22,0.559453,2063.43,0.263066,82.98,0.010579,1290.6,0.164538,18.54,0.002364
equinix-santana-parnaiba,tratamento,equinix-santana-parnaiba,2017,pre,landsat,0.5,78.54,872,39.33,0.501147,25.02,0.318807,0.27,0.00344,13.86,0.176606,0.0,0.0
equinix-santana-parnaiba,tratamento,equinix-santana-parnaiba,2018,pre,landsat,0.5,78.54,873,39.96,0.508591,23.94,0.304696,0.45,0.005727,14.22,0.180985,0.0,0.0
equinix-santana-parnaiba,tratamento,equinix-santana-parnaiba,2019,pre,landsat,0.5,78.54,873,44.1,0.561283,19.89,0.25315,0.54,0.006873,13.86,0.176403,0.18,0.002291
equinix-santana-parnaiba,tratamento,equinix-santana-parnaiba,2020,durante,landsat,0.5,78.54,873,42.03,0.534937,19.8,0.252005,0.72,0.009164,15.75,0.200458,0.27,0.003436
equinix-santana-parnaiba,tratamento,equinix-santana-parnaiba,2021,durante,landsat,0.5,78.54,873,43.92,0.558992,18.0,0.229095,0.54,0.006873,16.02,0.203895,0.09,0.001145
equinix-santana-parnaiba,tratamento,equinix-santana-parnaiba,2022,pos,landsat,0.5,78.54,830,39.87,0.533735,20.07,0.268675,0.0,0.0,14.58,0.195181,0.18,0.00241
equinix-santana-parnaiba,tratamento,equinix-santana-parnaiba,2023,pos,landsat,0.5,78.54,873,38.61,0.491409,14.94,0.190149,4.23,0.053837,20.61,0.262314,0.18,0.002291
equinix-santana-parnaiba,tratamento,equinix-santana-parnaiba,2017,pre,landsat,1.0,314.16,3490,134.01,0.426648,71.82,0.228653,0.9,0.002865,107.19,0.341261,0.18,0.000573
equinix-santana-parnaiba,tratamento,equinix-santana-parnaiba,2018,pre,landsat,1.0,314.16,3491,131.85,0.419651,78.3,0.249212,1.98,0.006302,101.88,0.324262,0.18,0.000573
equinix-santana-parnaiba,tratamento,equinix-santana-parnaiba,2019,pre,landsat,1.0,314.16,3491,143.46,0.456603,69.3,0.220567,1.62,0.005156,99.54,0.316815,0.27,0.000859
equinix-santana-parnaiba,tratamento,equinix-santana-parnaiba,2020,durante,landsat,1.0,314.16,3491,138.06,0.439416,66.06,0.210255,3.6,0.011458,105.75,0.33658,0.72,0.002292
equinix-santana-parnaiba,tratamento,equinix-santana-parnaiba,2021,durante,landsat,1.0,314.16,3491,141.21,0.449441,59.58,0.18963,1.44,0.004583,111.33,0.35434,0.63,0.002005
equinix-santana-parnaiba,tratamento,equinix-santana-parnaiba,2022,pos,landsat,1.0,314.16,3398,135.72,0.44379,60.93,0.199235,0.36,0.001177,108.36,0.354326,0.45,0.001471
equinix-santana-parnaiba,tratamento,equinix-santana-parnaiba,2023,pos,landsat,1.0,314.16,3490,140.94,0.448711,53.28,0.169628,6.03,0.019198,113.31,0.360745,0.54,0.001719
equinix-santana-parnaiba,tratamento,equinix-santana-parnaiba,2017,pre,landsat,1.5,706.86,7854,309.51,0.437866,170.01,0.240514,1.35,0.00191,225.63,0.3192,0.36,0.000509
equinix-santana-parnaiba,tratamento,equinix-santana-parnaiba,2018,pre,landsat,1.5,706.86,7855,299.52,0.423679,184.32,0.260726,2.88,0.004074,219.87,0.311012,0.36,0.000509
equinix-santana-parnaiba,tratamento,equinix-santana-parnaiba,2019,pre,landsat,1.5,706.86,7855,333.0,0.471038,162.36,0.229663,2.43,0.003437,208.53,0.294971,0.63,0.000891
equinix-santana-parnaiba,tratamento,equinix-santana-parnaiba,2020,durante,landsat,1.5,706.86,7855,317.79,0.449523,162.9,0.230426,4.5,0.006365,220.5,0.311903,1.26,0.001782
equinix-santana-parnaiba,tratamento,equinix-santana-parnaiba,2021,durante,landsat,1.5,706.86,7855,317.61,0.449268,152.91,0.216295,2.25,0.003183,232.92,0.329472,1.26,0.001782
equinix-santana-parnaiba,tratamento,equinix-santana-parnaiba,2022,pos,landsat,1.5,706.86,7762,313.56,0.448853,149.04,0.213347,1.26,0.001804,233.73,0.334579,0.99,0.001417
equinix-santana-parnaiba,tratamento,equinix-santana-parnaiba,2023,pos,landsat,1.5,706.86,7853,337.05,0.476888,126.45,0.178913,8.82,0.012479,233.19,0.329938,1.26,0.001783
equinix-santana-parnaiba,tratamento,equinix-santana-parnaiba,2017,pre,landsat,2.0,1256.64,13959,540.63,0.430332,250.29,0.199226,1.44,0.001146,462.87,0.368436,1.08,0.00086
equinix-santana-parnaiba,tratamento,equinix-santana-parnaiba,2018,pre,landsat,2.0,1256.64,13960,523.26,0.416476,274.41,0.21841,3.24,0.002579,454.59,0.361819,0.9,0.000716
equinix-santana-parnaiba,tratamento,equinix-santana-parnaiba,2019,pre,landsat,2.0,1256.64,13960,572.04,0.455301,247.41,0.19692,2.79,0.002221,432.81,0.344484,1.35,0.001074
equinix-santana-parnaiba,tratamento,equinix-santana-parnaiba,2020,durante,landsat,2.0,1256.64,13960,546.3,0.434814,248.49,0.197779,4.95,0.00394,453.6,0.361032,3.06,0.002436
equinix-santana-parnaiba,tratamento,equinix-santana-parnaiba,2021,durante,landsat,2.0,1256.64,13960,540.36,0.430086,233.37,0.185745,2.79,0.002221,477.27,0.379871,2.61,0.002077
equinix-santana-parnaiba,tratamento,equinix-santana-parnaiba,2022,pos,landsat,2.0,1256.64,13867,540.36,0.43297,226.35,0.181366,1.35,0.001082,478.17,0.38314,1.8,0.001442
equinix-santana-parnaiba,tratamento,equinix-santana-parnaiba,2023,pos,landsat,2.0,1256.64,13957,575.64,0.458265,199.53,0.158845,9.27,0.00738,469.35,0.373648,2.34,0.001863
equinix-santana-parnaiba,tratamento,equinix-santana-parnaiba,2017,pre,landsat,3.0,2827.43,31409,1275.66,0.451272,528.75,0.187048,6.48,0.002292,981.27,0.34713,34.65,0.012258
equinix-santana-parnaiba,tratamento,equinix-santana-parnaiba,2018,pre,landsat,3.0,2827.43,31409,1252.98,0.443249,560.43,0.198255,8.19,0.002897,972.0,0.34385,33.21,0.011748
equinix-santana-parnaiba,tratamento,equinix-santana-parnaiba,2019,pre,landsat,3.0,2827.43,31410,1326.69,0.469309,531.99,0.188188,7.65,0.002706,923.76,0.326775,36.81,0.013021
equinix-santana-parnaiba,tratamento,equinix-santana-parnaiba,2020,durante,landsat,3.0,2827.43,31410,1284.12,0.45425,540.9,0.19134,12.51,0.004425,952.38,0.336899,36.99,0.013085
equinix-santana-parnaiba,tratamento,equinix-santana-parnaiba,2021,durante,landsat,3.0,2827.43,31410,1252.53,0.443075,523.44,0.185164,15.84,0.005603,1003.68,0.355046,31.41,0.011111
equinix-santana-parnaiba,tratamento,equinix-santana-parnaiba,2022,pos,landsat,3.0,2827.43,31317,1277.1,0.453109,494.19,0.175336,8.37,0.00297,1000.44,0.354951,38.43,0.013635
equinix-santana-parnaiba,tratamento,equinix-santana-parnaiba,2023,pos,landsat,3.0,2827.43,31407,1361.43,0.481644,439.29,0.155411,13.5,0.004776,976.14,0.345337,36.27,0.012832
equinix-santana-parnaiba,tratamento,equinix-santana-parnaiba,2017,pre,landsat,5.0,7853.98,87275,2797.11,0.356104,1855.44,0.236219,34.92,0.004446,3062.43,0.389883,104.85,0.013349
equinix-santana-parnaiba,tratamento,equinix-santana-parnaiba,2018,pre,landsat,5.0,7853.98,87267,2723.94,0.346821,1935.18,0.246393,52.02,0.006623,3040.38,0.387111,102.51,0.013052
equinix-santana-parnaiba,tratamento,equinix-santana-parnaiba,2019,pre,landsat,5.0,7853.98,87277,3044.88,0.387639,1770.03,0.22534,41.22,0.005248,2890.44,0.367978,108.36,0.013795
equinix-santana-parnaiba,tratamento,equinix-santana-parnaiba,2020,durante,landsat,5.0,7853.98,87271,2853.81,0.363339,1835.37,0.233674,36.36,0.004629,3007.08,0.382853,121.77,0.015503
equinix-santana-parnaiba,tratamento,equinix-santana-parnaiba,2021,durante,landsat,5.0,7853.98,87266,2726.46,0.347146,1806.84,0.230055,47.07,0.005993,3170.52,0.403685,103.05,0.013121
equinix-santana-parnaiba,tratamento,equinix-santana-parnaiba,2022,pos,landsat,5.0,7853.98,87180,2818.89,0.359268,1723.41,0.219649,21.87,0.002787,3167.28,0.403671,114.75,0.014625
equinix-santana-parnaiba,tratamento,equinix-santana-parnaiba,2023,pos,landsat,5.0,7853.98,87271,3030.57,0.385844,1618.38,0.206048,33.57,0.004274,3057.3,0.389247,114.57,0.014587
ctrl-everest-goiania-p01,controle,everest-goiania,2018,pre,landsat,0.5,78.54,876,23.76,0.30137,54.27,0.688356,0.0,0.0,0.54,0.006849,0.27,0.003425
ctrl-everest-goiania-p01,controle,everest-goiania,2019,pre,landsat,0.5,78.54,876,18.0,0.228311,59.67,0.756849,0.09,0.001142,0.81,0.010274,0.27,0.003425
ctrl-everest-goiania-p01,controle,everest-goiania,2020,pre,landsat,0.5,78.54,876,28.35,0.359589,48.15,0.610731,0.0,0.0,2.07,0.026256,0.27,0.003425
ctrl-everest-goiania-p01,controle,everest-goiania,2021,durante,landsat,0.5,78.54,876,20.61,0.261416,57.06,0.723744,0.0,0.0,0.9,0.011416,0.27,0.003425
ctrl-everest-goiania-p01,controle,everest-goiania,2022,durante,landsat,0.5,78.54,876,16.11,0.204338,61.83,0.784247,0.0,0.0,0.63,0.007991,0.27,0.003425
ctrl-everest-goiania-p01,controle,everest-goiania,2023,durante,landsat,0.5,78.54,876,25.2,0.319635,50.4,0.639269,0.45,0.005708,1.35,0.017123,1.44,0.018265
ctrl-everest-goiania-p01,controle,everest-goiania,2024,pos,landsat,0.5,78.54,876,20.07,0.254566,43.11,0.546804,0.36,0.004566,14.58,0.184932,0.72,0.009132
ctrl-everest-goiania-p01,controle,everest-goiania,2018,pre,landsat,1.0,314.16,3511,73.53,0.232697,232.11,0.734549,0.0,0.0,8.64,0.027343,1.71,0.005412
ctrl-everest-goiania-p01,controle,everest-goiania,2019,pre,landsat,1.0,314.16,3511,60.84,0.192538,235.26,0.744517,0.09,0.000285,18.09,0.057249,1.71,0.005412
ctrl-everest-goiania-p01,controle,everest-goiania,2020,pre,landsat,1.0,314.16,3511,79.83,0.252635,227.07,0.718599,0.09,0.000285,7.38,0.023355,1.62,0.005127
ctrl-everest-goiania-p01,controle,everest-goiania,2021,durante,landsat,1.0,314.16,3511,65.25,0.206494,236.97,0.749929,0.09,0.000285,12.06,0.038166,1.62,0.005127
ctrl-everest-goiania-p01,controle,everest-goiania,2022,durante,landsat,1.0,314.16,3511,55.26,0.174879,246.15,0.77898,0.27,0.000854,12.69,0.040159,1.62,0.005127
ctrl-everest-goiania-p01,controle,everest-goiania,2023,durante,landsat,1.0,314.16,3511,73.53,0.232697,224.64,0.710909,0.45,0.001424,14.31,0.045286,3.06,0.009684
ctrl-everest-goiania-p01,controle,everest-goiania,2024,pos,landsat,1.0,314.16,3511,64.98,0.205639,205.65,0.650812,0.45,0.001424,42.75,0.135289,2.16,0.006836
ctrl-everest-goiania-p01,controle,everest-goiania,2018,pre,landsat,1.5,706.86,7886,113.22,0.159523,490.32,0.690845,0.9,0.001268,103.59,0.145955,1.71,0.002409
ctrl-everest-goiania-p01,controle,everest-goiania,2019,pre,landsat,1.5,706.86,7886,95.04,0.133908,484.92,0.683236,0.9,0.001268,127.17,0.179178,1.71,0.002409
ctrl-everest-goiania-p01,controle,everest-goiania,2020,pre,landsat,1.5,706.86,7886,126.81,0.178671,488.43,0.688182,2.25,0.00317,90.63,0.127695,1.62,0.002283
ctrl-everest-goiania-p01,controle,everest-goiania,2021,durante,landsat,1.5,706.86,7886,102.96,0.145067,485.46,0.683997,2.16,0.003043,117.54,0.16561,1.62,0.002283
ctrl-everest-goiania-p01,controle,everest-goiania,2022,durante,landsat,1.5,706.86,7886,86.58,0.121988,486.99,0.686153,2.07,0.002917,132.48,0.18666,1.62,0.002283
ctrl-everest-goiania-p01,controle,everest-goiania,2023,durante,landsat,1.5,706.86,7886,115.83,0.163201,494.28,0.696424,0.9,0.001268,95.49,0.134542,3.24,0.004565
ctrl-everest-goiania-p01,controle,everest-goiania,2024,pos,landsat,1.5,706.86,7886,100.98,0.142277,449.37,0.633147,1.26,0.001775,155.79,0.219503,2.34,0.003297
ctrl-everest-goiania-p01,controle,everest-goiania,2018,pre,landsat,2.0,1256.64,14020,204.12,0.161769,849.15,0.672967,3.6,0.002853,202.86,0.16077,2.07,0.001641
ctrl-everest-goiania-p01,controle,everest-goiania,2019,pre,landsat,2.0,1256.64,14020,172.44,0.136662,831.69,0.65913,6.48,0.005136,248.94,0.19729,2.25,0.001783
ctrl-everest-goiania-p01,controle,everest-goiania,2020,pre,landsat,2.0,1256.64,14020,224.64,0.178031,825.84,0.654494,9.36,0.007418,199.89,0.158417,2.07,0.001641
ctrl-everest-goiania-p01,controle,everest-goiania,2021,durante,landsat,2.0,1256.64,14020,178.83,0.141726,832.95,0.660128,7.02,0.005563,240.93,0.190942,2.07,0.001641
ctrl-everest-goiania-p01,controle,everest-goiania,2022,durante,landsat,2.0,1256.64,14020,147.69,0.117047,802.8,0.636234,27.36,0.021683,281.88,0.223395,2.07,0.001641
ctrl-everest-goiania-p01,controle,everest-goiania,2023,durante,landsat,2.0,1256.64,14020,195.66,0.155064,855.27,0.677817,1.8,0.001427,205.38,0.162767,3.69,0.002924
ctrl-everest-goiania-p01,controle,everest-goiania,2024,pos,landsat,2.0,1256.64,14020,169.11,0.134023,809.28,0.641369,3.42,0.00271,277.2,0.219686,2.79,0.002211
ctrl-everest-goiania-p01,controle,everest-goiania,2018,pre,landsat,3.0,2827.43,31565,385.65,0.135752,1926.81,0.678251,14.4,0.005069,509.67,0.179408,4.32,0.001521
ctrl-everest-goiania-p01,controle,everest-goiania,2019,pre,landsat,3.0,2827.43,31565,313.11,0.110217,1849.23,0.650942,14.31,0.005037,659.25,0.232061,4.95,0.001742
ctrl-everest-goiania-p01,controle,everest-goiania,2020,pre,landsat,3.0,2827.43,31565,424.08,0.149279,1856.07,0.65335,16.2,0.005703,540.27,0.190179,4.23,0.001489
ctrl-everest-goiania-p01,controle,everest-goiania,2021,durante,landsat,3.0,2827.43,31565,334.62,0.117789,1901.16,0.669222,17.28,0.006083,584.01,0.205576,3.78,0.001331
ctrl-everest-goiania-p01,controle,everest-goiania,2022,durante,landsat,3.0,2827.43,31565,271.35,0.095517,1822.95,0.641692,42.57,0.014985,700.2,0.246476,3.78,0.001331
ctrl-everest-goiania-p01,controle,everest-goiania,2023,durante,landsat,3.0,2827.43,31565,373.95,0.131633,1962.72,0.690892,8.1,0.002851,490.14,0.172533,5.94,0.002091
ctrl-everest-goiania-p01,controle,everest-goiania,2024,pos,landsat,3.0,2827.43,31565,315.54,0.111072,1783.44,0.627784,25.11,0.008839,712.17,0.250689,4.59,0.001616
ctrl-everest-goiania-p01,controle,everest-goiania,2018,pre,landsat,5.0,7853.98,87668,1022.13,0.129546,4747.41,0.60169,108.45,0.013745,1996.2,0.253,15.93,0.002019
ctrl-everest-goiania-p01,controle,everest-goiania,2019,pre,landsat,5.0,7853.98,87668,840.78,0.106561,4414.77,0.559531,106.02,0.013437,2510.55,0.318189,18.0,0.002281
ctrl-everest-goiania-p01,controle,everest-goiania,2020,pre,landsat,5.0,7853.98,87668,1130.67,0.143302,4451.04,0.564128,100.98,0.012798,2191.5,0.277752,15.93,0.002019
ctrl-everest-goiania-p01,controle,everest-goiania,2021,durante,landsat,5.0,7853.98,87668,895.41,0.113485,4529.52,0.574075,110.34,0.013985,2340.0,0.296573,14.85,0.001882
ctrl-everest-goiania-p01,controle,everest-goiania,2022,durante,landsat,5.0,7853.98,87668,716.04,0.090751,4484.25,0.568337,139.32,0.017658,2535.21,0.321315,15.3,0.001939
ctrl-everest-goiania-p01,controle,everest-goiania,2023,durante,landsat,5.0,7853.98,87668,980.73,0.124298,4805.91,0.609105,69.03,0.008749,2016.81,0.255612,17.64,0.002236
ctrl-everest-goiania-p01,controle,everest-goiania,2024,pos,landsat,5.0,7853.98,87668,833.49,0.105637,4126.41,0.522984,137.34,0.017407,2777.85,0.352067,15.03,0.001905
everest-goiania,tratamento,everest-goiania,2018,pre,landsat,0.5,78.54,876,0.0,0.0,6.12,0.077626,0.72,0.009132,72.0,0.913242,0.0,0.0
everest-goiania,tratamento,everest-goiania,2019,pre,landsat,0.5,78.54,876,0.0,0.0,3.33,0.042237,0.18,0.002283,75.33,0.955479,0.0,0.0
everest-goiania,tratamento,everest-goiania,2020,pre,landsat,0.5,78.54,876,0.18,0.002283,7.74,0.098174,0.18,0.002283,70.74,0.89726,0.0,0.0
everest-goiania,tratamento,everest-goiania,2021,durante,landsat,0.5,78.54,876,0.0,0.0,6.03,0.076484,0.0,0.0,72.81,0.923516,0.0,0.0
everest-goiania,tratamento,everest-goiania,2022,durante,landsat,0.5,78.54,876,0.0,0.0,4.68,0.059361,0.18,0.002283,73.98,0.938356,0.0,0.0
everest-goiania,tratamento,everest-goiania,2023,durante,landsat,0.5,78.54,876,0.0,0.0,9.81,0.124429,0.09,0.001142,68.94,0.874429,0.0,0.0
everest-goiania,tratamento,everest-goiania,2024,pos,landsat,0.5,78.54,876,0.09,0.001142,3.78,0.047945,0.0,0.0,74.97,0.950913,0.0,0.0
everest-goiania,tratamento,everest-goiania,2018,pre,landsat,1.0,314.16,3509,2.52,0.007979,39.24,0.124252,4.5,0.014249,269.46,0.853235,0.09,0.000285
everest-goiania,tratamento,everest-goiania,2019,pre,landsat,1.0,314.16,3509,2.25,0.007125,29.52,0.093474,2.07,0.006555,281.97,0.892847,0.0,0.0
everest-goiania,tratamento,everest-goiania,2020,pre,landsat,1.0,314.16,3509,3.51,0.011114,45.0,0.142491,3.87,0.012254,263.34,0.833856,0.09,0.000285
everest-goiania,tratamento,everest-goiania,2021,durante,landsat,1.0,314.16,3509,2.07,0.006555,38.16,0.120832,3.24,0.010259,272.34,0.862354,0.0,0.0
everest-goiania,tratamento,everest-goiania,2022,durante,landsat,1.0,314.16,3509,1.08,0.00342,31.77,0.100598,3.96,0.012539,279.0,0.883443,0.0,0.0
everest-goiania,tratamento,everest-goiania,2023,durante,landsat,1.0,314.16,3509,3.69,0.011684,50.4,0.15959,2.25,0.007125,259.47,0.821602,0.0,0.0
everest-goiania,tratamento,everest-goiania,2024,pos,landsat,1.0,314.16,3509,1.89,0.005985,31.14,0.098604,1.8,0.0057,280.98,0.889712,0.0,0.0
everest-goiania,tratamento,everest-goiania,2018,pre,landsat,1.5,706.86,7885,10.98,0.015472,117.63,0.165758,9.27,0.013063,569.61,0.802663,2.16,0.003044
everest-goiania,tratamento,everest-goiania,2019,pre,landsat,1.5,706.86,7885,8.1,0.011414,100.62,0.141788,6.84,0.009639,592.38,0.83475,1.71,0.00241
everest-goiania,tratamento,everest-goiania,2020,pre,landsat,1.5,706.86,7885,15.39,0.021687,124.83,0.175904,12.42,0.017502,555.48,0.782752,1.53,0.002156
everest-goiania,tratamento,everest-goiania,2021,durante,landsat,1.5,706.86,7885,9.27,0.013063,117.18,0.165124,8.64,0.012175,573.03,0.807483,1.53,0.002156
everest-goiania,tratamento,everest-goiania,2022,durante,landsat,1.5,706.86,7885,5.76,0.008117,99.72,0.14052,9.99,0.014077,592.83,0.835384,1.35,0.001902
everest-goiania,tratamento,everest-goiania,2023,durante,landsat,1.5,706.86,7885,16.65,0.023462,139.41,0.196449,6.21,0.008751,545.49,0.768675,1.89,0.002663
everest-goiania,tratamento,everest-goiania,2024,pos,landsat,1.5,706.86,7885,8.46,0.011921,102.06,0.143817,5.85,0.008244,591.39,0.833354,1.89,0.002663
everest-goiania,tratamento,everest-goiania,2018,pre,landsat,2.0,1256.64,14025,29.61,0.023458,217.62,0.172406,15.21,0.01205,997.11,0.789947,2.7,0.002139
everest-goiania,tratamento,everest-goiania,2019,pre,landsat,2.0,1256.64,14025,26.19,0.020749,198.63,0.157362,12.51,0.009911,1023.03,0.810481,1.89,0.001497
everest-goiania,tratamento,everest-goiania,2020,pre,landsat,2.0,1256.64,14025,39.6,0.031373,219.6,0.173975,21.96,0.017398,979.2,0.775758,1.89,0.001497
everest-goiania,tratamento,everest-goiania,2021,durante,landsat,2.0,1256.64,14025,25.38,0.020107,203.76,0.161426,15.75,0.012478,1015.56,0.804563,1.8,0.001426
everest-goiania,tratamento,everest-goiania,2022,durante,landsat,2.0,1256.64,14025,16.29,0.012906,187.02,0.148164,16.29,0.012906,1040.85,0.824599,1.8,0.001426
everest-goiania,tratamento,everest-goiania,2023,durante,landsat,2.0,1256.64,14025,38.79,0.030731,243.81,0.193155,12.78,0.010125,964.44,0.764064,2.43,0.001925
everest-goiania,tratamento,everest-goiania,2024,pos,landsat,2.0,1256.64,14025,21.78,0.017255,175.32,0.138895,13.23,0.010481,1049.4,0.831373,2.52,0.001996
everest-goiania,tratamento,everest-goiania,2018,pre,landsat,3.0,2827.43,31545,147.24,0.051862,449.64,0.158377,30.42,0.010715,2206.53,0.777207,5.22,0.001839
everest-goiania,tratamento,everest-goiania,2019,pre,landsat,3.0,2827.43,31545,129.42,0.045586,435.51,0.1534,24.57,0.008654,2245.14,0.790807,4.41,0.001553
everest-goiania,tratamento,everest-goiania,2020,pre,landsat,3.0,2827.43,31545,169.29,0.059629,451.08,0.158884,35.73,0.012585,2178.63,0.76738,4.32,0.001522
everest-goiania,tratamento,everest-goiania,2021,durante,landsat,3.0,2827.43,31545,122.22,0.04305,437.76,0.154192,29.16,0.010271,2245.41,0.790902,4.5,0.001585
everest-goiania,tratamento,everest-goiania,2022,durante,landsat,3.0,2827.43,31545,97.11,0.034205,422.19,0.148708,28.62,0.010081,2286.54,0.805389,4.59,0.001617
everest-goiania,tratamento,everest-goiania,2023,durante,landsat,3.0,2827.43,31545,164.97,0.058107,490.68,0.172832,24.75,0.008718,2153.7,0.758599,4.95,0.001744
everest-goiania,tratamento,everest-goiania,2024,pos,landsat,3.0,2827.43,31545,113.49,0.039975,378.36,0.13327,25.56,0.009003,2316.33,0.815882,5.31,0.00187
everest-goiania,tratamento,everest-goiania,2018,pre,landsat,5.0,7853.98,87641,632.16,0.080145,1415.25,0.179425,73.53,0.009322,5729.85,0.726429,36.9,0.004678
everest-goiania,tratamento,everest-goiania,2019,pre,landsat,5.0,7853.98,87644,525.42,0.06661,1418.67,0.179853,66.87,0.008477,5843.52,0.740815,33.48,0.004244
everest-goiania,tratamento,everest-goiania,2020,pre,landsat,5.0,7853.98,87644,660.51,0.083736,1347.75,0.170862,130.95,0.016601,5713.92,0.724385,34.83,0.004416
everest-goiania,tratamento,everest-goiania,2021,durante,landsat,5.0,7853.98,87644,515.34,0.065332,1325.97,0.1681,101.07,0.012813,5912.73,0.749589,32.85,0.004165
everest-goiania,tratamento,everest-goiania,2022,durante,landsat,5.0,7853.98,87644,436.86,0.055383,1293.57,0.163993,96.21,0.012197,6027.84,0.764182,33.48,0.004244
everest-goiania,tratamento,everest-goiania,2023,durante,landsat,5.0,7853.98,87644,671.85,0.085174,1371.51,0.173874,68.85,0.008728,5740.74,0.727785,35.01,0.004438
everest-goiania,tratamento,everest-goiania,2024,pos,landsat,5.0,7853.98,87644,506.7,0.064237,1150.92,0.145908,83.61,0.0106,6113.97,0.775102,32.76,0.004153
ctrl-hostdime-joao-pessoa-p01,controle,hostdime-joao-pessoa,2014,pre,landsat,0.5,78.54,901,18.9,0.233074,55.89,0.689234,0.54,0.006659,5.49,0.067703,0.27,0.00333
ctrl-hostdime-joao-pessoa-p01,controle,hostdime-joao-pessoa,2015,pre,landsat,0.5,78.54,901,11.7,0.144284,59.04,0.72808,0.09,0.00111,10.17,0.125416,0.09,0.00111
ctrl-hostdime-joao-pessoa-p01,controle,hostdime-joao-pessoa,2016,pre,landsat,0.5,78.54,901,11.34,0.139845,59.76,0.736959,0.36,0.00444,9.54,0.117647,0.09,0.00111
ctrl-hostdime-joao-pessoa-p01,controle,hostdime-joao-pessoa,2017,durante,landsat,0.5,78.54,901,16.83,0.207547,56.07,0.691454,0.0,0.0,8.19,0.100999,0.0,0.0
ctrl-hostdime-joao-pessoa-p01,controle,hostdime-joao-pessoa,2018,pos,landsat,0.5,78.54,901,10.35,0.127636,61.65,0.760266,0.09,0.00111,8.82,0.108768,0.18,0.00222
ctrl-hostdime-joao-pessoa-p01,controle,hostdime-joao-pessoa,2019,pos,landsat,0.5,78.54,901,12.6,0.155383,62.01,0.764706,0.0,0.0,6.12,0.075472,0.36,0.00444
ctrl-hostdime-joao-pessoa-p01,controle,hostdime-joao-pessoa,2020,pos,landsat,0.5,78.54,901,5.85,0.072142,66.15,0.81576,0.0,0.0,8.91,0.109878,0.18,0.00222
ctrl-hostdime-joao-pessoa-p01,controle,hostdime-joao-pessoa,2014,pre,landsat,1.0,314.16,3599,60.48,0.186719,227.52,0.702417,0.72,0.002223,33.66,0.103918,1.53,0.004724
ctrl-hostdime-joao-pessoa-p01,controle,hostdime-joao-pessoa,2015,pre,landsat,1.0,314.16,3599,46.8,0.144485,215.1,0.664073,0.54,0.001667,60.93,0.188108,0.54,0.001667
ctrl-hostdime-joao-pessoa-p01,controle,hostdime-joao-pessoa,2016,pre,landsat,1.0,314.16,3599,48.78,0.150597,222.3,0.686302,0.63,0.001945,51.57,0.159211,0.63,0.001945
ctrl-hostdime-joao-pessoa-p01,controle,hostdime-joao-pessoa,2017,durante,landsat,1.0,314.16,3599,68.67,0.212003,223.83,0.691025,0.18,0.000556,30.78,0.095026,0.45,0.001389
ctrl-hostdime-joao-pessoa-p01,controle,hostdime-joao-pessoa,2018,pos,landsat,1.0,314.16,3599,38.79,0.119755,233.1,0.719644,0.18,0.000556,51.12,0.157822,0.72,0.002223
ctrl-hostdime-joao-pessoa-p01,controle,hostdime-joao-pessoa,2019,pos,landsat,1.0,314.16,3599,48.51,0.149764,231.48,0.714643,0.18,0.000556,43.11,0.133093,0.63,0.001945
ctrl-hostdime-joao-pessoa-p01,controle,hostdime-joao-pessoa,2020,pos,landsat,1.0,314.16,3599,28.26,0.087246,245.07,0.756599,0.0,0.0,50.04,0.154487,0.54,0.001667
ctrl-hostdime-joao-pessoa-p01,controle,hostdime-joao-pessoa,2014,pre,landsat,1.5,706.86,8100,145.98,0.200247,492.48,0.675556,1.35,0.001852,85.59,0.117407,3.6,0.004938
ctrl-hostdime-joao-pessoa-p01,controle,hostdime-joao-pessoa,2015,pre,landsat,1.5,706.86,8100,126.09,0.172963,455.94,0.625432,1.89,0.002593,143.82,0.197284,1.26,0.001728
ctrl-hostdime-joao-pessoa-p01,controle,hostdime-joao-pessoa,2016,pre,landsat,1.5,706.86,8100,125.19,0.171728,471.51,0.64679,1.62,0.002222,128.97,0.176914,1.71,0.002346
ctrl-hostdime-joao-pessoa-p01,controle,hostdime-joao-pessoa,2017,durante,landsat,1.5,706.86,8100,157.59,0.216173,481.68,0.660741,0.72,0.000988,86.85,0.119136,2.16,0.002963
ctrl-hostdime-joao-pessoa-p01,controle,hostdime-joao-pessoa,2018,pos,landsat,1.5,706.86,8100,106.92,0.146667,491.94,0.674815,1.71,0.002346,126.99,0.174198,1.44,0.001975
ctrl-hostdime-joao-pessoa-p01,controle,hostdime-joao-pessoa,2019,pos,landsat,1.5,706.86,8098,127.53,0.174981,464.13,0.636824,1.17,0.001605,134.1,0.183996,1.89,0.002593
ctrl-hostdime-joao-pessoa-p01,controle,hostdime-joao-pessoa,2020,pos,landsat,1.5,706.86,8100,88.56,0.121481,511.38,0.701481,0.99,0.001358,126.63,0.173704,1.44,0.001975
ctrl-hostdime-joao-pessoa-p01,controle,hostdime-joao-pessoa,2014,pre,landsat,2.0,1256.64,14397,282.69,0.21817,754.2,0.582066,8.73,0.006738,146.7,0.113218,103.41,0.079808
ctrl-hostdime-joao-pessoa-p01,controle,hostdime-joao-pessoa,2015,pre,landsat,2.0,1256.64,14397,230.85,0.178162,711.45,0.549073,13.05,0.010072,248.04,0.191429,92.34,0.071265
ctrl-hostdime-joao-pessoa-p01,controle,hostdime-joao-pessoa,2016,pre,landsat,2.0,1256.64,14397,247.5,0.191012,726.75,0.560881,14.49,0.011183,214.83,0.165798,92.16,0.071126
ctrl-hostdime-joao-pessoa-p01,controle,hostdime-joao-pessoa,2017,durante,landsat,2.0,1256.64,14397,288.54,0.222685,733.05,0.565743,13.05,0.010072,168.21,0.129819,92.88,0.071682
ctrl-hostdime-joao-pessoa-p01,controle,hostdime-joao-pessoa,2018,pos,landsat,2.0,1256.64,14397,214.92,0.165868,750.6,0.579287,16.02,0.012364,226.8,0.175036,87.39,0.067445
ctrl-hostdime-joao-pessoa-p01,controle,hostdime-joao-pessoa,2019,pos,landsat,2.0,1256.64,14349,246.15,0.190606,697.5,0.540107,15.48,0.011987,238.32,0.184542,93.96,0.072758
ctrl-hostdime-joao-pessoa-p01,controle,hostdime-joao-pessoa,2020,pos,landsat,2.0,1256.64,14397,194.67,0.15024,769.23,0.593665,13.5,0.010419,226.98,0.175175,91.35,0.070501
ctrl-hostdime-joao-pessoa-p01,controle,hostdime-joao-pessoa,2014,pre,landsat,3.0,2827.43,32394,753.21,0.25835,1327.59,0.455362,17.1,0.005865,270.54,0.092795,547.02,0.187627
ctrl-hostdime-joao-pessoa-p01,controle,hostdime-joao-pessoa,2015,pre,landsat,3.0,2827.43,32391,629.73,0.216017,1285.74,0.441048,22.05,0.007564,444.69,0.152542,532.98,0.182829
ctrl-hostdime-joao-pessoa-p01,controle,hostdime-joao-pessoa,2016,pre,landsat,3.0,2827.43,32312,657.27,0.226015,1318.77,0.453485,29.16,0.010027,376.56,0.129487,526.32,0.180985
ctrl-hostdime-joao-pessoa-p01,controle,hostdime-joao-pessoa,2017,durante,landsat,3.0,2827.43,32381,763.83,0.262098,1303.56,0.447299,24.48,0.0084,300.15,0.102992,522.27,0.17921
ctrl-hostdime-joao-pessoa-p01,controle,hostdime-joao-pessoa,2018,pos,landsat,3.0,2827.43,32392,612.36,0.210052,1338.39,0.459095,28.17,0.009663,416.43,0.142844,519.93,0.178347
ctrl-hostdime-joao-pessoa-p01,controle,hostdime-joao-pessoa,2019,pos,landsat,3.0,2827.43,32341,648.18,0.222689,1283.94,0.441112,29.52,0.010142,422.01,0.144986,527.04,0.18107
ctrl-hostdime-joao-pessoa-p01,controle,hostdime-joao-pessoa,2020,pos,landsat,3.0,2827.43,32265,586.17,0.20186,1364.22,0.469797,22.5,0.007748,407.97,0.140493,522.99,0.180102
ctrl-hostdime-joao-pessoa-p01,controle,hostdime-joao-pessoa,2014,pre,landsat,5.0,7853.98,89558,1765.62,0.219054,3129.39,0.388251,30.51,0.003785,829.08,0.102861,2305.62,0.286049
ctrl-hostdime-joao-pessoa-p01,controle,hostdime-joao-pessoa,2015,pre,landsat,5.0,7853.98,89366,1341.63,0.166808,3181.77,0.395598,58.14,0.007229,1168.02,0.145223,2293.38,0.285142
ctrl-hostdime-joao-pessoa-p01,controle,hostdime-joao-pessoa,2016,pre,landsat,5.0,7853.98,87864,1347.39,0.170388,3134.16,0.39634,63.45,0.008024,1078.92,0.136438,2283.84,0.28881
ctrl-hostdime-joao-pessoa-p01,controle,hostdime-joao-pessoa,2017,durante,landsat,5.0,7853.98,88873,1677.78,0.20976,3116.34,0.389612,45.45,0.005682,943.11,0.11791,2215.89,0.277036
ctrl-hostdime-joao-pessoa-p01,controle,hostdime-joao-pessoa,2018,pos,landsat,5.0,7853.98,89651,1308.87,0.162218,3233.16,0.400709,56.88,0.00705,1185.93,0.146981,2283.75,0.283042
ctrl-hostdime-joao-pessoa-p01,controle,hostdime-joao-pessoa,2019,pos,landsat,5.0,7853.98,89134,1366.11,0.170294,3111.21,0.387832,65.52,0.008167,1196.46,0.149146,2282.76,0.28456
ctrl-hostdime-joao-pessoa-p01,controle,hostdime-joao-pessoa,2020,pos,landsat,5.0,7853.98,86713,1219.59,0.156274,3130.74,0.401162,43.92,0.005628,1122.75,0.143865,2287.17,0.29307
hostdime-joao-pessoa,tratamento,hostdime-joao-pessoa,2014,pre,landsat,0.5,78.54,902,0.0,0.0,11.34,0.13969,0.36,0.004435,69.48,0.855876,0.0,0.0
hostdime-joao-pessoa,tratamento,hostdime-joao-pessoa,2015,pre,landsat,0.5,78.54,902,0.0,0.0,7.38,0.090909,0.36,0.004435,73.44,0.904656,0.0,0.0
hostdime-joao-pessoa,tratamento,hostdime-joao-pessoa,2016,pre,landsat,0.5,78.54,902,0.0,0.0,6.03,0.074279,0.81,0.009978,74.34,0.915743,0.0,0.0
hostdime-joao-pessoa,tratamento,hostdime-joao-pessoa,2017,durante,landsat,0.5,78.54,902,0.0,0.0,11.61,0.143016,1.17,0.014412,68.4,0.842572,0.0,0.0
hostdime-joao-pessoa,tratamento,hostdime-joao-pessoa,2018,pos,landsat,0.5,78.54,902,0.0,0.0,6.57,0.080931,1.35,0.01663,73.26,0.902439,0.0,0.0
hostdime-joao-pessoa,tratamento,hostdime-joao-pessoa,2019,pos,landsat,0.5,78.54,902,0.18,0.002217,10.71,0.131929,0.45,0.005543,69.84,0.86031,0.0,0.0
hostdime-joao-pessoa,tratamento,hostdime-joao-pessoa,2020,pos,landsat,0.5,78.54,902,0.09,0.001109,7.02,0.086475,0.54,0.006652,73.53,0.905765,0.0,0.0
hostdime-joao-pessoa,tratamento,hostdime-joao-pessoa,2014,pre,landsat,1.0,314.16,3600,0.81,0.0025,52.92,0.163333,2.52,0.007778,267.75,0.826389,0.0,0.0
hostdime-joao-pessoa,tratamento,hostdime-joao-pessoa,2015,pre,landsat,1.0,314.16,3600,0.45,0.001389,37.98,0.117222,1.89,0.005833,283.68,0.875556,0.0,0.0
hostdime-joao-pessoa,tratamento,hostdime-joao-pessoa,2016,pre,landsat,1.0,314.16,3590,0.09,0.000279,29.43,0.091086,3.06,0.009471,290.52,0.899164,0.0,0.0
hostdime-joao-pessoa,tratamento,hostdime-joao-pessoa,2017,durante,landsat,1.0,314.16,3584,0.18,0.000558,56.52,0.175223,2.07,0.006417,263.79,0.817801,0.0,0.0
hostdime-joao-pessoa,tratamento,hostdime-joao-pessoa,2018,pos,landsat,1.0,314.16,3600,0.0,0.0,40.14,0.123889,2.97,0.009167,280.89,0.866944,0.0,0.0
hostdime-joao-pessoa,tratamento,hostdime-joao-pessoa,2019,pos,landsat,1.0,314.16,3598,1.26,0.003891,42.03,0.129794,1.53,0.004725,279.0,0.86159,0.0,0.0
hostdime-joao-pessoa,tratamento,hostdime-joao-pessoa,2020,pos,landsat,1.0,314.16,3442,0.63,0.002034,44.64,0.144102,2.7,0.008716,261.81,0.845148,0.0,0.0
hostdime-joao-pessoa,tratamento,hostdime-joao-pessoa,2014,pre,landsat,1.5,706.86,8096,21.51,0.029521,173.79,0.238513,4.77,0.006546,528.57,0.72542,0.0,0.0
hostdime-joao-pessoa,tratamento,hostdime-joao-pessoa,2015,pre,landsat,1.5,706.86,8077,14.04,0.019314,139.05,0.191284,4.59,0.006314,569.25,0.783088,0.0,0.0
hostdime-joao-pessoa,tratamento,hostdime-joao-pessoa,2016,pre,landsat,1.5,706.86,8012,9.63,0.013355,117.27,0.162631,6.39,0.008862,587.79,0.815152,0.0,0.0
hostdime-joao-pessoa,tratamento,hostdime-joao-pessoa,2017,durante,landsat,1.5,706.86,7609,12.42,0.018136,162.63,0.237482,3.42,0.004994,506.34,0.739388,0.0,0.0
hostdime-joao-pessoa,tratamento,hostdime-joao-pessoa,2018,pos,landsat,1.5,706.86,8091,14.94,0.020517,136.98,0.18811,7.74,0.010629,568.53,0.780744,0.0,0.0
hostdime-joao-pessoa,tratamento,hostdime-joao-pessoa,2019,pos,landsat,1.5,706.86,7940,19.62,0.027456,132.57,0.185516,4.41,0.006171,557.64,0.780353,0.36,0.000504
hostdime-joao-pessoa,tratamento,hostdime-joao-pessoa,2020,pos,landsat,1.5,706.86,7594,7.02,0.010271,144.63,0.211614,7.2,0.010535,524.61,0.76758,0.0,0.0
hostdime-joao-pessoa,tratamento,hostdime-joao-pessoa,2014,pre,landsat,2.0,1256.64,14385,92.88,0.071741,344.25,0.265902,8.46,0.006535,848.97,0.655753,0.09,7e-05
hostdime-joao-pessoa,tratamento,hostdime-joao-pessoa,2015,pre,landsat,2.0,1256.64,14062,69.21,0.054686,266.13,0.210283,9.09,0.007182,921.15,0.727848,0.0,0.0
hostdime-joao-pessoa,tratamento,hostdime-joao-pessoa,2016,pre,landsat,2.0,1256.64,14043,72.45,0.057324,243.81,0.192907,9.36,0.007406,938.25,0.742363,0.0,0.0
hostdime-joao-pessoa,tratamento,hostdime-joao-pessoa,2017,durante,landsat,2.0,1256.64,13146,54.54,0.046098,314.73,0.266012,5.85,0.004944,807.66,0.682641,0.36,0.000304
hostdime-joao-pessoa,tratamento,hostdime-joao-pessoa,2018,pos,landsat,2.0,1256.64,14382,67.95,0.052496,291.6,0.225282,12.06,0.009317,922.68,0.712835,0.09,7e-05
hostdime-joao-pessoa,tratamento,hostdime-joao-pessoa,2019,pos,landsat,2.0,1256.64,13649,73.08,0.059492,258.75,0.210638,10.35,0.008426,884.34,0.719906,1.89,0.001539
hostdime-joao-pessoa,tratamento,hostdime-joao-pessoa,2020,pos,landsat,2.0,1256.64,13305,37.17,0.031041,292.77,0.244495,11.25,0.009395,856.26,0.71507,0.0,0.0
hostdime-joao-pessoa,tratamento,hostdime-joao-pessoa,2014,pre,landsat,3.0,2827.43,32117,454.68,0.1573,805.77,0.278762,17.73,0.006134,1592.28,0.550861,20.07,0.006943
hostdime-joao-pessoa,tratamento,hostdime-joao-pessoa,2015,pre,landsat,3.0,2827.43,30448,371.52,0.135575,646.47,0.23591,20.88,0.00762,1686.96,0.615607,14.49,0.005288
hostdime-joao-pessoa,tratamento,hostdime-joao-pessoa,2016,pre,landsat,3.0,2827.43,31239,380.16,0.135216,664.92,0.236499,19.44,0.006914,1733.58,0.616601,13.41,0.00477
hostdime-joao-pessoa,tratamento,hostdime-joao-pessoa,2017,durante,landsat,3.0,2827.43,30104,392.13,0.144732,776.79,0.286706,14.13,0.005215,1504.62,0.555341,21.69,0.008006
hostdime-joao-pessoa,tratamento,hostdime-joao-pessoa,2018,pos,landsat,3.0,2827.43,32374,367.92,0.126274,736.38,0.252734,25.38,0.008711,1765.71,0.606011,18.27,0.00627
hostdime-joao-pessoa,tratamento,hostdime-joao-pessoa,2019,pos,landsat,3.0,2827.43,29919,305.01,0.113273,746.37,0.277182,20.07,0.007453,1603.53,0.595508,17.73,0.006584
hostdime-joao-pessoa,tratamento,hostdime-joao-pessoa,2020,pos,landsat,3.0,2827.43,30469,265.95,0.096984,806.76,0.294201,25.02,0.009124,1627.83,0.59362,16.65,0.006072
hostdime-joao-pessoa,tratamento,hostdime-joao-pessoa,2014,pre,landsat,5.0,7853.98,85974,1634.4,0.211227,1756.71,0.227034,61.74,0.007979,3177.09,0.410601,1107.72,0.14316
hostdime-joao-pessoa,tratamento,hostdime-joao-pessoa,2015,pre,landsat,5.0,7853.98,85316,1451.25,0.189003,1593.9,0.207581,77.67,0.010115,3425.13,0.446071,1130.49,0.147229
hostdime-joao-pessoa,tratamento,hostdime-joao-pessoa,2016,pre,landsat,5.0,7853.98,86079,1512.18,0.195193,1576.89,0.203546,77.13,0.009956,3442.86,0.444406,1138.05,0.1469
hostdime-joao-pessoa,tratamento,hostdime-joao-pessoa,2017,durante,landsat,5.0,7853.98,85313,1548.99,0.201739,1746.09,0.22741,64.26,0.008369,3134.88,0.408285,1183.95,0.154197
hostdime-joao-pessoa,tratamento,hostdime-joao-pessoa,2018,pos,landsat,5.0,7853.98,89620,1458.54,0.18083,1680.57,0.208358,100.17,0.012419,3596.04,0.445838,1230.48,0.152555
hostdime-joao-pessoa,tratamento,hostdime-joao-pessoa,2019,pos,landsat,5.0,7853.98,84639,1152.45,0.15129,1880.1,0.246813,85.95,0.011283,3342.6,0.438805,1156.41,0.151809
hostdime-joao-pessoa,tratamento,hostdime-joao-pessoa,2020,pos,landsat,5.0,7853.98,86139,1238.49,0.159753,1854.36,0.239195,101.97,0.013153,3353.04,0.43251,1204.65,0.155388
ctrl-scala-sgigsm01-p01,controle,scala-sgigsm01,2019,pre,s2,0.5,78.54,7853,0.53,0.006749,1.37,0.017446,4.79,0.060996,71.84,0.91481,0.0,0.0
ctrl-scala-sgigsm01-p01,controle,scala-sgigsm01,2020,pre,s2,0.5,78.54,7853,0.57,0.007258,1.22,0.015535,4.25,0.054119,72.49,0.923087,0.0,0.0
ctrl-scala-sgigsm01-p01,controle,scala-sgigsm01,2021,pre,s2,0.5,78.54,7853,0.41,0.005221,1.4,0.017828,4.83,0.061505,71.87,0.915192,0.02,0.000255
ctrl-scala-sgigsm01-p01,controle,scala-sgigsm01,2022,durante,s2,0.5,78.54,7853,0.87,0.011079,1.49,0.018974,3.23,0.041131,72.93,0.92869,0.01,0.000127
ctrl-scala-sgigsm01-p01,controle,scala-sgigsm01,2023,durante,s2,0.5,78.54,7853,0.63,0.008022,1.13,0.014389,4.25,0.054119,72.51,0.923341,0.01,0.000127
ctrl-scala-sgigsm01-p01,controle,scala-sgigsm01,2024,pos,s2,0.5,78.54,7853,0.33,0.004202,1.33,0.016936,3.46,0.04406,73.41,0.934802,0.0,0.0
ctrl-scala-sgigsm01-p01,controle,scala-sgigsm01,2025,pos,s2,0.5,78.54,7853,0.85,0.010824,1.41,0.017955,3.79,0.048262,72.47,0.922832,0.01,0.000127
ctrl-scala-sgigsm01-p01,controle,scala-sgigsm01,2019,pre,s2,1.0,314.16,31416,12.81,0.040775,37.02,0.117838,18.89,0.060129,244.59,0.778552,0.85,0.002706
ctrl-scala-sgigsm01-p01,controle,scala-sgigsm01,2020,pre,s2,1.0,314.16,31416,10.98,0.03495,36.87,0.117361,18.12,0.057678,247.21,0.786892,0.98,0.003119
ctrl-scala-sgigsm01-p01,controle,scala-sgigsm01,2021,pre,s2,1.0,314.16,31416,5.25,0.016711,43.93,0.139833,18.41,0.058601,246.26,0.783868,0.31,0.000987
ctrl-scala-sgigsm01-p01,controle,scala-sgigsm01,2022,durante,s2,1.0,314.16,31416,18.84,0.059969,34.76,0.110644,13.31,0.042367,246.55,0.784791,0.7,0.002228
ctrl-scala-sgigsm01-p01,controle,scala-sgigsm01,2023,durante,s2,1.0,314.16,31416,9.68,0.030812,35.35,0.112522,17.19,0.054717,250.78,0.798256,1.16,0.003692
ctrl-scala-sgigsm01-p01,controle,scala-sgigsm01,2024,pos,s2,1.0,314.16,31416,3.75,0.011937,45.73,0.145563,14.82,0.047173,249.5,0.794181,0.36,0.001146
ctrl-scala-sgigsm01-p01,controle,scala-sgigsm01,2025,pos,s2,1.0,314.16,31416,12.47,0.039693,41.36,0.131653,15.0,0.047746,245.02,0.779921,0.31,0.000987
ctrl-scala-sgigsm01-p01,controle,scala-sgigsm01,2019,pre,s2,1.5,706.86,70682,25.97,0.036742,96.24,0.136159,44.03,0.062293,539.13,0.762754,1.45,0.002051
ctrl-scala-sgigsm01-p01,controle,scala-sgigsm01,2020,pre,s2,1.5,706.86,70682,20.4,0.028862,96.91,0.137107,43.27,0.061218,544.61,0.770507,1.63,0.002306
ctrl-scala-sgigsm01-p01,controle,scala-sgigsm01,2021,pre,s2,1.5,706.86,70682,11.15,0.015775,106.89,0.151227,42.47,0.060086,545.36,0.771568,0.95,0.001344
ctrl-scala-sgigsm01-p01,controle,scala-sgigsm01,2022,durante,s2,1.5,706.86,70682,45.43,0.064274,87.5,0.123794,32.08,0.045386,540.18,0.76424,1.63,0.002306
ctrl-scala-sgigsm01-p01,controle,scala-sgigsm01,2023,durante,s2,1.5,706.86,70682,21.58,0.030531,92.42,0.130755,39.57,0.055983,551.11,0.779703,2.14,0.003028
ctrl-scala-sgigsm01-p01,controle,scala-sgigsm01,2024,pos,s2,1.5,706.86,70682,10.3,0.014572,109.17,0.154452,34.31,0.048541,552.17,0.781203,0.87,0.001231
ctrl-scala-sgigsm01-p01,controle,scala-sgigsm01,2025,pos,s2,1.5,706.86,70682,30.11,0.042599,102.7,0.145299,34.83,0.049277,538.58,0.761976,0.6,0.000849
ctrl-scala-sgigsm01-p01,controle,scala-sgigsm01,2019,pre,s2,2.0,1256.64,125640,57.93,0.046108,193.51,0.154019,95.37,0.075907,907.05,0.721944,2.54,0.002022
ctrl-scala-sgigsm01-p01,controle,scala-sgigsm01,2020,pre,s2,2.0,1256.64,125640,44.93,0.035761,196.28,0.156224,91.39,0.07274,920.79,0.73288,3.01,0.002396
ctrl-scala-sgigsm01-p01,controle,scala-sgigsm01,2021,pre,s2,2.0,1256.64,125640,23.79,0.018935,220.02,0.175119,88.9,0.070758,922.25,0.734042,1.44,0.001146
ctrl-scala-sgigsm01-p01,controle,scala-sgigsm01,2022,durante,s2,2.0,1256.64,125640,92.98,0.074005,180.66,0.143792,68.48,0.054505,911.51,0.725493,2.77,0.002205
ctrl-scala-sgigsm01-p01,controle,scala-sgigsm01,2023,durante,s2,2.0,1256.64,125640,48.93,0.038945,188.95,0.15039,81.59,0.06494,933.19,0.742749,3.74,0.002977
ctrl-scala-sgigsm01-p01,controle,scala-sgigsm01,2024,pos,s2,2.0,1256.64,125640,31.93,0.025414,216.85,0.172596,67.7,0.053884,938.28,0.7468,1.64,0.001305
ctrl-scala-sgigsm01-p01,controle,scala-sgigsm01,2025,pos,s2,2.0,1256.64,125640,74.78,0.059519,197.12,0.156893,73.79,0.058731,908.92,0.723432,1.79,0.001425
ctrl-scala-sgigsm01-p01,controle,scala-sgigsm01,2019,pre,s2,3.0,2827.43,282689,216.58,0.076614,476.93,0.168712,240.6,0.085111,1889.13,0.668271,3.65,0.001291
ctrl-scala-sgigsm01-p01,controle,scala-sgigsm01,2020,pre,s2,3.0,2827.43,282689,170.62,0.060356,503.95,0.17827,226.55,0.080141,1921.69,0.679789,4.08,0.001443
ctrl-scala-sgigsm01-p01,controle,scala-sgigsm01,2021,pre,s2,3.0,2827.43,282689,139.05,0.049188,537.84,0.190259,221.63,0.078401,1926.06,0.681335,2.31,0.000817
ctrl-scala-sgigsm01-p01,controle,scala-sgigsm01,2022,durante,s2,3.0,2827.43,282689,310.24,0.109746,425.67,0.150579,179.91,0.063642,1906.58,0.674444,4.49,0.001588
ctrl-scala-sgigsm01-p01,controle,scala-sgigsm01,2023,durante,s2,3.0,2827.43,282689,228.33,0.080771,436.8,0.154516,202.6,0.071669,1953.58,0.69107,5.58,0.001974
ctrl-scala-sgigsm01-p01,controle,scala-sgigsm01,2024,pos,s2,3.0,2827.43,282689,151.11,0.053455,534.37,0.189031,170.72,0.060391,1968.36,0.696299,2.33,0.000824
ctrl-scala-sgigsm01-p01,controle,scala-sgigsm01,2025,pos,s2,3.0,2827.43,282689,288.69,0.102123,438.37,0.155071,194.65,0.068857,1902.28,0.672923,2.9,0.001026
ctrl-scala-sgigsm01-p01,controle,scala-sgigsm01,2019,pre,s2,5.0,7853.98,785237,1528.01,0.194592,2260.17,0.287833,570.43,0.072644,3478.39,0.442973,15.37,0.001957
ctrl-scala-sgigsm01-p01,controle,scala-sgigsm01,2020,pre,s2,5.0,7853.98,785237,1356.58,0.172761,2289.11,0.291518,539.78,0.068741,3648.77,0.464671,18.13,0.002309
ctrl-scala-sgigsm01-p01,controle,scala-sgigsm01,2021,pre,s2,5.0,7853.98,785237,1213.03,0.154479,2482.15,0.316102,528.36,0.067287,3619.99,0.461006,8.84,0.001126
ctrl-scala-sgigsm01-p01,controle,scala-sgigsm01,2022,durante,s2,5.0,7853.98,785237,1841.63,0.234532,2128.15,0.27102,404.21,0.051476,3462.41,0.440938,15.97,0.002034
ctrl-scala-sgigsm01-p01,controle,scala-sgigsm01,2023,durante,s2,5.0,7853.98,785237,1615.96,0.205793,2035.36,0.259203,489.08,0.062284,3694.61,0.470509,17.36,0.002211
ctrl-scala-sgigsm01-p01,controle,scala-sgigsm01,2024,pos,s2,5.0,7853.98,785237,1251.54,0.159384,2401.95,0.305889,393.25,0.05008,3797.9,0.483663,7.73,0.000984
ctrl-scala-sgigsm01-p01,controle,scala-sgigsm01,2025,pos,s2,5.0,7853.98,785237,1664.87,0.212021,2254.05,0.287053,443.93,0.056535,3479.78,0.44315,9.74,0.00124
scala-sgigsm01,tratamento,scala-sgigsm01,2019,pre,s2,0.5,78.54,7849,0.09,0.001147,4.15,0.052873,19.15,0.24398,54.49,0.694229,0.61,0.007772
scala-sgigsm01,tratamento,scala-sgigsm01,2020,pre,s2,0.5,78.54,7849,0.07,0.000892,3.66,0.04663,21.23,0.27048,53.0,0.675245,0.53,0.006752
scala-sgigsm01,tratamento,scala-sgigsm01,2021,pre,s2,0.5,78.54,7849,0.04,0.00051,2.93,0.03733,21.9,0.279016,53.39,0.680214,0.23,0.00293
scala-sgigsm01,tratamento,scala-sgigsm01,2022,durante,s2,0.5,78.54,7849,0.13,0.001656,3.91,0.049815,19.68,0.250733,53.82,0.685692,0.95,0.012103
scala-sgigsm01,tratamento,scala-sgigsm01,2023,durante,s2,0.5,78.54,7849,0.11,0.001401,2.03,0.025863,22.89,0.29163,52.58,0.669894,0.88,0.011212
scala-sgigsm01,tratamento,scala-sgigsm01,2024,pos,s2,0.5,78.54,7849,0.0,0.0,3.34,0.042553,21.62,0.275449,53.43,0.680724,0.1,0.001274
scala-sgigsm01,tratamento,scala-sgigsm01,2025,pos,s2,0.5,78.54,7849,0.32,0.004077,4.39,0.055931,21.9,0.279016,51.43,0.655243,0.45,0.005733
scala-sgigsm01,tratamento,scala-sgigsm01,2019,pre,s2,1.0,314.16,31402,1.31,0.004172,19.98,0.063627,79.63,0.253583,211.38,0.673142,1.72,0.005477
scala-sgigsm01,tratamento,scala-sgigsm01,2020,pre,s2,1.0,314.16,31402,1.59,0.005063,21.57,0.06869,77.26,0.246035,211.71,0.674193,1.89,0.006019
scala-sgigsm01,tratamento,scala-sgigsm01,2021,pre,s2,1.0,314.16,31402,1.82,0.005796,19.66,0.062607,71.71,0.228361,219.19,0.698013,1.64,0.005223
scala-sgigsm01,tratamento,scala-sgigsm01,2022,durante,s2,1.0,314.16,31402,3.82,0.012165,22.89,0.072893,66.35,0.211292,218.12,0.694605,2.84,0.009044
scala-sgigsm01,tratamento,scala-sgigsm01,2023,durante,s2,1.0,314.16,31402,1.92,0.006114,14.3,0.045539,82.39,0.262372,213.71,0.680562,1.7,0.005414
scala-sgigsm01,tratamento,scala-sgigsm01,2024,pos,s2,1.0,314.16,31402,2.28,0.007261,16.3,0.051908,81.69,0.260143,212.89,0.67795,0.86,0.002739
scala-sgigsm01,tratamento,scala-sgigsm01,2025,pos,s2,1.0,314.16,31402,2.01,0.006401,20.89,0.066524,77.47,0.246704,212.33,0.676167,1.32,0.004204
scala-sgigsm01,tratamento,scala-sgigsm01,2019,pre,s2,1.5,706.86,70671,6.32,0.008943,59.43,0.084094,152.67,0.216029,485.56,0.687071,2.73,0.003863
scala-sgigsm01,tratamento,scala-sgigsm01,2020,pre,s2,1.5,706.86,70671,6.64,0.009396,63.99,0.090546,147.72,0.209025,485.56,0.687071,2.8,0.003962
scala-sgigsm01,tratamento,scala-sgigsm01,2021,pre,s2,1.5,706.86,70671,8.89,0.012579,57.09,0.080783,139.89,0.197945,498.42,0.705268,2.42,0.003424
scala-sgigsm01,tratamento,scala-sgigsm01,2022,durante,s2,1.5,706.86,70671,19.72,0.027904,56.58,0.080061,127.42,0.1803,498.86,0.705891,4.13,0.005844
scala-sgigsm01,tratamento,scala-sgigsm01,2023,durante,s2,1.5,706.86,70671,9.21,0.013032,45.53,0.064425,157.54,0.22292,491.42,0.695363,3.01,0.004259
scala-sgigsm01,tratamento,scala-sgigsm01,2024,pos,s2,1.5,706.86,70671,10.84,0.015339,46.67,0.066038,152.97,0.216454,494.62,0.699891,1.61,0.002278
scala-sgigsm01,tratamento,scala-sgigsm01,2025,pos,s2,1.5,706.86,70671,10.65,0.01507,54.47,0.077075,154.15,0.218123,485.13,0.686463,2.31,0.003269
scala-sgigsm01,tratamento,scala-sgigsm01,2019,pre,s2,2.0,1256.64,125649,12.42,0.009885,98.55,0.078433,230.54,0.183479,910.63,0.724741,4.35,0.003462
scala-sgigsm01,tratamento,scala-sgigsm01,2020,pre,s2,2.0,1256.64,125649,13.06,0.010394,104.94,0.083518,223.33,0.177741,910.84,0.724908,4.32,0.003438
scala-sgigsm01,tratamento,scala-sgigsm01,2021,pre,s2,2.0,1256.64,125649,13.77,0.010959,92.73,0.073801,218.41,0.173825,927.9,0.738486,3.68,0.002929
scala-sgigsm01,tratamento,scala-sgigsm01,2022,durante,s2,2.0,1256.64,125649,32.34,0.025738,91.36,0.07271,192.86,0.153491,933.87,0.743237,6.06,0.004823
scala-sgigsm01,tratamento,scala-sgigsm01,2023,durante,s2,2.0,1256.64,125649,19.39,0.015432,75.29,0.059921,233.56,0.185883,923.4,0.734904,4.85,0.00386
scala-sgigsm01,tratamento,scala-sgigsm01,2024,pos,s2,2.0,1256.64,125649,15.77,0.012551,83.68,0.066598,214.34,0.170586,939.95,0.748076,2.75,0.002189
scala-sgigsm01,tratamento,scala-sgigsm01,2025,pos,s2,2.0,1256.64,125649,19.76,0.015726,96.61,0.076889,222.44,0.177033,913.96,0.727391,3.72,0.002961
scala-sgigsm01,tratamento,scala-sgigsm01,2019,pre,s2,3.0,2827.43,282695,41.65,0.014733,169.59,0.05999,421.66,0.149157,2178.07,0.770466,15.98,0.005653
scala-sgigsm01,tratamento,scala-sgigsm01,2020,pre,s2,3.0,2827.43,282695,42.73,0.015115,175.08,0.061932,412.0,0.14574,2181.45,0.771662,15.69,0.00555
scala-sgigsm01,tratamento,scala-sgigsm01,2021,pre,s2,3.0,2827.43,282695,34.7,0.012275,161.84,0.057249,401.51,0.142029,2213.98,0.783169,14.92,0.005278
scala-sgigsm01,tratamento,scala-sgigsm01,2022,durante,s2,3.0,2827.43,282695,55.65,0.019686,178.65,0.063195,348.45,0.12326,2225.37,0.787198,18.83,0.006661
scala-sgigsm01,tratamento,scala-sgigsm01,2023,durante,s2,3.0,2827.43,282695,36.12,0.012777,134.05,0.047419,437.97,0.154927,2201.01,0.778581,17.8,0.006297
scala-sgigsm01,tratamento,scala-sgigsm01,2024,pos,s2,3.0,2827.43,282695,27.37,0.009682,157.06,0.055558,377.59,0.133568,2251.6,0.796477,13.33,0.004715
scala-sgigsm01,tratamento,scala-sgigsm01,2025,pos,s2,3.0,2827.43,282695,45.4,0.01606,184.44,0.065243,396.0,0.14008,2186.41,0.773417,14.7,0.0052
scala-sgigsm01,tratamento,scala-sgigsm01,2019,pre,s2,5.0,7853.98,785299,123.77,0.015761,508.03,0.064693,1018.11,0.129646,6142.35,0.782167,60.73,0.007733
scala-sgigsm01,tratamento,scala-sgigsm01,2020,pre,s2,5.0,7853.98,785299,140.19,0.017852,508.58,0.064763,973.31,0.123941,6165.14,0.785069,65.77,0.008375
scala-sgigsm01,tratamento,scala-sgigsm01,2021,pre,s2,5.0,7853.98,785299,122.57,0.015608,488.56,0.062213,961.64,0.122455,6220.08,0.792065,60.14,0.007658
scala-sgigsm01,tratamento,scala-sgigsm01,2022,durante,s2,5.0,7853.98,785299,191.95,0.024443,496.56,0.063232,829.01,0.105566,6265.38,0.797834,70.09,0.008925
scala-sgigsm01,tratamento,scala-sgigsm01,2023,durante,s2,5.0,7853.98,785299,174.43,0.022212,405.64,0.051654,1004.8,0.127951,6197.89,0.78924,70.23,0.008943
scala-sgigsm01,tratamento,scala-sgigsm01,2024,pos,s2,5.0,7853.98,785299,128.41,0.016352,473.37,0.060279,844.91,0.107591,6348.92,0.808472,57.38,0.007307
scala-sgigsm01,tratamento,scala-sgigsm01,2025,pos,s2,5.0,7853.98,785299,176.97,0.022535,536.7,0.068343,926.82,0.118021,6150.15,0.78316,62.35,0.00794
ctrl-scala-spoapa01-p01,controle,scala-spoapa01,2020,pre,s2,0.5,78.54,7910,0.05,0.000632,2.2,0.027813,16.34,0.206574,60.5,0.764855,0.01,0.000126
ctrl-scala-spoapa01-p01,controle,scala-spoapa01,2021,pre,s2,0.5,78.54,7910,0.06,0.000759,2.01,0.025411,10.25,0.129583,66.76,0.843995,0.02,0.000253
ctrl-scala-spoapa01-p01,controle,scala-spoapa01,2022,pre,s2,0.5,78.54,7910,0.07,0.000885,1.72,0.021745,8.83,0.111631,68.46,0.865487,0.02,0.000253
ctrl-scala-spoapa01-p01,controle,scala-spoapa01,2023,durante,s2,0.5,78.54,7910,0.15,0.001896,1.96,0.024779,8.87,0.112137,68.1,0.860936,0.02,0.000253
ctrl-scala-spoapa01-p01,controle,scala-spoapa01,2024,pos,s2,0.5,78.54,7910,0.09,0.001138,2.13,0.026928,5.39,0.068142,71.48,0.903666,0.01,0.000126
ctrl-scala-spoapa01-p01,controle,scala-spoapa01,2025,pos,s2,0.5,78.54,7910,0.17,0.002149,2.15,0.027181,10.25,0.129583,66.5,0.840708,0.03,0.000379
ctrl-scala-spoapa01-p01,controle,scala-spoapa01,2020,pre,s2,1.0,314.16,31673,1.11,0.003505,7.65,0.024153,69.59,0.219714,238.06,0.751618,0.32,0.00101
ctrl-scala-spoapa01-p01,controle,scala-spoapa01,2021,pre,s2,1.0,314.16,31673,0.85,0.002684,7.37,0.023269,42.52,0.134247,265.6,0.838569,0.39,0.001231
ctrl-scala-spoapa01-p01,controle,scala-spoapa01,2022,pre,s2,1.0,314.16,31673,1.17,0.003694,7.07,0.022322,32.26,0.101853,276.01,0.871436,0.22,0.000695
ctrl-scala-spoapa01-p01,controle,scala-spoapa01,2023,durante,s2,1.0,314.16,31673,0.77,0.002431,8.1,0.025574,35.52,0.112146,272.19,0.859375,0.15,0.000474
ctrl-scala-spoapa01-p01,controle,scala-spoapa01,2024,pos,s2,1.0,314.16,31673,0.85,0.002684,7.65,0.024153,22.4,0.070723,285.69,0.901999,0.14,0.000442
ctrl-scala-spoapa01-p01,controle,scala-spoapa01,2025,pos,s2,1.0,314.16,31673,0.73,0.002305,8.03,0.025353,42.7,0.134815,264.79,0.836012,0.48,0.001515
ctrl-scala-spoapa01-p01,controle,scala-spoapa01,2020,pre,s2,1.5,706.86,71246,9.07,0.012731,20.74,0.02911,158.2,0.222048,523.9,0.73534,0.55,0.000772
ctrl-scala-spoapa01-p01,controle,scala-spoapa01,2021,pre,s2,1.5,706.86,71246,9.27,0.013011,20.4,0.028633,93.73,0.131558,588.28,0.825702,0.78,0.001095
ctrl-scala-spoapa01-p01,controle,scala-spoapa01,2022,pre,s2,1.5,706.86,71246,10.96,0.015383,19.96,0.028016,72.03,0.1011,608.8,0.854504,0.71,0.000997
ctrl-scala-spoapa01-p01,controle,scala-spoapa01,2023,durante,s2,1.5,706.86,71246,10.42,0.014625,22.54,0.031637,79.91,0.112161,598.89,0.840595,0.7,0.000983
ctrl-scala-spoapa01-p01,controle,scala-spoapa01,2024,pos,s2,1.5,706.86,71246,9.7,0.013615,22.95,0.032212,49.16,0.069,630.02,0.884288,0.63,0.000884
ctrl-scala-spoapa01-p01,controle,scala-spoapa01,2025,pos,s2,1.5,706.86,71246,10.93,0.015341,20.84,0.029251,96.12,0.134913,583.19,0.818558,1.38,0.001937
ctrl-scala-spoapa01-p01,controle,scala-spoapa01,2020,pre,s2,2.0,1256.64,126650,42.43,0.033502,83.01,0.065543,280.52,0.221492,858.8,0.678089,1.74,0.001374
ctrl-scala-spoapa01-p01,controle,scala-spoapa01,2021,pre,s2,2.0,1256.64,126650,42.56,0.033604,79.94,0.063119,175.95,0.138926,965.65,0.762456,2.4,0.001895
ctrl-scala-spoapa01-p01,controle,scala-spoapa01,2022,pre,s2,2.0,1256.64,126650,48.36,0.038184,76.97,0.060774,146.18,0.11542,992.48,0.78364,2.51,0.001982
ctrl-scala-spoapa01-p01,controle,scala-spoapa01,2023,durante,s2,2.0,1256.64,126650,46.12,0.036415,85.72,0.067683,155.3,0.122621,977.0,0.771417,2.36,0.001863
ctrl-scala-spoapa01-p01,controle,scala-spoapa01,2024,pos,s2,2.0,1256.64,126650,47.28,0.037331,85.44,0.067462,97.84,0.077252,1033.37,0.815926,2.57,0.002029
ctrl-scala-spoapa01-p01,controle,scala-spoapa01,2025,pos,s2,2.0,1256.64,126650,49.13,0.038792,77.1,0.060876,182.15,0.143822,954.04,0.753289,4.08,0.003221
ctrl-scala-spoapa01-p01,controle,scala-spoapa01,2020,pre,s2,3.0,2827.43,284978,424.76,0.14905,315.95,0.110868,550.97,0.193338,1545.16,0.542203,12.94,0.004541
ctrl-scala-spoapa01-p01,controle,scala-spoapa01,2021,pre,s2,3.0,2827.43,284978,425.96,0.149471,298.47,0.104734,393.93,0.138232,1717.37,0.602632,14.05,0.00493
ctrl-scala-spoapa01-p01,controle,scala-spoapa01,2022,pre,s2,3.0,2827.43,284978,450.22,0.157984,276.13,0.096895,361.03,0.126687,1745.04,0.612342,17.36,0.006092
ctrl-scala-spoapa01-p01,controle,scala-spoapa01,2023,durante,s2,3.0,2827.43,284978,440.5,0.154573,304.18,0.106738,369.88,0.129792,1722.64,0.604482,12.58,0.004414
ctrl-scala-spoapa01-p01,controle,scala-spoapa01,2024,pos,s2,3.0,2827.43,284978,444.38,0.155935,301.75,0.105885,245.72,0.086224,1839.0,0.645313,18.93,0.006643
ctrl-scala-spoapa01-p01,controle,scala-spoapa01,2025,pos,s2,3.0,2827.43,284978,453.57,0.15916,280.49,0.098425,410.35,0.143994,1686.82,0.591912,18.55,0.006509
ctrl-scala-spoapa01-p01,controle,scala-spoapa01,2020,pre,s2,5.0,7853.98,791469,2035.58,0.25719,1606.86,0.203022,1177.64,0.148792,2869.6,0.362566,225.01,0.028429
ctrl-scala-spoapa01-p01,controle,scala-spoapa01,2021,pre,s2,5.0,7853.98,791469,2029.71,0.256448,1563.87,0.197591,959.58,0.12124,3163.03,0.39964,198.5,0.02508
ctrl-scala-spoapa01-p01,controle,scala-spoapa01,2022,pre,s2,5.0,7853.98,791469,2229.52,0.281694,1383.84,0.174844,916.25,0.115766,3144.73,0.397328,240.35,0.030368
ctrl-scala-spoapa01-p01,controle,scala-spoapa01,2023,durante,s2,5.0,7853.98,791469,2160.15,0.272929,1486.42,0.187805,922.68,0.116578,3126.97,0.395084,218.47,0.027603
ctrl-scala-spoapa01-p01,controle,scala-spoapa01,2024,pos,s2,5.0,7853.98,791469,2094.0,0.264571,1450.68,0.18329,687.22,0.086828,3366.99,0.42541,315.8,0.0399
ctrl-scala-spoapa01-p01,controle,scala-spoapa01,2025,pos,s2,5.0,7853.98,791469,2166.31,0.273707,1346.01,0.170065,1015.4,0.128293,3053.63,0.385818,333.34,0.042117
scala-spoapa01,tratamento,scala-spoapa01,2020,pre,s2,0.5,78.54,7916,0.1,0.001263,1.56,0.019707,19.81,0.250253,57.62,0.727893,0.07,0.000884
scala-spoapa01,tratamento,scala-spoapa01,2021,pre,s2,0.5,78.54,7916,0.08,0.001011,0.96,0.012127,16.09,0.203259,61.97,0.782845,0.06,0.000758
scala-spoapa01,tratamento,scala-spoapa01,2022,pre,s2,0.5,78.54,7916,0.4,0.005053,1.65,0.020844,13.38,0.169025,63.56,0.802931,0.17,0.002148
scala-spoapa01,tratamento,scala-spoapa01,2023,durante,s2,0.5,78.54,7916,0.18,0.002274,1.23,0.015538,16.09,0.203259,61.63,0.77855,0.03,0.000379
scala-spoapa01,tratamento,scala-spoapa01,2024,pos,s2,0.5,78.54,7916,0.12,0.001516,1.51,0.019075,12.88,0.162708,64.61,0.816195,0.04,0.000505
scala-spoapa01,tratamento,scala-spoapa01,2025,pos,s2,0.5,78.54,7916,0.07,0.000884,1.47,0.01857,18.18,0.229661,59.42,0.750632,0.02,0.000253
scala-spoapa01,tratamento,scala-spoapa01,2020,pre,s2,1.0,314.16,31676,0.34,0.001073,3.91,0.012344,87.37,0.275824,224.26,0.707981,0.88,0.002778
scala-spoapa01,tratamento,scala-spoapa01,2021,pre,s2,1.0,314.16,31676,0.21,0.000663,2.44,0.007703,72.68,0.229448,240.85,0.760355,0.58,0.001831
scala-spoapa01,tratamento,scala-spoapa01,2022,pre,s2,1.0,314.16,31676,0.81,0.002557,4.46,0.01408,64.2,0.202677,245.91,0.776329,1.38,0.004357
scala-spoapa01,tratamento,scala-spoapa01,2023,durante,s2,1.0,314.16,31676,0.57,0.001799,3.9,0.012312,68.99,0.217799,242.8,0.766511,0.5,0.001578
scala-spoapa01,tratamento,scala-spoapa01,2024,pos,s2,1.0,314.16,31676,0.26,0.000821,4.22,0.013322,55.79,0.176127,256.06,0.808372,0.43,0.001357
scala-spoapa01,tratamento,scala-spoapa01,2025,pos,s2,1.0,314.16,31676,0.3,0.000947,3.89,0.012281,78.69,0.248422,233.33,0.736614,0.55,0.001736
scala-spoapa01,tratamento,scala-spoapa01,2020,pre,s2,1.5,706.86,71264,10.69,0.015001,28.26,0.039655,183.86,0.257998,429.16,0.602211,60.67,0.085134
scala-spoapa01,tratamento,scala-spoapa01,2021,pre,s2,1.5,706.86,71264,9.72,0.013639,25.54,0.035839,156.95,0.220237,459.42,0.644673,61.01,0.085611
scala-spoapa01,tratamento,scala-spoapa01,2022,pre,s2,1.5,706.86,71264,15.11,0.021203,27.13,0.03807,140.83,0.197617,467.24,0.655647,62.33,0.087464
scala-spoapa01,tratamento,scala-spoapa01,2023,durante,s2,1.5,706.86,71264,11.85,0.016628,29.27,0.041073,147.98,0.20765,463.78,0.650791,59.76,0.083857
scala-spoapa01,tratamento,scala-spoapa01,2024,pos,s2,1.5,706.86,71264,7.1,0.009963,23.61,0.03313,129.68,0.181971,485.35,0.681059,66.9,0.093876
scala-spoapa01,tratamento,scala-spoapa01,2025,pos,s2,1.5,706.86,71264,11.59,0.016263,26.9,0.037747,177.85,0.249565,433.39,0.608147,62.91,0.088277
scala-spoapa01,tratamento,scala-spoapa01,2020,pre,s2,2.0,1256.64,126675,78.48,0.061954,115.8,0.091415,292.87,0.231198,645.45,0.509532,134.15,0.105901
scala-spoapa01,tratamento,scala-spoapa01,2021,pre,s2,2.0,1256.64,126675,77.64,0.061291,112.42,0.088747,251.31,0.19839,690.41,0.545025,134.97,0.106548
scala-spoapa01,tratamento,scala-spoapa01,2022,pre,s2,2.0,1256.64,126675,115.33,0.091044,90.81,0.071687,222.95,0.176002,699.59,0.552272,138.07,0.108995
scala-spoapa01,tratamento,scala-spoapa01,2023,durante,s2,2.0,1256.64,126675,101.0,0.079732,101.85,0.080403,234.89,0.185427,696.21,0.549603,132.8,0.104835
scala-spoapa01,tratamento,scala-spoapa01,2024,pos,s2,2.0,1256.64,126675,74.28,0.058638,76.35,0.060272,209.14,0.1651,740.72,0.58474,166.26,0.131249
scala-spoapa01,tratamento,scala-spoapa01,2025,pos,s2,2.0,1256.64,126675,106.95,0.084429,89.48,0.070637,276.94,0.218622,654.04,0.516313,139.34,0.109998
scala-spoapa01,tratamento,scala-spoapa01,2020,pre,s2,3.0,2827.43,285016,203.57,0.071424,311.14,0.109166,636.32,0.223258,1196.58,0.419829,502.55,0.176323
scala-spoapa01,tratamento,scala-spoapa01,2021,pre,s2,3.0,2827.43,285016,188.35,0.066084,319.91,0.112243,562.03,0.197192,1282.25,0.449887,497.62,0.174594
scala-spoapa01,tratamento,scala-spoapa01,2022,pre,s2,3.0,2827.43,285016,278.85,0.097837,273.66,0.096016,504.39,0.176969,1288.05,0.451922,505.21,0.177257
scala-spoapa01,tratamento,scala-spoapa01,2023,durante,s2,3.0,2827.43,285016,250.59,0.087921,310.67,0.109001,520.66,0.182677,1276.58,0.447898,491.66,0.172503
scala-spoapa01,tratamento,scala-spoapa01,2024,pos,s2,3.0,2827.43,285016,162.37,0.056969,235.14,0.082501,480.28,0.16851,1393.52,0.488927,578.85,0.203094
scala-spoapa01,tratamento,scala-spoapa01,2025,pos,s2,3.0,2827.43,285016,221.98,0.077883,256.7,0.090065,603.05,0.211585,1225.03,0.429811,543.4,0.190656
scala-spoapa01,tratamento,scala-spoapa01,2020,pre,s2,5.0,7853.98,791543,782.86,0.098903,1007.86,0.127329,1620.13,0.20468,2837.87,0.358524,1666.71,0.210565
scala-spoapa01,tratamento,scala-spoapa01,2021,pre,s2,5.0,7853.98,791543,749.86,0.094734,1075.43,0.135865,1410.65,0.178215,3040.45,0.384117,1639.04,0.207069
scala-spoapa01,tratamento,scala-spoapa01,2022,pre,s2,5.0,7853.98,791543,1022.47,0.129174,872.68,0.11025,1353.55,0.171001,3017.64,0.381235,1649.09,0.208339
scala-spoapa01,tratamento,scala-spoapa01,2023,durante,s2,5.0,7853.98,791543,959.22,0.121184,964.6,0.121863,1357.87,0.171547,3016.03,0.381032,1617.71,0.204374
scala-spoapa01,tratamento,scala-spoapa01,2024,pos,s2,5.0,7853.98,791543,587.98,0.074283,729.72,0.09219,1220.96,0.154251,3321.16,0.41958,2055.61,0.259697
scala-spoapa01,tratamento,scala-spoapa01,2025,pos,s2,5.0,7853.98,791543,837.03,0.105747,837.2,0.105768,1472.85,0.186073,2942.74,0.371773,1825.61,0.230639
ctrl-scala-tambore-p01,controle,scala-tambore,2018,pre,landsat,0.5,78.54,873,8.46,0.107675,57.06,0.726231,0.09,0.001145,12.96,0.164948,0.0,0.0
ctrl-scala-tambore-p01,controle,scala-tambore,2019,pre,landsat,0.5,78.54,873,15.03,0.191294,54.0,0.687285,0.0,0.0,9.45,0.120275,0.09,0.001145
ctrl-scala-tambore-p01,controle,scala-tambore,2020,pre,landsat,0.5,78.54,873,10.71,0.136312,57.69,0.73425,0.0,0.0,10.08,0.128293,0.09,0.001145
ctrl-scala-tambore-p01,controle,scala-tambore,2021,durante,landsat,0.5,78.54,873,6.75,0.085911,59.85,0.761741,0.0,0.0,11.97,0.152348,0.0,0.0
ctrl-scala-tambore-p01,controle,scala-tambore,2022,durante,landsat,0.5,78.54,873,7.65,0.097365,60.3,0.767468,0.0,0.0,10.62,0.135166,0.0,0.0
ctrl-scala-tambore-p01,controle,scala-tambore,2023,durante,landsat,0.5,78.54,873,13.68,0.174112,54.54,0.694158,0.0,0.0,9.36,0.119129,0.99,0.0126
ctrl-scala-tambore-p01,controle,scala-tambore,2024,pos,landsat,0.5,78.54,873,13.05,0.166094,55.98,0.712486,0.09,0.001145,9.36,0.119129,0.09,0.001145
ctrl-scala-tambore-p01,controle,scala-tambore,2018,pre,landsat,1.0,314.16,3493,46.35,0.147438,188.55,0.599771,0.36,0.001145,69.03,0.219582,10.08,0.032064
ctrl-scala-tambore-p01,controle,scala-tambore,2019,pre,landsat,1.0,314.16,3493,78.39,0.249356,173.61,0.552247,0.0,0.0,52.56,0.167192,9.81,0.031205
ctrl-scala-tambore-p01,controle,scala-tambore,2020,pre,landsat,1.0,314.16,3493,59.67,0.189808,193.59,0.615803,0.27,0.000859,51.03,0.162325,9.81,0.031205
ctrl-scala-tambore-p01,controle,scala-tambore,2021,durante,landsat,1.0,314.16,3493,46.17,0.146865,186.12,0.592041,0.72,0.00229,73.08,0.232465,8.28,0.026338
ctrl-scala-tambore-p01,controle,scala-tambore,2022,durante,landsat,1.0,314.16,3493,41.04,0.130547,202.05,0.642714,0.18,0.000573,61.47,0.195534,9.63,0.030633
ctrl-scala-tambore-p01,controle,scala-tambore,2023,durante,landsat,1.0,314.16,3493,70.92,0.225594,179.64,0.571429,0.18,0.000573,49.05,0.156026,14.58,0.046378
ctrl-scala-tambore-p01,controle,scala-tambore,2024,pos,landsat,1.0,314.16,3493,65.34,0.207844,176.04,0.559977,1.08,0.003435,58.23,0.185228,13.68,0.043516
ctrl-scala-tambore-p01,controle,scala-tambore,2018,pre,landsat,1.5,706.86,7848,143.55,0.203236,336.87,0.476937,3.51,0.004969,189.72,0.268603,32.67,0.046254
ctrl-scala-tambore-p01,controle,scala-tambore,2019,pre,landsat,1.5,706.86,7848,215.37,0.304918,312.66,0.442661,0.27,0.000382,144.0,0.203874,34.02,0.048165
ctrl-scala-tambore-p01,controle,scala-tambore,2020,pre,landsat,1.5,706.86,7848,183.06,0.259174,347.58,0.4921,0.99,0.001402,142.02,0.20107,32.67,0.046254
ctrl-scala-tambore-p01,controle,scala-tambore,2021,durante,landsat,1.5,706.86,7848,151.56,0.214577,330.75,0.468272,1.71,0.002421,193.32,0.2737,28.98,0.04103
ctrl-scala-tambore-p01,controle,scala-tambore,2022,durante,landsat,1.5,706.86,7848,129.06,0.182722,373.77,0.529179,1.17,0.001656,170.19,0.240953,32.13,0.045489
ctrl-scala-tambore-p01,controle,scala-tambore,2023,durante,landsat,1.5,706.86,7848,188.19,0.266437,341.37,0.483308,0.9,0.001274,136.35,0.193043,39.51,0.055938
ctrl-scala-tambore-p01,controle,scala-tambore,2024,pos,landsat,1.5,706.86,7848,167.31,0.236876,326.34,0.462029,1.53,0.002166,170.19,0.240953,40.95,0.057977
ctrl-scala-tambore-p01,controle,scala-tambore,2018,pre,landsat,2.0,1256.64,13966,285.84,0.227409,626.04,0.498067,7.29,0.0058,256.86,0.204353,80.91,0.064371
ctrl-scala-tambore-p01,controle,scala-tambore,2019,pre,landsat,2.0,1256.64,13966,416.25,0.331161,569.52,0.4531,2.16,0.001718,189.81,0.15101,79.2,0.06301
ctrl-scala-tambore-p01,controle,scala-tambore,2020,pre,landsat,2.0,1256.64,13966,370.08,0.294429,621.18,0.4942,3.78,0.003007,188.19,0.149721,73.71,0.058642
ctrl-scala-tambore-p01,controle,scala-tambore,2021,durante,landsat,2.0,1256.64,13966,301.59,0.23994,630.09,0.501289,4.77,0.003795,262.53,0.208864,57.96,0.046112
ctrl-scala-tambore-p01,controle,scala-tambore,2022,durante,landsat,2.0,1256.64,13966,273.96,0.217958,691.56,0.550193,3.87,0.003079,225.45,0.179364,62.1,0.049406
ctrl-scala-tambore-p01,controle,scala-tambore,2023,durante,landsat,2.0,1256.64,13966,364.5,0.28999,620.46,0.493627,3.15,0.002506,178.65,0.142131,90.18,0.071746
ctrl-scala-tambore-p01,controle,scala-tambore,2024,pos,landsat,2.0,1256.64,13966,328.86,0.261635,615.33,0.489546,3.51,0.002792,227.43,0.180939,81.81,0.065087
ctrl-scala-tambore-p01,controle,scala-tambore,2018,pre,landsat,3.0,2827.43,31418,771.93,0.272996,1408.14,0.497995,39.06,0.013814,459.81,0.162614,148.68,0.052581
ctrl-scala-tambore-p01,controle,scala-tambore,2019,pre,landsat,3.0,2827.43,31418,1049.4,0.371125,1223.28,0.432618,25.11,0.00888,366.93,0.129766,162.9,0.05761
ctrl-scala-tambore-p01,controle,scala-tambore,2020,pre,landsat,3.0,2827.43,31418,940.86,0.332739,1325.97,0.468935,27.81,0.009835,376.02,0.132981,156.96,0.05551
ctrl-scala-tambore-p01,controle,scala-tambore,2021,durante,landsat,3.0,2827.43,31418,783.09,0.276943,1434.51,0.507321,31.95,0.011299,459.18,0.162391,118.89,0.042046
ctrl-scala-tambore-p01,controle,scala-tambore,2022,durante,landsat,3.0,2827.43,31418,723.87,0.256,1510.47,0.534184,32.13,0.011363,435.06,0.153861,126.09,0.044592
ctrl-scala-tambore-p01,controle,scala-tambore,2023,durante,landsat,3.0,2827.43,31418,953.55,0.337227,1309.68,0.463174,31.95,0.011299,358.38,0.126743,174.06,0.061557
ctrl-scala-tambore-p01,controle,scala-tambore,2024,pos,landsat,3.0,2827.43,31418,882.81,0.31221,1334.07,0.4718,27.36,0.009676,408.42,0.144439,174.96,0.061875
ctrl-scala-tambore-p01,controle,scala-tambore,2018,pre,landsat,5.0,7853.98,87274,3245.4,0.413181,3445.11,0.438607,83.07,0.010576,779.04,0.099182,302.04,0.038454
ctrl-scala-tambore-p01,controle,scala-tambore,2019,pre,landsat,5.0,7853.98,87274,3956.76,0.503747,2917.26,0.371405,44.28,0.005637,596.34,0.075922,340.02,0.043289
ctrl-scala-tambore-p01,controle,scala-tambore,2020,pre,landsat,5.0,7853.98,87274,3693.78,0.470266,3162.87,0.402674,45.45,0.005786,618.75,0.078775,333.81,0.042498
ctrl-scala-tambore-p01,controle,scala-tambore,2021,durante,landsat,5.0,7853.98,87274,3279.6,0.417536,3476.34,0.442583,58.14,0.007402,769.14,0.097921,271.44,0.034558
ctrl-scala-tambore-p01,controle,scala-tambore,2022,durante,landsat,5.0,7853.98,87274,3110.31,0.395983,3672.27,0.467528,50.85,0.006474,745.65,0.094931,275.58,0.035085
ctrl-scala-tambore-p01,controle,scala-tambore,2023,durante,landsat,5.0,7853.98,87274,3737.88,0.475881,3063.06,0.389967,52.29,0.006657,613.71,0.078133,387.72,0.049362
ctrl-scala-tambore-p01,controle,scala-tambore,2024,pos,landsat,5.0,7853.98,87274,3535.29,0.450088,3174.84,0.404198,46.26,0.005889,694.71,0.088446,403.56,0.051378
scala-tambore,tratamento,scala-tambore,2018,pre,landsat,0.5,78.54,870,10.44,0.133333,11.79,0.150575,0.45,0.005747,55.62,0.710345,0.0,0.0
scala-tambore,tratamento,scala-tambore,2019,pre,landsat,0.5,78.54,870,12.78,0.163218,10.71,0.136782,0.0,0.0,54.72,0.698851,0.09,0.001149
scala-tambore,tratamento,scala-tambore,2020,pre,landsat,0.5,78.54,870,11.52,0.147126,10.71,0.136782,0.27,0.003448,55.62,0.710345,0.18,0.002299
scala-tambore,tratamento,scala-tambore,2021,durante,landsat,0.5,78.54,870,9.18,0.117241,9.09,0.116092,0.18,0.002299,59.85,0.764368,0.0,0.0
scala-tambore,tratamento,scala-tambore,2022,durante,landsat,0.5,78.54,870,9.99,0.127586,9.72,0.124138,0.18,0.002299,57.6,0.735632,0.81,0.010345
scala-tambore,tratamento,scala-tambore,2023,durante,landsat,0.5,78.54,870,10.53,0.134483,9.81,0.125287,0.27,0.003448,57.06,0.728736,0.63,0.008046
scala-tambore,tratamento,scala-tambore,2024,pos,landsat,0.5,78.54,870,10.8,0.137931,9.81,0.125287,0.63,0.008046,56.16,0.717241,0.9,0.011494
scala-tambore,tratamento,scala-tambore,2018,pre,landsat,1.0,314.16,3491,27.0,0.085935,43.11,0.13721,0.9,0.002865,243.0,0.773417,0.18,0.000573
scala-tambore,tratamento,scala-tambore,2019,pre,landsat,1.0,314.16,3491,34.83,0.110856,41.58,0.13234,0.72,0.002292,236.61,0.753079,0.45,0.001432
scala-tambore,tratamento,scala-tambore,2020,pre,landsat,1.0,314.16,3491,27.9,0.0888,42.57,0.135491,0.54,0.001719,242.37,0.771412,0.81,0.002578
scala-tambore,tratamento,scala-tambore,2021,durante,landsat,1.0,314.16,3491,23.13,0.073618,33.84,0.107706,0.72,0.002292,256.23,0.815526,0.27,0.000859
scala-tambore,tratamento,scala-tambore,2022,durante,landsat,1.0,314.16,3491,24.21,0.077055,36.18,0.115153,0.18,0.000573,252.18,0.802635,1.44,0.004583
scala-tambore,tratamento,scala-tambore,2023,durante,landsat,1.0,314.16,3491,29.25,0.093097,37.35,0.118877,0.63,0.002005,246.06,0.783157,0.9,0.002865
scala-tambore,tratamento,scala-tambore,2024,pos,landsat,1.0,314.16,3491,28.98,0.092237,37.62,0.119736,1.8,0.005729,244.62,0.778573,1.17,0.003724
scala-tambore,tratamento,scala-tambore,2018,pre,landsat,1.5,706.86,7856,70.47,0.099669,102.69,0.145239,2.07,0.002928,531.45,0.751655,0.36,0.000509
scala-tambore,tratamento,scala-tambore,2019,pre,landsat,1.5,706.86,7856,88.65,0.125382,98.46,0.139257,1.71,0.002419,517.41,0.731797,0.81,0.001146
scala-tambore,tratamento,scala-tambore,2020,pre,landsat,1.5,706.86,7854,71.73,0.101477,99.63,0.140947,1.26,0.001783,531.09,0.751337,3.15,0.004456
scala-tambore,tratamento,scala-tambore,2021,durante,landsat,1.5,706.86,7856,65.97,0.093304,83.16,0.117617,1.98,0.0028,555.03,0.785005,0.9,0.001273
scala-tambore,tratamento,scala-tambore,2022,durante,landsat,1.5,706.86,7853,67.86,0.096014,84.6,0.119699,1.08,0.001528,549.72,0.777792,3.51,0.004966
scala-tambore,tratamento,scala-tambore,2023,durante,landsat,1.5,706.86,7853,78.93,0.111677,89.91,0.127213,1.62,0.002292,533.16,0.754361,3.15,0.004457
scala-tambore,tratamento,scala-tambore,2024,pos,landsat,1.5,706.86,7856,74.43,0.10527,91.62,0.129582,2.88,0.004073,535.77,0.757765,2.34,0.00331
scala-tambore,tratamento,scala-tambore,2018,pre,landsat,2.0,1256.64,13962,153.54,0.122189,212.58,0.169173,8.01,0.006374,881.64,0.701619,0.81,0.000645
scala-tambore,tratamento,scala-tambore,2019,pre,landsat,2.0,1256.64,13962,185.04,0.147257,202.86,0.161438,6.12,0.00487,861.12,0.685289,1.44,0.001146
scala-tambore,tratamento,scala-tambore,2020,pre,landsat,2.0,1256.64,13960,155.79,0.123997,208.71,0.166117,6.93,0.005516,879.3,0.699857,5.67,0.004513
scala-tambore,tratamento,scala-tambore,2021,durante,landsat,2.0,1256.64,13962,142.47,0.113379,194.58,0.154849,8.19,0.006518,909.45,0.72375,1.89,0.001504
scala-tambore,tratamento,scala-tambore,2022,durante,landsat,2.0,1256.64,13959,151.65,0.120711,186.03,0.148077,4.68,0.003725,908.28,0.722974,5.67,0.004513
scala-tambore,tratamento,scala-tambore,2023,durante,landsat,2.0,1256.64,13944,173.88,0.138554,192.69,0.153543,4.05,0.003227,878.94,0.700373,5.4,0.004303
scala-tambore,tratamento,scala-tambore,2024,pos,landsat,2.0,1256.64,13962,163.44,0.130067,198.9,0.158287,5.58,0.004441,884.52,0.703911,4.14,0.003295
scala-tambore,tratamento,scala-tambore,2018,pre,landsat,3.0,2827.43,31418,441.0,0.155962,608.85,0.215322,42.12,0.014896,1706.49,0.603508,29.16,0.010313
scala-tambore,tratamento,scala-tambore,2019,pre,landsat,3.0,2827.43,31417,515.79,0.182417,573.03,0.202661,42.21,0.014928,1664.37,0.58863,32.13,0.011363
scala-tambore,tratamento,scala-tambore,2020,pre,landsat,3.0,2827.43,31410,434.25,0.153613,578.52,0.204648,62.55,0.022127,1709.91,0.604871,41.67,0.014741
scala-tambore,tratamento,scala-tambore,2021,durante,landsat,3.0,2827.43,31407,397.17,0.14051,571.59,0.202216,62.73,0.022193,1767.06,0.625147,28.08,0.009934
scala-tambore,tratamento,scala-tambore,2022,durante,landsat,3.0,2827.43,31245,424.44,0.150936,556.29,0.197824,60.66,0.021571,1739.88,0.618723,30.78,0.010946
scala-tambore,tratamento,scala-tambore,2023,durante,landsat,3.0,2827.43,31139,505.62,0.180417,543.51,0.193937,28.08,0.01002,1697.13,0.605575,28.17,0.010052
scala-tambore,tratamento,scala-tambore,2024,pos,landsat,3.0,2827.43,31416,487.35,0.172364,535.77,0.189489,41.94,0.014833,1731.33,0.612331,31.05,0.010982
scala-tambore,tratamento,scala-tambore,2018,pre,landsat,5.0,7853.98,87264,1540.44,0.19614,1354.14,0.172419,74.88,0.009534,4806.99,0.612062,77.31,0.009844
scala-tambore,tratamento,scala-tambore,2019,pre,landsat,5.0,7853.98,87272,1709.64,0.217664,1305.9,0.166262,72.9,0.009281,4679.37,0.595758,86.67,0.011034
scala-tambore,tratamento,scala-tambore,2020,pre,landsat,5.0,7853.98,87261,1544.13,0.196617,1317.78,0.167795,96.12,0.012239,4780.89,0.60876,114.57,0.014588
scala-tambore,tratamento,scala-tambore,2021,durante,landsat,5.0,7853.98,87262,1436.49,0.182909,1326.96,0.168962,98.91,0.012594,4915.53,0.625897,75.69,0.009638
scala-tambore,tratamento,scala-tambore,2022,durante,landsat,5.0,7853.98,87100,1503.54,0.191803,1284.21,0.163823,90.54,0.01155,4878.27,0.622308,82.44,0.010517
scala-tambore,tratamento,scala-tambore,2023,durante,landsat,5.0,7853.98,86962,1687.95,0.215669,1228.95,0.157023,62.28,0.007957,4759.92,0.608174,87.48,0.011177
scala-tambore,tratamento,scala-tambore,2024,pos,landsat,5.0,7853.98,87239,1658.52,0.211236,1201.77,0.153062,73.44,0.009354,4827.06,0.614794,90.72,0.011554
