campus_id,pais,lat,lon,n_predios,nome,operadora,municipio,uf,ano_operacional,fonte,origem_data,no_estudo_atual,tem_data,pct_veg_densa,pct_veg_rala,pct_solo_exposto,pct_construida,pct_agua,lst_campus,lst_referencia,anomalia_termica_c,frac_built_inicio,greenfield
br-0001,BR,-23.57126425,-46.61943725,2,Data Center Marechal Rondon,Brazilian Army,Sao Paulo,,2015.0,datacentermap,declarada_datacentermap,False,True,2.121098892414387,0.0,0.0,97.53846370705077,0.3404374005348559,32.00320775428005,32.3580660424157,-0.35485828813565234,,
br-0002,BR,-22.70650052424456,-43.23743247257072,1,ADA Rio de Janeiro,Ada Infrastructure,Duque de Caxias,,,datacentermap,,False,False,52.04565115033174,18.094576254196653,0.0,29.85977259547161,0.0,32.10883863996565,30.776419347435898,1.3324192925297496,,
br-0003,BR,-30.016501955502555,-51.20388801034021,10,Adentro DC Porto Alegre,ADENTRO DATA CENTER SOLUTIONS LTDA,Porto Alegre,Rio Grande do Sul,2023.0,datacentermap,declarada_datacentermap,True,True,0.0,0.0,0.0,100.0,0.0,38.142548191916326,32.06044866685454,6.0820995250617855,,
br-0004,BR,-18.9209149,-48.3090492,1,Algar Tech Uberlandia - Jaraguá,Algar Tech,Uberlandia,MG,,datacentermap,,False,False,3.6550191210859007,8.686148272782237,0.1794055113086884,87.47942709482317,0.0,33.886234462567685,32.74099384019334,1.1452406223743452,,
br-0005,BR,-18.8725131,-48.2451629,1,Algar Tech Uberlandia - Granja Marileusa,Algar Tech,Uberlandia,Minas Gerais,,datacentermap,,False,False,22.979313056197707,26.860666131733193,1.8011481229357753,48.35887268913332,0.0,32.46248006199355,32.80313402184467,-0.34065395985111735,,
br-0006,BR,-22.799210861157988,-43.35303072747805,11,ODATA RJ01,"ODATA, an Aligned Data Centers Company",São João de Meriti,,2017.0,datacentermap+osm,declarada_datacentermap,True,True,1.6092074238573506,0.13402314638888202,2.4922866675266073,95.76448276222717,0.0,36.205383399439995,34.0300242036111,2.1753591958288965,,
br-0007,BR,-23.45409941058477,-46.91251924279884,4,ODATA SP01,"ODATA, an Aligned Data Centers Company","Votuparim, Santana de Parnaíba",,2017.0,datacentermap+osm,declarada_datacentermap,False,True,37.65796893360036,18.87267415713186,0.8079932936672267,31.77398067315195,10.887382942448603,28.260007545472057,27.402825024880187,0.85718252059187,,
br-0008,BR,-22.89765332853932,-47.18764527108291,13,ODATA SP02 Campus,"ODATA, an Aligned Data Centers Company","Chácaras Assay, Hortolândia",,2015.0,datacentermap+osm,declarada_datacentermap,True,True,11.41934984162404,27.496963062408263,2.3126710872044973,58.232083693947295,0.5389323148159008,33.725174899782395,32.857718910748964,0.8674559890334308,,
br-0009,BR,-23.49739806407384,-46.81541396120501,20,ODATA SP03,"ODATA, an Aligned Data Centers Company","Tamboré, Barueri",,2000.0,datacentermap+osm,declarada_datacentermap,True,True,13.266191085700761,0.0,0.0,86.73380891429925,0.0,31.006017754755167,29.79241831080208,1.2135994439530862,,
br-0010,BR,-3.7434239996938503,-38.4582846484485,10,AngoNAP Fortaleza,Angola Cables,Fortaleza,,2025.0,datacentermap+osm,declarada_datacentermap,True,True,2.0750970616408244,1.0915810308251293,3.028901821356265,90.90955861403587,2.8948614721419097,37.76780974286021,31.376515831893652,6.3912939109665565,,
br-0011,BR,-27.1076999,-48.9186753,1,Armazem DC Brusque,Armazém Cloud,Brusque,,,datacentermap,,False,False,25.16340312987586,0.5795538639261968,0.0,72.78360116945353,1.4734418367444255,30.77337630443904,26.372137162232963,4.401239142206077,,
br-0012,BR,-26.2392368,-48.88348435,2,Armazem DC Joinville,Armazém Cloud,Joinville,,,datacentermap+osm,,False,False,48.59952273995433,12.161560609820976,1.7068745911884973,37.5320420590362,0.0,31.47579308292012,28.774673036697806,2.7011200462223144,,
br-0013,BR,-23.6756459307653,-46.70346926575303,2,ASAP SP1,ASAP Telecom,São Paulo,SP,2022.0,datacentermap,declarada_datacentermap,False,True,3.148997519384463,3.734384457657,0.06056363898114087,86.12353804789977,6.93251633607763,32.39100294779161,30.59582392451601,1.795179023275601,,
br-0014,BR,-22.848037,-47.153369,1,Ascenty - Campinas CPS1,Ascenty Data Centers,Campinas,,,datacentermap,,False,False,7.045895581554871,4.361628164298711,0.1421876098135007,88.45028864433291,0.0,34.45937549499127,32.93538368100849,1.5239918139827822,,
br-0015,BR,-23.1922104,-46.97360015,2,Ascenty - Jundiai JDI1,Ascenty Data Centers,Jundiaí,Jundiaí,2014.0,datacentermap,declarada_datacentermap,True,True,23.57266548749266,14.453112190894101,0.20298169190419607,61.72692021804484,0.044320411664205396,31.119555973028355,28.352753598533756,2.766802374494599,,
br-0016,BR,-23.489837789734967,-46.77519074013178,16,Ascenty Sao Paulo Capital Campus,Ascenty Data Centers,Osasco,,2017.0,datacentermap+osm,declarada_datacentermap,True,True,8.326652952135014,1.8108707972270954,0.17393654766994382,89.68853970296796,0.0,32.93454795190871,30.456288709540942,2.47825924236777,,
br-0017,BR,-22.814140059036248,-47.21234334271967,6,Ascenty - Sumare SUM3,Ascenty Data Centers,Sumaré,,2017.0,datacentermap,declarada_datacentermap,True,True,29.792550357678795,19.90690416252962,3.271135816857294,45.796807760930086,1.2326019020041978,32.911595452008505,32.90942684928066,0.0021686027278420283,,
br-0018,BR,-23.07021418257807,-47.01238879815335,3,Ascenty - Vinhedo VIN2,Ascenty Data Centers,Vinhedo,,,datacentermap,,True,False,24.265884401757074,52.39206010704108,1.9637032669472045,19.82193298358107,1.5564192406735693,30.778643500799888,30.142274415940232,0.6363690848596555,,
br-0019,BR,-19.942833,-44.011552,1,Sonda Ativas,Sonda S.A.,Belo Horizonte,MG,2011.0,datacentermap,declarada_datacentermap,False,True,1.2056600433276858,0.6633292830644966,0.6765181338996601,97.45449253970816,0.0,35.32337351042186,32.06365804561812,3.2597154648037403,,
br-0020,BR,-26.26412048317817,-48.85177190343191,1,Avato Joinville,Ávato,Joinville,,2012.0,datacentermap,declarada_datacentermap,False,True,16.056180404006486,0.903613947092208,1.1097150227585006,81.9160775682515,0.014413057891318758,36.039614519438196,29.698098945909848,6.341515573528348,,
br-0021,BR,-23.464507775455093,-46.85978844276293,9,B3 Data Center,"B3 S.A. – Brasil, Bolsa, Balcão",Santana de Parnaiba,,2006.0,datacentermap+osm,declarada_datacentermap,True,True,32.5192546118447,0.9806825994922799,0.0,66.50006278866302,0.0,28.518157871235896,28.466571046641793,0.051586824594103575,,
br-0022,BR,-27.00188405,-51.16753775,2,BRDrive Data Center,BRDrive,Videira,,2015.0,datacentermap,declarada_datacentermap,False,True,33.17899639960358,7.3361222104115855,0.0,53.53879119407906,5.9460901959057715,28.004938777502314,24.80267309241391,3.2022656850884026,,
br-0023,BR,-3.653321,-38.8251428,1,Pecém Data Center,Casa dos Ventos,São Gonçalo do Amarante,,2027.0,datacentermap,declarada_datacentermap,False,True,87.92002429468424,12.022233057879534,0.0,0.0,0.05774264743622652,34.05581908994686,35.30259723137233,-1.246778141425473,,
br-0024,BR,-20.8103857,-49.38575485,2,CDZNet Data Center,cdznet data center,Sao Jose do Rio Preto,SP,,datacentermap,,False,False,0.0,0.0,0.0,100.0,0.0,38.587114877023446,35.599351024594974,2.987763852428472,,
br-0025,BR,-19.9305832,-44.0614069,1,Century CEM-DC01,Century Telecom LTDA,Contagem,Minas Gerais,,datacentermap,,False,False,5.0498021459558595,0.29010613642027766,0.6720199623359757,93.98807175528789,0.0,35.019591025662,32.324526385883935,2.6950646397780673,,
br-0026,BR,-25.47028165,-49.3507966,2,Cirion CUR1,Cirion,Curitiba,Paraná,2025.0,datacentermap,declarada_datacentermap,False,True,23.433803627646533,5.474348260577185,0.005804088787080872,71.05992562344734,0.026118399541863922,28.12280853427236,25.491209032331856,2.631599501940503,,
br-0027,BR,-22.90726045218103,-43.20859016648712,6,Cirion RIO2,Cirion,Rio de Janeiro,,2001.0,datacentermap,declarada_datacentermap,False,True,0.0,0.23687629832015256,0.5892297920713795,99.17389390960848,0.0,34.63847851371692,27.88048616529436,6.757992348422558,,
br-0028,BR,-23.54195739494818,-46.70931247916715,1,Claro Data Center LAPA,Claro,São Paulo,,2012.0,datacentermap,declarada_datacentermap,False,True,0.5952759978500262,0.0,0.0,99.40472400214998,0.0,31.39275689089452,31.8270057520194,-0.43424886112487826,,
br-0029,BR,-3.0555021,-59.990213350000005,2,ClickIP Datacenters,ClickIP Datacenters,Manaus,AMAZONAS,,datacentermap+osm,,True,False,10.427312556291177,0.3691379291897155,0.04172863547362002,89.1618208790455,0.0,41.29800434697008,39.05897829382838,2.2390260531417,,
br-0030,BR,-22.77117479857385,-47.10460292143075,8,CloudHQ GRU Campus,CloudHQ,Paulínia,,,datacentermap+osm,,False,False,35.42883617218723,33.1198962465386,2.2003558563333483,29.00787031096282,0.24304141397798457,32.368402270174336,32.54181706940408,-0.17341479922974656,,
br-0031,BR,-23.60026564209321,-46.6882332139399,6,ADA Sao Paulo,Ada Infrastructure,Sao Paulo,,1990.0,datacentermap,declarada_datacentermap,False,True,0.0,1.2607178051727783,0.0,94.446361332073,4.292920862754222,31.779469509257897,31.892727894324942,-0.113258385067045,,
br-0032,BR,-24.94369305,-53.44573055,2,Constel Cascavel Centro,Constel Tecnologia,Cascavel,Parana,,datacentermap,,False,False,3.083935936775275,0.0641217458213996,0.0,96.85194231740333,0.0,32.5729638499656,29.97525063901434,2.5977132109512624,,
br-0033,BR,-28.9420155,-49.4979287,1,Contato Data Center,Contato Data Center,Araranguá,Santa Catarina,,datacentermap,,False,False,9.763079894085397,8.951500374129663,0.0,76.61154022613691,4.673879505648017,31.758408677483583,28.86012468717536,2.8982839903082223,,
br-0034,BR,-21.1852257,-47.8081915,1,Convex IDC Ribeirão Preto,Convex Internet Solutions,Ribeirao Preto,SP,,datacentermap,,False,False,0.05994451253827635,0.0,0.0,99.94005548746172,0.0,37.06329743506495,35.21669547462332,1.8466019604416317,,
br-0035,BR,-15.85834223206172,-47.89905002324178,1,COPE-P Brasilia,Telebras,Brasília,,,datacentermap,,False,False,18.98532839676057,19.567145687869417,14.089664688391679,47.357861226978336,0.0,33.872337113448474,31.725368860183472,2.146968253265001,,
br-0036,BR,-22.82647149440208,-43.17830367112702,1,COPE-S Rio de Janeiro,Telebras,Rio de Janeiro,,,datacentermap,,False,False,32.796375485145994,0.16294980390835542,0.0,34.53703956514188,32.50363514580376,28.810106715056907,28.47151165454655,0.33859506051035737,,
br-0037,BR,-25.449630417898035,-49.25978588386846,2,CWB-HN 01,Hosting Now,Curitiba,Paraná,2011.0,datacentermap,declarada_datacentermap,False,True,0.9061500829215705,0.0,0.0,99.09384991707843,0.0,29.11286053327233,28.73613793446558,0.3767225988067473,,
br-0038,BR,-23.64790284580196,-46.724367954992566,5,Locaweb Data Center Itapaiuna,Locaweb S/A,Sao Paulo,São Paulo,2001.0,datacentermap,declarada_datacentermap,False,True,4.950228206841333,0.8896175413614078,0.9816716292580504,85.55390533578841,7.624577286750797,31.878108336010694,30.92104771315017,0.9570606228605243,,
br-0039,BR,-29.6957946,-53.7978236,1,Avato Santa Maria,Ávato,Santa Maria,RS,,datacentermap,,False,False,9.159110689067491,0.6348795109744726,0.0,90.20600979995804,0.0,31.09385928019269,27.338573942661437,3.7552853375312516,,
br-0040,BR,-3.7344285,-38.5049194,1,Ultranet Telecom DC Fortaleza,Ultranet Telecom,Fortaleza,Aldelota,,datacentermap,,False,False,0.05452983146571277,0.0,0.0,99.94547016853429,0.0,37.0056235270406,32.77115285868821,4.234470668352387,,
br-0041,BR,-22.817232040312035,-47.03429181545609,3,Edge Connection - CPS01,Edge Connection,Campinas,Sao Paulo,2027.0,datacentermap,declarada_datacentermap,False,True,28.096259986365883,19.532162207037842,0.0,51.37758022875877,0.9939975778375031,32.07148734628698,31.439016316458517,0.6324710298284622,,
br-0042,BR,-1.41264568658525,-48.48808399344105,1,Elea BEL1,Elea Data Centers,Belém,,2027.0,datacentermap,declarada_datacentermap,False,True,14.92412328848777,2.0726986366122953,0.10604504652434998,70.59098028595491,12.306152742420677,39.04662455749378,34.00256703631168,5.044057521182097,,
br-0043,BR,-15.790905491638927,-47.90002027493925,8,Elea BSB1,Elea Data Centers,Brasilia,DF,,datacentermap+osm,,False,False,3.1156704921540563,39.353353055141675,2.9662770663381535,52.84445519434486,1.7202441920212563,35.01824266188384,31.435345464101957,3.5828971977818824,,
br-0044,BR,-25.4247684,-49.2811411,1,Elea CTA1,Elea Data Centers,Curitiba,Paraná,,datacentermap,,False,False,0.0,0.0,0.0,99.99135889120572,0.008641108794292092,27.75790066626475,27.652266051227226,0.10563461503752336,,
br-0045,BR,-22.96606674654497,-43.379707629368966,6,Elea RJO1,Elea Data Centers,Rio de Janeiro,Rio de Janeiro,2016.0,datacentermap+osm,declarada_datacentermap,False,True,39.47447406667681,8.731478560500182,0.0,49.90394420685842,1.890103165964587,31.024926298051245,27.781271129517844,3.243655168533401,,
br-0046,BR,-23.6774468,-46.5725548,1,Elea SPO2,Elea Data Centers,São Bernardo do Campo,,,datacentermap,,False,False,3.0734000241051,0.3887524318673095,0.0994797085407319,96.43836783548686,0.0,34.144610951049295,31.656745075763382,2.4878658752859124,,
br-0047,BR,-23.5013594,-46.8473233,1,Elea SPO3,Elea Data Centers,Barueri,,2001.0,datacentermap,declarada_datacentermap,False,True,2.0229111674369924,0.6464053794170802,1.4581893620843482,95.45804185537544,0.41445223568612694,32.129513255395736,29.16858129827672,2.9609319571190156,,
br-0048,BR,-2.956195978406484,-41.76979620360595,1,Enegix Piauí,Enegix,Parnaíba,,,datacentermap,,False,False,68.20067532301425,9.669793684312294,0.0,22.12953099267345,0.0,36.39046465878768,36.614861793243634,-0.22439713445595544,,
br-0049,BR,-22.95490599063348,-43.19455146789551,1,Equinix RJ1,Equinix,Rio de Janeiro,Rio de Janeiro,,datacentermap,,False,False,30.466816891429232,1.1336502423479924,0.9264556810833461,67.47307718513943,0.0,30.51935693288957,26.291380193193472,4.227976739696096,,
br-0050,BR,-22.87137855333288,-43.2732268757782,2,Equinix RJ2,Equinix,Rio de Janeiro,Rio de Janeiro,2013.0,datacentermap+osm,declarada_datacentermap,False,True,0.0,0.0,0.2161956237053264,99.78380437629467,0.0,34.17249394657136,31.10353511132751,3.0689588352438477,,
br-0051,BR,-23.54075605528237,-46.64182414368782,2,Equinix SP1,Equinix,São Paulo,SP,1998.0,datacentermap,declarada_datacentermap,False,True,1.2561960969038826,0.0,0.0,98.74380390309611,0.0,31.244007995618794,32.29502687635554,-1.0510188807367484,,
br-0052,BR,-16.68937263321776,-49.24135147797131,1,Everest Digital Data Center,Everest Digital,Goiânia,,,datacentermap,,True,False,0.41044470195848737,0.11428745304886696,0.0,99.47526784499266,0.0,34.72513914493627,33.71684938460973,1.0082897603265408,,
br-0053,BR,-26.96268155,-52.52833685,2,FERENZ NETWORKS SERVIÇOS DE INTERNET LTDA,Ferenz Networks,Xaxim,SC,2004.0,datacentermap,declarada_datacentermap,False,True,6.749320704076861,2.547326005416394,0.0,90.08320082980615,0.6201524607006081,31.16591765966878,26.266066639681117,4.899851019987661,,
br-0054,BR,-23.4177519,-51.93741495,2,GetTI Data Center,GetCard Provedora de Transações Eletrônicas,Maringa,Parana,1995.0,datacentermap,declarada_datacentermap,False,True,1.5501964206002372,0.14158523876719525,0.0,98.30821834063255,0.0,34.09424585576696,34.14075334967713,-0.04650749391016973,,
br-0055,BR,-20.070645,-44.5765583,1,GOX DATA CENTER LTDA,GOX DATA CENTER LTDA,Itaúna,MG,,datacentermap,,False,False,5.299536551479823,3.1695583161078384,0.39259685330508115,91.13830827910726,0.0,34.97195901968014,29.679607095485263,5.292351924194879,,
br-0056,BR,-23.456573,-46.537871,1,Vivo São Paulo - Guarulhos Data Center,Vivo,Guarulhos,São Paulo,2011.0,datacentermap,declarada_datacentermap,False,True,1.5815990584114694,0.0,0.0,98.41840094158854,0.0,32.99445365970605,30.414277300288227,2.580176359417827,,
br-0057,BR,-15.7980495,-47.9500677,1,Hasest SIA,Hasest,Brasilia,DF,,datacentermap,,False,False,5.057887796809222,9.01095312876965,4.1491278046158175,81.78203126980532,0.0,36.41990502316487,32.57168263833084,3.848222384834031,,
br-0058,BR,-7.115262,-34.880473,1,HostDime Brazil (João Pessoa),HostDime Global Corp,João Pessoa,Paraiba,2017.0,datacentermap,declarada_datacentermap,True,True,12.472720126858059,0.22481855217753025,0.0,85.83838256729953,1.4640787536648876,37.24356737554023,34.96776221341383,2.275805162126403,,
br-0059,BR,-23.59791925,-46.84881245,2,HostDime Brazil (São Paulo),HostDime Global Corp,Cotia,,2013.0,datacentermap,declarada_datacentermap,False,True,16.70762283819165,1.033289957103161,0.3660122111885261,81.82916003172066,0.06391496179599544,29.801278464963357,29.7720051025052,0.029273362458155816,,
br-0060,BR,-3.781561141089867,-38.55193468110386,1,Hostweb Fortaleza,Hostweb,Fortaleza,,,datacentermap,,False,False,6.629647942677247,0.9586034886369685,0.0,91.65799498906381,0.7537535796219749,38.00771982579286,36.58090108348871,1.4268187423041496,,
br-0061,BR,-7.2280191,-35.8828993,1,Hostzone CGE1,Hostzone,Campina Grande,Paraiba,,datacentermap,,False,False,0.2982956539409452,0.23011379018301487,0.025568198909223877,94.91192841706444,4.534093939902367,39.074341430889,36.35952555021359,2.7148158806754097,,
br-0062,BR,-8.055152,-34.9105355,1,HOTlink Internet Data Center,hotlink internet ltda,Recife,Pernambuco,,datacentermap,,False,False,0.7224832004089891,3.189110867003556,0.0,93.38083820033347,2.707567732253979,39.37665320131063,34.30698523868449,5.069667962626141,,
br-0063,BR,-25.4598581,-49.2889804,1,Hunti CTA1,Hunti Data,Curitiba,Paraná,,datacentermap,,False,False,0.17703985940610875,0.0,0.0,99.82296014059389,0.0,27.448466667451832,27.926635215299004,-0.4781685478471722,,
br-0064,BR,-10.1875328,-48.340776,1,IDX Data Centers & IT Services,IDX Data Centers & IT Services,Palmas,Tocantins,2022.0,datacentermap,declarada_datacentermap,False,True,19.68023210009071,4.52690214394072,0.32586965883624175,75.46699609713232,0.0,37.966856799207186,33.28324710179943,4.6836096974077535,,
br-0065,BR,-3.8307848166666663,-38.61124551666666,6,IPXON Fortaleza,IPXON Networks,Fortaleza,,2015.0,datacentermap+osm,declarada_datacentermap,True,True,12.633742159291813,1.528717200964499,0.38487404745245446,85.45266659229122,0.0,36.74321539824469,35.887474966939585,0.855740431305108,,
br-0066,BR,-22.91115381612668,-47.06251490681609,2,Local DC Campinas,Local DC,Campinas,,2025.0,datacentermap,declarada_datacentermap,False,True,1.2406061919189735,0.0,0.0,98.75939380808103,0.0,33.2740377064782,32.0973357079193,1.1767019985588973,,
br-0067,BR,-30.0121095,-51.1432885,1,Maila Networks - DC2 ,Maila Networks,Porto Alegre,Rio Grande do Sul (RS),,datacentermap,,False,False,2.2693020184732813,0.11998387552939117,0.0,97.61071410599733,0.0,37.80824016752339,34.059556810808424,3.748683356714963,,
br-0068,BR,-19.9408887,-43.9240841,1,Master da Web,Master da Web,Belo Horizonte,Minas Gerais,,datacentermap,,False,False,0.05005406526343857,0.0,0.0,99.94994593473656,0.0,30.798927381154876,30.962251698713814,-0.1633243175589385,,
br-0069,BR,-23.5799648,-46.6410651,1,Latitude.sh SAO,Latitude.sh,Sao Paulo,SP,2016.0,datacentermap,declarada_datacentermap,False,True,0.0528557469042707,0.0,0.0,99.94714425309573,0.0,29.77277774170903,32.301702443361876,-2.528924701652844,,
br-0070,BR,-22.8453232,-47.2355628,1,Microsoft Hortolandia,Microsoft,Hortolândia,,,datacentermap,,False,False,15.873443116954936,29.02951797396537,10.845019455411128,43.68029348948,0.5717259641885681,32.51614195996413,33.18595486254072,-0.669812902576588,,
br-0071,BR,-23.4841697,-46.7142191,1,Microsoft Sao Paulo,Microsoft,Sao Paulo,,,datacentermap,,False,False,0.3626293698920155,0.0,0.0,99.63737063010797,0.0,32.92145669781377,29.736683220385764,3.1847734774280028,,
br-0072,BR,-22.8787486,-47.2446609,1,Microsoft Taquara Branca,Microsoft,Hortolândia,,,datacentermap,,False,False,19.82296962907334,49.34846440426869,7.913337020401434,21.073696377142006,1.8415325691145235,32.56427669298913,33.01495820621599,-0.45068151322685424,,
br-0073,BR,-24.5647801,-54.05378289999999,1,MiniDC MCR1,MiniDC by tryideas,Mal. Cândido Rondon,,,datacentermap,,False,False,8.564539844594183,3.4474409059511073,0.0,87.35945977706633,0.6285594723883824,31.827456630913925,30.898922675033376,0.9285339558805497,,
br-0074,BR,-25.49543025558597,-49.32874498873221,1,NextStream Curitiba,NextStream,Curitiba,,,datacentermap,,False,False,0.7683440608476432,2.500759207402264,0.002901429562790976,96.67867099961985,0.04932430256744658,28.940638643978495,26.3851860498559,2.5554525941225954,,
br-0075,BR,-21.3374876,-47.7344121,1,NICNET - Cravinhos - Data Center,Nicnet Telecom Ltda,Cravinhos,São Paulo,2025.0,datacentermap,declarada_datacentermap,False,True,0.8706062400394331,12.04974832414727,0.0,85.89397618258414,1.1856692532291524,35.0536022431086,32.85332921932587,2.200273023782728,,
br-0076,BR,-20.2226002,-40.2710429,1,NUV Datacenter - NUV1,NUV Datacenter,Serra,,,datacentermap,,False,False,8.060720275238632,0.03743769551289409,0.0,91.90184202924848,0.0,35.2122902433313,29.576983044207946,5.635307199123357,,
br-0077,BR,-20.3137649,-40.2941776,1,NUV Datacenter - NUV2,NUV Datacenter,Vitória,,,datacentermap,,False,False,3.5179652841130675,0.1717931734083745,0.2694760107241877,68.824149495526,27.216616036228373,31.867235890884228,28.732597142562934,3.1346387483212936,,
br-0078,BR,-29.93029341315945,-51.10729266012558,1,Parks Data Center Cachoeirinha,Parks S/A Comunicações Digitais,Cachoeirinha,,2026.0,datacentermap,declarada_datacentermap,False,True,36.81814085116355,4.402304859070723,0.0,58.141233522382464,0.6383207673832615,34.94165761640296,34.99681971614919,-0.055162099746226545,,
br-0079,BR,-5.106522106753856,-42.81234212673621,1,Piauí Link Data Center,ETIPI - PI,Teresina,,,datacentermap,,False,False,9.07848351807574,1.365356550990625,0.5978394410304808,72.55097706538996,16.407343424513204,39.659096722596686,38.213645130253795,1.4454515923428914,,
br-0080,BR,-10.9162733,-37.0493841,1,PIX G8 Aracaju,Megatelecom,Aracaju,,,datacentermap,,False,False,0.0,0.0,0.0031562933332772197,68.12799747298494,31.86884623368178,37.16543227265656,33.300489189347324,3.8649430833092353,,
br-0081,BR,-16.714315,-49.26494839999999,1,PIX G8 Goiania,Megatelecom,Goiânia,,,datacentermap,,False,False,3.665658559553777,0.8430793748528589,0.0,95.02330719498724,0.4679548706061321,33.959863294842776,33.977417404140404,-0.017554109297627463,,
br-0082,BR,-3.1153562,-60.01181150000001,1,PIX G8 Manaus,Megatelecom,Manaus,,,datacentermap,,False,False,0.14764706837494193,0.0,0.0,99.85235293162505,0.0,41.73103927221611,36.42164383648552,5.309395435730586,,
br-0083,BR,-23.5042049,-46.6803806,1,QNAX Data Center,QNAX Data Center,São Paulo,São Paulo,,datacentermap,,False,False,0.0,0.0,0.0033639226806417804,97.89331741153663,2.1033186657827216,33.73389636062131,30.511075268579788,3.222821092041521,,
br-0084,BR,-29.9040072,-51.1283808,1,Quântico Data Center,Quântico Data Center,Canoas,Rio Grande do Sul (RS),2021.0,datacentermap,declarada_datacentermap,False,True,45.26667456353761,1.3049834209419773,0.013932440666379348,53.414409574854034,0.0,34.41396323608944,34.50057136839923,-0.08660813230979159,,
br-0085,BR,-22.7970795,-47.1352301,1,Ascenty - Paulinia PLN1,Ascenty Data Centers,Paulínia,,2019.0,datacentermap,declarada_datacentermap,True,True,13.297976867495528,10.82389195921823,1.2819924321807905,74.24591705334534,0.3502216877601139,33.44699929576749,32.85260192325279,0.5943973725146989,,
br-0086,BR,-23.00337473995276,-43.31882357597351,1,R4C Datacenter,R4C,Barra da Tijuca,RJ,,datacentermap,,False,False,14.333452229252075,0.4734177115312723,0.0,69.83817468695831,15.35495537225834,31.111724638529395,26.179755627543052,4.931969010986343,,
br-0087,BR,-8.0658641,-34.9880118,1,Atlantic Data Center Recife 1,Atlantic Data Centers,Recife,,,datacentermap,,False,False,40.192937982794064,3.7273598275414677,1.3742789277231082,52.76103315435439,1.944390107586978,35.33487456623328,34.91597033164358,0.4189042345897036,,
br-0088,BR,-23.4554895,-51.9151828,1,RGK4IT Data Center,RGK4IT,Maringá,,,datacentermap,,False,False,1.5057512948334795,3.7364335634899755,0.0,94.75781514167655,0.0,35.73221453228235,34.33649618648527,1.3957183457970785,,
br-0089,BR,-22.912548333333334,-45.41420166666666,3,RiverHook Village 18 Campus,RiverHook Village 18,Pindamonhangaba,,2029.0,datacentermap,declarada_datacentermap,False,True,31.390563568071215,52.75346827242348,0.885290317052251,14.96475616809149,0.005921674361553518,31.89117113065702,30.706205322923477,1.184965807733544,,
br-0090,BR,-21.1622069,-47.8011541,1,Insidesign Ribeirao Data Center,Insidesign Tecnologia Ltda EPP,Ribeirao Preto,Sao Paulo,,datacentermap,,False,False,1.0435254061312054,0.5207869842400249,0.0,98.43568760962877,0.0,37.86691943129732,35.0128654682212,2.854053963076119,,
br-0091,BR,-18.94893942693562,-48.33580789389012,1,RT-One Uberlândia,RT-One,Uberlândia,,,datacentermap,,False,False,14.357808572805803,61.87999922264619,0.06688581208854344,23.69530639245946,0.0,33.98181087156846,32.18391518639732,1.7978956851711416,,
br-0092,BR,-30.07425077314578,-51.49400150419427,1,Scala AI City,Scala Data Centers,Eldorado do Sul,,,datacentermap,,False,False,40.50025684489742,33.07335400819308,0.011126854762146574,1.0022568970409222,25.413005395106442,28.70966218620092,29.575646227363357,-0.865984041162438,,
br-0093,BR,-22.820518550312222,-47.10008408849442,4,Scala Data Centers Campinas Campus,Scala Data Centers,Campinas,,2009.0,datacentermap,declarada_datacentermap,False,True,28.71662814187009,20.41136442381629,0.0,50.80978758340423,0.062219850909385796,31.64032319738898,32.7177040828645,-1.0773808854755202,,
br-0094,BR,-23.1718928399839,-46.98692016843353,2,Scala Data Centers SVCPJD01,Scala Data Centers,Jundiaí,,2027.0,datacentermap,declarada_datacentermap,True,True,23.525856733127217,32.965296558859635,4.279855821553038,39.228990886460096,0.0,31.238362522843452,28.73537215279598,2.502990370047474,,
br-0095,BR,-15.7111079,-47.9107354,1,Serpro Brasilia,Serpro,Brasília,,2026.0,datacentermap,declarada_datacentermap,False,True,4.8152914873953465,62.460088671347144,4.823725167363041,27.56485803264938,0.33603664124508775,34.04193252142312,31.405119946348588,2.636812575074533,,
br-0096,BR,-15.7470383,-47.9233792,1,Sitelbra Data Center,Sitelbra,Brasília,DF,2016.0,datacentermap,declarada_datacentermap,False,True,37.150640748768055,36.36462793088086,1.1358695071917413,24.99307226489136,0.35578954826799336,33.37692406041234,31.4876807622589,1.889243298153442,,
br-0097,BR,-22.69018744044072,-47.01333787517029,1,SKY Brasil - Jaguariúna,SKY Brasil,Jaguariúna,,2016.0,datacentermap,declarada_datacentermap,False,True,9.613085435588829,38.893680486938,1.6044293904529041,48.75634770440586,1.1324569826144077,34.219220016648414,31.559176617262064,2.6600433993863497,,
br-0098,BR,-8.107035,-34.8907489,1,Surfix Data Center,Surfix Cloud & Data Center,Recife,,,datacentermap,,False,False,26.787729545008958,0.4837157154318918,1.768282950231569,44.1409933968312,26.819278392496386,35.10535079631659,33.6387010698532,1.4666497264633946,,
br-0099,BR,-22.98661745,-43.4362517,2,TAKODA Rio de Janeiro - RJ1,TAKODA,Rio de Janeiro,,,datacentermap+osm,,False,False,58.11432576739586,2.7610120771068787,0.5948036063051156,36.86010307376122,1.6697554754309156,29.30779461763684,27.237209465627764,2.070585152009077,,
br-0100,BR,-22.86322251584453,-47.28033038868878,4,TAKODA Sumaré Campus,TAKODA,Sumaré,,2027.0,datacentermap,declarada_datacentermap,False,True,22.10316725599183,63.158774448322184,1.948943012901656,10.893928204465826,1.8951870783184925,32.07534891799101,32.80954484486797,-0.7341959268769642,,
br-0101,BR,-29.67133054619021,-51.04449783146063,1,Teccloud Campo Bom,Teccloud Stefanini,Campo Bom,,,datacentermap,,False,False,23.345576436812216,2.948530991875392,0.0,73.70589257131239,0.0,35.8407581266582,31.473665142434086,4.367092984224115,,
br-0102,BR,-29.9956142,-51.119042,1,Tecto TPOA1,Tecto Data Centers,Porto Alegre,,2026.0,datacentermap,declarada_datacentermap,False,True,4.566125099539139,0.12249290752964573,0.33668081776352454,94.9747011751677,0.0,39.264610920744865,34.76384547778595,4.500765442958915,,
br-0103,BR,-22.03958351176135,-53.84258222396632,1,Tether Angélica,Tether Limited Inc.,Angélica,,,datacentermap,,False,False,13.06128300803875,60.256740420462314,8.744616625696665,16.90345061761141,1.0339093281908756,34.4234237947196,32.58991498509103,1.8335088096285688,,
br-0104,BR,-22.39820517765363,-53.89047238949252,1,Tether Ivinhema,Tether Limited Inc.,Ivinhema,,,datacentermap,,False,False,5.637489653506988,67.27417373157418,5.503868090751238,21.058431957662517,0.5260365665050772,33.9733787740942,32.960990476664875,1.0123882974293252,,
br-0105,BR,-10.2048941,-48.3529666,1,TO HOST Data Centers,TO HOST Data Centers,Palmas,Tocantins,2023.0,datacentermap,declarada_datacentermap,False,True,2.754393208472636,0.8501319290019993,0.0,96.39547486252536,0.0,39.73358605519712,33.343396972280715,6.390189082916407,,
br-0106,BR,-23.1510828,-45.7828613,1,TSData Eugênio de Melo,TSData,São José dos Campos,,2026.0,datacentermap,declarada_datacentermap,False,True,15.825652238215717,47.02288310316706,0.09457935138037174,37.036196074122394,0.020689233114456317,31.503898697746912,29.767107985202827,1.7367907125440851,,
br-0107,BR,-21.12686855946254,-42.35765232351934,1,Tyna Host Data Center,Tyna Host Datacenter no Brasil,Muriaé,,,datacentermap,,False,False,2.849513653826504,16.321178608270248,0.44076463168667934,80.06172938944721,0.3268137167693628,32.47775517689877,31.60800677989915,0.8697483969996185,,
br-0108,BR,-26.819629,-49.2729353,1,Unifique Timbó DC1,Unifique,Timbó,,,datacentermap,,False,False,9.206350742026506,4.004071051938537,0.0,83.62289198358933,3.1666862224456183,32.28976071937477,26.838093457239076,5.451667262135693,,
br-0109,BR,-19.9636041,-43.9563523,1,VSP Solution Belo Horizonte,VSP Solution,Belo Horizonte,Minas Gerais,,datacentermap,,False,False,5.620223762990232,0.28263913268233715,0.0,94.09713710432743,0.0,31.591691838436617,31.127039521438043,0.4646523169985741,,
br-0110,BR,-20.3353451,-40.3907822,1,Vix DataCenter,ConectJá Telecomunicações,Cariacica,,,datacentermap,,False,False,0.7340499683990442,0.6903748108641103,0.036169413276562354,98.53940580746028,0.0,33.986235063167975,31.136279254869798,2.8499558082981764,,
br-0111,BR,-20.0346344,-45.5247215,1,NETWISE EMPRESAS,NETWISE EMPRESAS,Lagoa da Prata,Minas Gerais,2024.0,datacentermap,declarada_datacentermap,False,True,1.6079230931205268,11.036888991948482,0.13054434492982722,87.22464357000116,0.0,34.60159577611878,30.52558711494044,4.076008661178339,,
br-0112,BR,-21.835768078438747,-41.04413666468216,1,Yamna Porto do Açu,Yamna,São João da Barra,,,datacentermap,,False,False,32.54230410135034,47.76526294813306,3.01483529387123,10.486366841995451,6.191230814649917,35.53912658606564,32.005778994244956,3.533347591820686,,
br-0113,BR,-23.6481937,-46.5283146,1,,,,,,osm,,False,False,2.0358036691878794,0.37395564356051497,3.0477760233752007,94.4452950872032,0.09716957667320468,33.65170749212103,32.245161050217106,1.4065464419039202,,
br-0114,BR,-15.7727485,-47.865775,1,Centro de Informática (CPD),,,,,osm,,False,False,8.687945241241241,35.77160510301479,2.224174249000764,53.01219756592151,0.3040778408216921,34.446220252469494,31.60174881224685,2.8444714402226445,,
br-0115,BR,-23.89072315,-46.52830855,2,Unidade Técnica de Aeronavegação - REDE (SERRAMAR),INFRAERO;DECA;Governo Federal,,,,osm,,False,False,99.8947015007687,0.10529849923129557,0.0,0.0,0.0,26.149640072955037,25.891675513924742,0.25796455903029525,,
br-0116,BR,-12.2025013,-38.9729925,1,Centro de Processamento de Dados - UEFS,Universidade Estadual de Feira de Santana,,,,osm,,False,False,23.771527503618636,4.174196101747299,1.410148323258547,61.392465433041835,9.251662638333686,33.10863713910089,34.58613631173558,-1.4774991726346869,,
br-0117,BR,-25.5493757,-48.5469932,1,Oi,,,,,osm,,False,False,38.99802836982032,1.0295444278701342,0.03480150178715947,59.03013673578291,0.907488964739482,31.71700757811736,25.921003211267315,5.796004366850045,,
br-0118,BR,-23.5740335,-48.02933245,2,Central telefônica de Itapetininga,Vivo,,,,osm,,False,False,0.566316092788678,0.6658396529176495,0.0,98.76784425429366,0.0,33.35846099985213,29.735581700219406,3.6228792996327215,,
br-0119,BR,-23.5919533,-48.052507,1,Central telefônica da Vivo,VIVO SA,,,,osm,,False,False,5.623106027349907,1.721603233119325,0.0,92.65529073953077,0.0,31.607558608295875,29.6904602387717,1.917098369524176,,
br-0120,BR,-23.0337455,-44.5485429,1,Datacenter de Mambucaba,Eletronuclear,,,,osm,,False,False,35.459590616810246,1.684891624137383,0.20015918536812458,18.636532427145312,44.018826146538935,28.052025312883703,25.44825589404512,2.603769418838585,,
br-0121,BR,-22.22867766666667,-50.892422333333336,3,Fleetnet,,,,,osm,,False,False,2.5135414778977427,2.549330023719392,0.0,94.93712849838288,0.0,36.255503708748726,33.7239929415664,2.5315107671823256,,
br-0122,BR,-21.7583385,-41.3175884,1,Centro de Dirigentes Lojistas de Campos dos Goytacazes - CDL,CDL,,,,osm,,False,False,0.9911698543872438,0.0,0.0,83.86368218313062,15.145147962482131,33.84481154889586,33.91516933767389,-0.07035778877802557,,
br-0123,BR,-19.9290328,-43.9786291,1,Data Center (Ministério Público de Minas Gerais),,,,,osm,,False,False,0.02719770813979409,0.2659331462557645,0.015109837855441162,99.691759307749,0.0,34.65016397532676,32.221426915243335,2.428737060083428,,
br-0124,BR,-10.89339765,-37.06427605,2,,,,,,osm,,False,False,5.4339384411613585,0.031924440950925,0.0,94.47100619549542,0.06313092239229061,40.3323928045219,34.44367631805569,5.888716486466215,,
us-0001,US,32.8327103,-97.0410284,1,Cyxtera Dallas-Fort Worth Data Center,Cyxtera,,,,osm,,False,False,9.382874851539306,11.905041080701718,9.979524525394472,67.75883320617588,0.9737263361886301,34.2570841611384,32.920857990364304,1.336226170774097,0.7733,False
us-0002,US,32.8009535,-96.8195234,1,Equinix Infomart,Equinix,,,,osm,,False,False,2.837396823378578,0.01621157697320322,1.356103711709421,95.7902878879388,0.0,34.07211234397507,32.55735478198765,1.5147575619874232,1.0,False
us-0003,US,42.3767059,-71.0797577,1,CoreSite BO1,,,,,osm,,False,False,0.24458484132715552,0.35619151649585756,0.7883705565108314,98.61085308566615,0.0,25.80496498256685,19.847867530805296,5.957097451761555,1.0,False
us-0004,US,34.0581039,-118.2353939,1,USPO Terminal Annex,United States Postal Service,,,,osm,,False,False,0.0,0.050786352997841205,3.228489399980594,96.72072424702156,0.0,37.476144545813284,37.39576855856484,0.08037598724844486,1.0,False
us-0005,US,32.7810298,-96.79653605,2,DataBank,,,,,osm,,False,False,0.0,0.062158558481029254,2.510389699717463,97.4274517418015,0.0,35.61698392479262,31.955799622956494,3.6611843018361263,1.0,False
us-0006,US,39.3038941,-84.3116127,1,CyrusOne Cincinnati-Mason CIN3,CyrusOne,,,,osm,,False,False,10.622425427062947,3.2450531572405352,0.0,84.10661276598982,2.0259086497066954,28.81661128270046,25.69173449299755,3.1248767897029097,1.0,False
us-0007,US,32.8278941,-117.1299275,1,LightEdge SAN1,,,,,osm,,False,False,0.0,0.6891241533582729,0.0,99.31087584664174,0.0,37.49124794050629,34.09490355502724,3.396344385479054,1.0,False
us-0008,US,32.8423554,-117.1694226,1,EdgeConneX San Diego,EdgeConneX,,,,osm,,False,False,16.70613359361489,18.533812930896715,1.0029037024986969,63.7571497729897,0.0,34.32775499233627,32.24296291914195,2.084792073194315,1.0,False
us-0009,US,38.647861925,-121.49154105,4,RagingWire CA2,NTT,,,,osm,,False,False,0.037657274499379806,1.3203378817413918,1.1823104337724233,97.33919113158879,0.12050327839801538,39.04532412902508,34.82504472762981,4.220279401395274,1.0,False
us-0010,US,37.2418783,-121.783472025,4,Equinix SV1,Equinix,,,,osm,,False,False,0.08285093935865176,1.9324961534926024,0.06397465339285428,97.88229346172018,0.038384792035712566,36.079768546833506,32.44512077418341,3.634647772650098,1.0,False
us-0011,US,39.2940482,-84.4121132,1,,,,,2022.0,osm,derivada_dynamic_world,False,True,10.765774875413303,2.5623157832506194,1.5398771551768284,84.99520949870413,0.13682268745513015,30.257009815412598,26.645000676765783,3.6120091386468154,0.0,True
us-0012,US,34.0810196125,-84.256810675,8,Hewlett-Packard,Flexential,,,,osm,,False,False,34.550147692814,0.5803932934557864,0.5573926382033472,64.21622161146996,0.09584476405691886,28.214906483194106,26.923654484955527,1.2912519982385788,0.7204,False
us-0013,US,44.6681065,-74.980582,1,Old Main,Clarkson University,,,,osm,,False,False,20.457387987278594,2.580106101390257,0.0,67.6586018553175,9.303904056013652,24.16704057249616,19.55059374896778,4.616446823528378,1.0,False
us-0014,US,38.6295109,-90.19679785,2,Netrality Data Centers,,,,,osm,,False,False,0.052773098816864365,0.19225400414287055,0.09542290120086133,99.65954999583941,0.0,34.645488366989625,30.327800487271126,4.317687879718498,1.0,False
us-0015,US,44.99010425,-93.278475,2,Lumen Minneapolis 3,Verizon,,,,osm,,False,False,1.4084421658257347,1.0070935617689394,0.16368112064867638,87.28281494440726,10.13796820734938,26.616397638909206,25.7829521820943,0.833445456814907,1.0,False
us-0016,US,38.80340635,-77.51056395,2,Equinix DC14,Equinix,,,,osm,,False,False,20.707168000732455,14.997642819174525,0.0,63.01218336833329,1.283005811759734,22.98380456270647,21.20262107156034,1.7811834911461304,1.0,False
us-0017,US,39.1026943,-84.5178996,1,CyrusOne CIN2,CyrusOne,,,,osm,,False,False,0.0,0.893020995433256,0.09062270239559299,98.92904978027126,0.08730652189989933,29.393798562982965,24.77857223299314,4.615226329989824,1.0,False
us-0018,US,44.8516116,-93.5988964,1,Flexential Minneapolis - Chaska,Flexential,,,,osm,,False,False,41.89215878324512,5.58175875807961,0.004557683109834086,48.19969729834849,4.321827477216946,23.284197926355954,21.431452346480658,1.8527455798752968,1.0,False
us-0019,US,39.745401150000006,-104.98751155,2,Pearl Plaza Office Building,,,,,osm,,False,False,0.0,0.0,0.0,99.32773252594036,0.6722674740596436,29.26857789729963,28.49267436194549,0.7759035353541393,1.0,False
us-0020,US,37.37630155740741,-121.96411151851852,54,Lumen Sunnyvale 1,Lumen Technologies,,,,osm,,False,False,0.0,0.17989108565442227,0.24522406597729465,99.41925571891473,0.15562912945356408,35.788583992928096,34.10974486003608,1.6788391328920156,1.0,False
us-0021,US,44.9712882,-93.2546974,1,Minnesota Gateway Data Center,,,,,osm,,False,False,1.5263279555297602,0.3206473911404113,0.029563234644151396,95.62367812655955,2.499783292126138,27.262927718237147,25.594170097290903,1.668757620946245,1.0,False
us-0022,US,38.9813135,-84.6187219,1,,CyrusOne,,,,osm,,False,False,19.983020186360527,1.1703704995728106,1.1444323839773984,77.00002518358785,0.702151746501417,27.903348349711997,24.090941389337985,3.8124069603740125,1.0,False
us-0023,US,42.32623275,-83.07337275,2,,Verizon Wireless,,,,osm,,False,False,0.5122937355783714,0.5494047191340679,6.762158017673299,91.24289828393853,0.9332452436757332,31.950804441781063,29.640214464438795,2.310589977342268,1.0,False
us-0024,US,43.1436204,-70.9524471,1,,University of New Hampshire,,,,osm,,False,False,61.228009487177545,22.021347896992722,0.0,16.35705737825618,0.3935852375735568,20.47631199088057,18.34007235329574,2.1362396375848327,1.0,False
us-0025,US,38.948653,-77.32836075,2,VA3,Digital Realty,,,,osm,,False,False,36.22503634423777,0.042498420892008025,0.4774822582572666,60.87968888214843,2.3752940944645284,22.508919614396415,22.942507237709616,-0.4335876233132012,1.0,False
us-0026,US,38.952992025,-77.36959905,4,CoreSite Reston Campus VA1,CoreSite,,,,osm,,False,False,18.78030833876092,0.3599651327890986,0.00999903146636385,77.78909258593383,3.0606349110497937,23.758425406253313,22.802799869753102,0.9556255365002109,0.9999,False
us-0027,US,43.0761287,-70.8080395,1,,FirstLight,,,,osm,,False,False,27.39780176797022,11.539300156053697,13.812317892844112,47.046820898452395,0.20375928467959276,22.892441871324003,16.636325851698903,6.2561160196251,1.0,False
us-0028,US,39.0586081,-76.964467,1,Lincoln Rackhouse Maryland,Lincoln Rackhouse,,,,osm,,False,False,17.112670741683072,1.140194770344502,0.7399593411938271,80.9672387200884,0.03993642669017957,28.669844609869923,27.01057144687169,1.6592731629982325,1.0,False
us-0029,US,39.38803605,-84.22160249999999,2,,CyrusOne,,,,osm,,False,False,57.71633314897217,13.992038208648585,2.3303160389440145,25.91162569428931,0.04968690914592781,26.68048430531296,25.50695185876796,1.1735324465449999,0.6084,False
us-0030,US,40.7968626,-74.0311403,1,Equinix NY7 Data Center,Equinix,,,,osm,,False,False,19.153101344624258,1.393674789366568,0.0,57.016389084173866,22.436834781835312,28.32443496855375,27.752797046056877,0.5716379224968726,1.0,False
us-0031,US,37.4070687,-122.01455735,2,Equinix SV4,Equinix,,,,osm,,False,False,0.0,0.0,0.0,100.0,0.0,34.58347033987242,31.458357751049395,3.1251125888230256,1.0,False
us-0032,US,44.8072109,-93.375385,1,Verizon - Bloomington Network,Verizon,,,,osm,,False,False,8.967728508679631,1.6434056419056369,0.0,88.93802353627618,0.45084231313856105,27.24625534376784,25.334232482564033,1.9120228612038055,1.0,False
us-0033,US,29.4293706,-98.4869057,1,H5 Data Centers San Antonio,H5 Data Centers,,,,osm,,False,False,0.0,0.0,0.1577587173246826,99.8422412826753,0.0,37.84435332057582,34.90446304854981,2.9398902720260125,1.0,False
us-0034,US,41.5879926,-93.6310139,1,Aureon,,,,,osm,,False,False,0.05987888456131717,2.0008655143446274,0.744182055945414,97.19507354514865,0.0,28.56545003225299,24.16632462480545,4.3991254074475385,1.0,False
us-0035,US,35.58851816666667,-81.26247623333333,3,,,,,,osm,,False,False,43.0849590496425,25.38300942021218,0.0,31.377802644843424,0.15422888530188983,25.22265773332228,22.597544241518023,2.6251134918042567,0.7914,False
us-0036,US,39.0944683,-94.5794418,1,,"Patmos Hosting, Inc.",,,,osm,,False,False,0.0,0.0,0.0024947668596344377,99.99750523314036,0.0,31.015944458570264,27.369234247383986,3.646710211186278,1.0,False
us-0037,US,41.2407307,-73.1472668,1,Digital Realty New York HVN10,Digital Realty,,,,osm,,False,False,60.56674739451271,2.870893898965387,0.0,36.261899458286145,0.30045924823575676,28.42884523275622,27.190777931723883,1.2380673010323378,1.0,False
us-0038,US,41.7721034,-88.2170821,1,Lincoln Rackhouse,,,,,osm,,False,False,2.447721309932664,2.769162240754751,1.818452576533654,85.78385153943518,7.180812333343761,29.24087257371744,25.879293169034348,3.3615794046830914,1.0,False
us-0039,US,44.972195,-93.1474731,1,H5 Minneapolis,H5,,,,osm,,False,False,15.090683290078623,3.483860680530887,0.0,76.49276911187326,4.932686917517243,24.915049015733953,23.71508394415052,1.1999650715834314,1.0,False
us-0040,US,33.421036400000006,-112.0378144,2,Iron Mountain Records Storage,Iron Mountain,,,,osm,,False,False,0.008048807124698852,0.0026829357082329506,30.760026235954836,68.82892697091087,0.400315050301362,47.0870851562659,45.84006100975326,1.2470241465126364,0.9215,False
us-0041,US,37.4458951,-122.160786,1,Equinix SV8,Equinix,,,,osm,,False,False,3.453507641023517,0.9057758887972822,0.0,95.64071647017921,0.0,33.65918610997112,27.865026610339495,5.794159499631622,1.0,False
us-0042,US,40.0952591,-88.2420314,1,NCSA Petascale Computing Facility,,,,,osm,,False,False,3.33722559799332,5.240304832885113,0.9491674221208769,89.4921679464146,0.9811342005860879,31.330277535316554,28.352543479295793,2.9777340560207612,1.0,False
us-0043,US,39.912797,-83.7236638,1,LexisNexus Springfield,,,,,osm,,False,False,14.796669972122784,54.01560706429086,0.0,29.690212111273727,1.4975108523126337,30.9620461313485,27.419428819098172,3.5426173122503286,1.0,False
us-0044,US,33.4938298,-112.0706709,2,Lumen,Lumen Technologies,,,,osm,,False,False,0.0,1.2223913330057654,3.1712476906706586,95.15064490919424,0.4557160671293423,46.534513529367985,46.65061197927942,-0.11609844991143348,1.0,False
us-0045,US,33.30580835,-111.67170605,2,L3Harris Technologies Inc,,,,,osm,,False,False,0.0,0.9858878342410495,24.27470134699374,74.7394108187652,0.0,47.70991630383405,45.52663147854804,2.183284825286009,1.0,False
us-0046,US,33.6590546,-112.1111595,1,Aligned Energy Data Center,,,,,osm,,False,False,0.0,0.8540791143766191,0.6393212358377905,98.5065996497856,0.0,46.4344106494099,46.05037621304034,0.3840344363695607,1.0,False
us-0047,US,38.91422692,-77.21826777999999,5,Lumen McLean,Lumen Technologies,,,,osm,,False,False,3.3065758702616312,0.4981947270198327,0.0050022505223183255,95.58420940558453,0.6060177466116864,26.841107596133742,23.99490804836518,2.8461995477685633,1.0,False
us-0048,US,41.8536916,-87.6182716,1,Lakeside Technology Center,,,,,osm,,False,False,3.2955533578189105,2.804189270381792,6.459561755288628,75.19409454204842,12.246601074462243,27.327451563449063,23.48176337289232,3.845688190556743,1.0,False
us-0049,US,33.6846775,-112.0983398,1,Flexential Phoenix - Deer Valley,Flexential,,,,osm,,False,False,0.0,0.061519413072282654,9.694494489790612,90.12094727099254,0.12303882614456531,45.391746677827335,46.42009319853502,-1.0283465207076858,1.0,False
us-0050,US,36.1585898,-95.9886293,1,TierPoint,,,,,osm,,False,False,2.688789543454866,2.16745840510716,0.23357768239032936,94.91017436904764,0.0,33.93034061980759,29.707427199230352,4.222913420577235,1.0,False
us-0051,US,41.3179864,-96.0503485,1,"Union Pacific Jack Koraleski Technology, Research & Development Center",Union Pacific Railroad,,,2018.0,osm,derivada_dynamic_world,False,True,7.104635107510227,16.36453044892308,0.4031775522554464,76.05040131243595,0.0772555788752951,25.0747070321594,23.3092956565806,1.7654113755788003,0.1337,True
us-0052,US,40.4513704,-80.1901663,1,DataBank Pittsburgh PIT2,,,,,osm,,False,False,61.09194712639513,0.16653338048949357,0.2086151695688904,38.1244126463306,0.408491677215891,19.276158335706466,18.728588567544175,0.5475697681622904,,
us-0053,US,34.9954515,-106.6180334,1,Molina Healthcare,Molina Healthcare,,,,osm,,False,False,0.0,5.276546563844323,68.49339894697906,25.187277501151925,1.04277698802469,37.661575611129116,36.80362387273521,0.8579517383939077,0.0741,True
us-0054,US,36.0593025,-115.21617425,10,Switch12,Switch,,,,osm,,False,False,0.0,0.0,18.265534536512043,81.0536343297864,0.6808311337015384,43.31957455883675,41.64215019252271,1.6774243663140354,0.4517,True
us-0055,US,39.3777781,-77.4115448,1,,,,,,osm,,False,False,15.65557438194861,3.3215662151547853,0.047209435183199415,80.75052575915352,0.22512420855988424,25.000204193093005,21.694314247180653,3.3058899459123516,1.0,False
us-0056,US,35.89550135,-81.5471095,2,,,,,,osm,,False,False,56.0332922991773,2.6638843092092994,0.4010148422465613,40.8966005644026,0.005207984964241056,24.87702769459435,20.332548215288796,4.544479479305554,0.98,False
us-0057,US,41.21679645,-95.87085835,2,,CyrusOne,,,,osm,,False,False,6.316841208638404,33.35259501176895,0.3544572374144736,44.66054041619446,15.315566125983713,24.413380863023026,24.597128844519805,-0.1837479814967793,0.6586,False
us-0058,US,37.7888613,-122.39030285,2,360 Spear Street Data Center,Digital Realty,,,,osm,,False,False,0.0,0.06858800069614078,1.2599869757513267,55.39195825864778,43.279466764904754,23.821528068334757,21.909373273325027,1.9121547950097302,1.0,False
us-0059,US,40.78150614545455,-74.06885602727272,11,Equinix New York Secaucus NY5,Equinix,,,,osm,,False,False,5.29106882411784,0.006089785196667608,0.6985594508120986,92.35697595393908,1.647305985934314,31.082008665431527,28.49688111696809,2.5851275484634364,1.0,False
us-0060,US,39.29484306,-94.67945396,5,Black Rock Financial Management,,,,,osm,,False,False,14.012270091865703,18.154255314997663,2.0834650327355937,64.8216360850899,0.9283734753111422,27.05932313227607,25.042204967743398,2.017118164532672,0.9937,False
us-0061,US,36.2625496,-95.9100413,1,Cherokee Data Center,,,,,osm,,False,False,52.23406066488962,15.632615827148008,5.691735761893994,25.619885195622295,0.8217025504460803,30.00275503824481,30.216466534036478,-0.21371149579166726,0.4584,True
us-0062,US,41.79972586,-88.24445878,5,CyrusOne CHI3,CyrusOne,,,2022.0,osm,derivada_dynamic_world,False,True,21.125157733182927,15.579696934272114,2.7312414508332945,54.53751897778747,6.026384903924191,26.503125039632312,26.24439599084982,0.2587290487824916,0.2829,True
us-0063,US,39.5929894,-104.85415471666666,6,Xfinity/Comcast Data Center,Verizon,,,,osm,,False,False,2.7292524986699314,23.71141621457588,1.1282930809104637,72.43103820584373,0.0,31.08308917496077,29.675456514862482,1.4076326600982867,1.0,False
us-0064,US,39.1744228,-86.5006878,1,IU Data Center,Indiana University,,,,osm,,False,False,24.65468034716907,11.588982957679793,0.007475773363868363,63.61429700123764,0.13456392054963054,29.218344377547023,24.472090759507505,4.746253618039518,,
us-0065,US,40.5208169,-74.3472226,1,IO Datacenter,,,,,osm,,False,False,6.837632472738866,1.5443382409590458,0.0024435276797066118,89.46142925096197,2.1541565076604146,30.639097176660144,27.448933814995264,3.1901633616648795,0.5976,False
us-0066,US,40.55120376,-74.45818792,5,DataBank Piscataway EWR2,Barclays,,,,osm,,False,False,27.299921287038313,2.524523330663593,0.0,68.60777095581753,1.5677844264805794,29.65847300883364,27.29253177523465,2.3659412335989884,0.9964,False
us-0067,US,40.54823415,-74.491943775,4,Optimum,Equinix,,,,osm,,False,False,18.089257974100736,0.0,0.0,81.84479366160069,0.0659483642985728,28.07964110120662,27.09661292554505,0.9830281756615697,0.9645,False
us-0068,US,47.4935175375,-122.2911466125,8,Intergate Seattle East Building 2,Sabey Data Centers,,,,osm,,False,False,13.242055997155216,0.27190709301558036,0.09122055400942446,82.23251020482039,4.162306150999402,22.670863434579843,20.882880964533893,1.7879824700459501,1.0,False
us-0069,US,41.8421621,-87.6689315,1,QTS Chicago,Quality Technology Services,,,,osm,,False,False,0.12452530596506277,0.30027878267216307,1.5084090267511545,89.54974429113452,8.517042593477097,30.410914520822732,26.22485546668405,4.186059054138681,1.0,False
us-0070,US,41.8641874,-87.63921015,4,Digital Realty ORD11,Digital Realty,,,,osm,,False,False,0.08857420871125227,1.2041304589664834,0.7906433341453805,92.88842512991589,5.028226868261,30.506112920929088,24.263787261768428,6.2423256591606595,1.0,False
us-0071,US,42.6857078,-71.2086024,1,,TierPoint,,,,osm,,False,False,49.106742753699734,0.4796674379893276,0.0,49.48732617904694,0.9262636292640042,20.281392641906915,20.28904086449517,-0.007648222588255038,1.0,False
us-0072,US,42.6302832,-71.3045615,1,Markley Data Center,Markley Group,,,,osm,,False,False,15.553389441057435,0.4611752572634521,0.0,82.74054497977463,1.2448903219045022,24.046884467740224,19.34210094468363,4.704783523056594,1.0,False
us-0073,US,35.1354147,-80.9368313,1,Flexential Charlotte - South,Flexential,,,,osm,,False,False,11.130869781121014,1.7928158094376272,3.2192440236638076,83.76769247152407,0.08937791425348875,26.278887797397708,21.705473709488675,4.573414087909033,1.0,False
us-0074,US,33.3949912,-111.96130245,2,EdgeConneX,EdgeConneX,,,,osm,,False,False,0.0,0.0,4.562045869783024,95.43795413021698,0.0,46.377734465103266,45.533698522423094,0.844035942680172,1.0,False
us-0075,US,33.3446197,-111.8992189,1,Digital Realty Data Center,Digital Realty,,,,osm,,False,False,0.0,0.0,1.7132162911083963,96.22447945877994,2.0623042501116746,43.932381542363856,45.44677091525695,-1.514389372893092,1.0,False
us-0076,US,47.6933236,-122.3173172,1,,Comcast,,,,osm,,False,False,0.21420062312908558,0.313728185391085,0.0,99.47207119147983,0.0,24.129393744335996,18.957642612114537,5.171751132221459,1.0,False
us-0077,US,38.815632416666666,-77.65218508333334,6,Amazon IAD-55,Amazon Web Services,,,,osm,,False,False,44.597375805106985,3.4633055096542105,0.4876706763880602,50.826322410515914,0.625325598334822,21.655332829913117,20.506321339648114,1.1490114902650035,0.7599,False
us-0078,US,47.6172853,-122.34477416666668,6,CTI Biopharma,Digital Realty,,,,osm,,False,False,0.0,0.0,0.0,93.15860107924861,6.841398920751381,22.768698350589155,18.235753760607853,4.532944589981302,1.0,False
us-0079,US,37.418381,-121.9431173,1,Dell 350 Holger Way,,,,,osm,,False,False,0.4245464646357452,35.83224222405681,1.4671456801583775,61.071607137386465,1.2044584937626062,34.25437301883224,32.99408465293092,1.2602883659013173,1.0,False
us-0080,US,38.7474201,-77.6744649,1,OVH US East Vint Hill,,,,,osm,,False,False,32.15553219847548,16.919717175931726,0.0,50.35817047799881,0.5665801475939805,23.35100627077158,20.610247257188778,2.740759013582803,1.0,False
us-0081,US,41.125017638461536,-104.90204656923076,13,NCAR-Wyoming Supercomputing Center,University Corporation for Atmospheric Research,,,,osm,,False,False,0.011641561819019671,51.4855288075005,15.402498453884743,33.01558326551127,0.08474791128446213,30.605357822980533,31.372972815444058,-0.7676149924635247,0.5456,False
us-0082,US,45.6296184,-121.2045892,4,Google Data Center The Dalles Oregon,Google,,,,osm,,False,False,3.6797240667537987,25.59714031663601,1.94466014462201,47.30226292870723,21.476212543280955,32.09673110823926,29.220235766233042,2.876495342006219,0.5159,False
us-0083,US,35.7249921,-78.6623632,1,Segra Data Center,,,,,osm,,False,False,37.14396384235836,7.458009927693924,0.3314177588136298,54.046494682835174,1.0201137882989113,24.186953690960852,22.576143420980955,1.610810269979897,1.0,False
us-0084,US,43.60344235,-96.8019761,2,TierPoint Sioux Falls West Data Center,,,,,osm,,False,False,6.97248388103228,77.60755578266426,0.30725398731878995,15.112706348984663,0.0,25.526154381907684,26.33571490883148,-0.8095605269237964,0.8913,False
us-0085,US,40.56385725,-112.04921995,2,eBay,,,,,osm,,False,False,0.0,23.51288869855455,48.25747193448888,27.628917869123157,0.6007214978334096,33.75292819974749,32.52294663341121,1.2299815663362779,0.4231,True
us-0086,US,41.8125627,-87.9728504,1,Equinix Chicago Data CH7,Equinix,,,,osm,,False,False,4.415139171598855,6.079016189670423,0.0,88.51636888753387,0.9894757511968552,25.369240148646718,25.361795762355904,0.007444386290814009,1.0,False
us-0087,US,33.416077,-112.0094718,1,PhoenixNAP,,,,,osm,,False,False,0.0,0.02146466001556819,16.8991057864725,80.84978799439479,2.2296415591171455,45.50462414773678,45.843988227602125,-0.3393640798653479,1.0,False
us-0088,US,40.6072081,-74.17403585,2,Merrill Lynch Data Center,Merrill Lynch,,,,osm,,False,False,44.479438119126954,1.7912393209425796,0.004880761092486594,52.726393146263,0.9980486525749842,27.06278076567578,27.64411534065166,-0.5813345749758803,1.0,False
us-0089,US,40.71825735,-74.005235,2,32 Avenue of the Americas,,,,,osm,,False,False,0.22812578762489505,0.12181613235403996,0.09014393794198958,92.43399524238735,7.125918899691728,27.657764822507858,27.700511915212363,-0.04274709270450572,1.0,False
us-0090,US,38.91079035,-77.475531735,20,Digital Realty,Digital Realty,,,2018.0,osm,derivada_dynamic_world,False,True,27.939861081916323,2.2056651890366283,0.03590020097246386,69.10321788410688,0.715355643967702,25.135201351211055,22.504051113891702,2.6311502373193534,0.435,True
us-0091,US,42.6793587,-76.9485811,1,Greenidge Power Plant and Data Center,Greenidge Generation Holdings Inc.,,,,osm,,False,False,44.86971676413123,6.391274237521204,0.0,19.911324124651486,28.827684873696082,18.032779001288816,18.19514167564016,-0.16236267435134266,1.0,False
us-0092,US,36.143715575,-115.07869725,4,Verizon,Lumen Technologies,,,,osm,,False,False,0.0,0.0,0.05970344945459146,99.9402965505454,0.0,41.76396971201612,41.45669654590346,0.3072731661126582,1.0,False
us-0093,US,29.445482575,-98.6437889625,24,Texas Cryptologic Center,National Security Agency,,,,osm,,False,False,4.206673256751498,12.853245104501873,1.3468801473602976,81.22650224020805,0.36669925117828406,42.04075189886978,37.489841839476355,4.5509100593934235,0.9284,False
us-0094,US,33.0955505,-96.6826649,2,Evoque Allen DA1,Centersquare,,,,osm,,False,False,6.032400686775269,1.412624659659092,7.526130557000594,84.96690632833968,0.061937768225386325,32.70670547737455,32.7599483180378,-0.05324284066325191,0.8133,False
us-0095,US,41.255603625,-95.931539975,4,First National Technical Center,First National of Nebraska,,,,osm,,False,False,0.2842522814574261,0.9434673907336882,1.1865246507710296,90.9846396681806,6.601116008857259,26.442110356355848,24.005262812395074,2.4368475439607735,1.0,False
us-0096,US,37.6468902,-77.4386952,1,Flexential - Richmond,Flexential,,,,osm,,False,False,62.98781588159391,5.392105195916857,0.01018071365604998,31.46736821764849,0.14252999118469972,24.197479709091976,23.84979208501961,0.3476876240723641,1.0,False
us-0097,US,38.74639855,-77.1912224,2,Amazon Web Services,Amazon Web Services,,,,osm,,False,False,38.66991485164713,2.5590910377937246,0.7345579144080514,57.9160990634153,0.12033713273578998,26.905597514472966,24.43534183063527,2.4702556838376957,1.0,False
us-0098,US,38.928276,-77.4258708375,8,Menlo Digital MD-DC1,Amazon Web Services,,,,osm,,False,False,26.480932523967045,11.155414156274269,0.21964329685392697,58.670747166716204,3.4732628561885566,24.491903025090487,22.35190329344051,2.1399997316499757,0.6116,False
us-0099,US,34.0362568,-84.3195121,1,Cox Data Center,,,,,osm,,False,False,45.966894194779115,0.005327548660105844,0.3489544372369328,53.04484552877125,0.6339782905525955,27.103149191455586,26.581151135123726,0.52199805633186,0.9858,False
us-0100,US,33.777645500000006,-84.42030035,2,QTS Atlanta Data Center 1,Quality Technology Services,,,,osm,,False,False,7.422933674436982,0.21564509852448493,0.016031145267113453,91.34878721766587,0.9966028641055528,27.25907125900202,25.06053679583101,2.1985344631710113,0.7282,False
us-0101,US,33.6570094,-84.4152195,1,Digital Realty Data Center,Digital Realty,,,,osm,,False,False,1.4526629618581286,6.713836644615704,6.781020968791034,84.9901951598117,0.062284264923434765,30.54645311778891,24.900303146161967,5.646149971626944,1.0,False
us-0102,US,40.761298800000006,-74.0253849,2,Cyxtera (Digital Realty Trust) Citibank Data Center,Cyxtera,,,,osm,,False,False,0.41634099994022966,0.06330330993243259,0.0,70.50957541333814,29.0107802767892,26.6308205639912,27.331965122403563,-0.7011445584123628,1.0,False
us-0103,US,47.247666275,-119.82088465625,16,Vantage WA11,,,,,osm,,False,False,0.0,45.742533555955816,4.590450303915265,46.702755534927135,2.9642606052017797,32.964404097999726,30.334458980420614,2.629945117579112,0.5987,False
us-0104,US,33.9255145,-84.4816338,1,CoreSite AT2 - Marietta Data Center,CoreSite,,,,osm,,False,False,19.26985365882231,0.32218091438420315,0.0,80.38662755700115,0.02133786979234382,29.604664742375157,26.61365031240941,2.991014429965748,1.0,False
us-0105,US,37.7236272,-122.3979543,1,Digital Realty San Francisco SFO10,Digital Realty,,,,osm,,False,False,1.2438631177251427,1.4654534370678625,0.0,97.290683445207,0.0,33.66600573258813,23.085775348098473,10.58023038448966,1.0,False
us-0106,US,43.8252286,-111.7820703,1,VentureData,,,,,osm,,False,False,0.9902479425878997,1.0863397804111425,0.0,97.81976296073448,0.10364931626646728,29.906711005406883,27.82321071524441,2.0835002901624726,1.0,False
us-0107,US,33.4002195,-112.0478786,1,Cogent Data Center,"Cogent Communications, Inc.",,,,osm,,False,False,0.10734292993158671,1.000246678262509,2.3132401400256937,96.57917025178021,0.0,47.62273444404972,45.73067675649232,1.8920576875573971,1.0,False
us-0108,US,40.6356953,-75.4575733,1,Flexential Allentown Data Center,Flexential,,,,osm,,False,False,22.219983768339535,18.36506963504783,1.4001529036190632,52.51698833440283,5.497805358590745,27.917346248464074,26.400303345210656,1.5170429032534187,1.0,False
us-0109,US,37.4056857,-121.9162604,1,CoreSite SV2,"CoreSite Real Estate 1656 McCarthy, L.P.",,,,osm,,False,False,7.3361398862559,3.887608510099704,1.6557140207885979,87.1205375828558,0.0,35.52481605236819,33.311438254183834,2.2133777981843537,1.0,False
us-0110,US,33.27053866,-111.88312281,10,Digital Realty Phoenix PHX15,Digital Realty,,,,osm,,False,False,0.0,14.426817024485999,5.980108603156669,79.59307437235734,0.0,43.007586404736834,45.26558684709741,-2.2580004423605757,0.5488,False
us-0111,US,44.8080471,-93.6363192,3,UHG Data Center,,,,,osm,,False,False,27.46978588187842,36.22295687185331,1.0650233489499792,32.156630918454645,3.0856029788636437,23.91620719797448,22.02471801873891,1.8914891792355704,0.8827,False
us-0112,US,42.2167763,-87.9529303,1,VISA,VISA,,,,osm,,False,False,19.324868114307442,9.501539440513575,1.8027591083447019,67.62581666808104,1.745016668753237,28.480017481540546,25.465938930061622,3.0140785514789243,,
us-0113,US,35.6724585,-105.9565798,1,John F. Simms Building,SONM,,,,osm,,False,False,0.1619012967361989,1.3087891923255306,0.3268952052127098,98.12668627983282,0.0757280258927382,32.98469024766189,32.47131458075897,0.5133756669029168,1.0,False
us-0114,US,29.4382791,-98.5065217,1,Lumen San Antonio 2,Lumen Technologies,,,,osm,,False,False,0.021528114059263675,0.15374871871493517,0.6886581310237687,99.13606503620201,0.0,37.73842842714406,35.009873840726755,2.728554586417303,1.0,False
us-0115,US,44.29429310909091,-120.88152197272728,11,Meta,Meta,,,2018.0,osm,derivada_dynamic_world,False,True,0.24158178822493795,42.42829441994344,2.677736751731423,54.60407068245521,0.04831635764498758,30.927783957398358,29.238050127474587,1.689733829923771,0.4129,True
us-0116,US,45.55518632580645,-122.92276546129033,31,NTT RagingWire DC - Hillsboro,NTT,,,2021.0,osm,derivada_dynamic_world,False,True,4.162473575915164,11.038327401880796,0.1691829918794459,84.4036354703657,0.2263805599588955,29.201174991113255,25.170381777871427,4.030793213241829,0.3456,True
us-0117,US,38.2771906,-85.5072402,1,Flexential Louisville - East,Flexential,,,,osm,,False,False,20.61760068842866,5.246438216972982,2.3910941273379263,70.90204458398793,0.8428223832725146,28.03176648160834,24.95235523574998,3.07941124585836,1.0,False
us-0118,US,38.242501,-85.733336,1,Flexential Louisville - Downtown,Flexential,,,,osm,,False,False,4.717570772521544,0.2347904731401777,0.0,95.04763875433827,0.0,29.44125481683331,26.84788938590646,2.593365430926852,,
us-0119,US,39.9598116,-75.1608332,1,Terminal Commerce Building,,,,,osm,,False,False,0.0,0.0,0.0886990630171092,99.9113009369829,0.0,30.132413618740898,29.150206455217702,0.9822071635231957,1.0,False
us-0120,US,47.6719149,-117.0959323,1,TierPoint,,,,,osm,,False,False,1.357790234357791,9.91173544349538,0.4474556255911615,88.08821074027618,0.1948079562794923,26.53114436399746,24.46152626105715,2.0696181029403107,1.0,False
us-0121,US,39.275367,-76.62551,1,Baltimore Technology Park,,,,,osm,,False,False,1.2686104303111283,0.6720598515888565,1.404337811585531,86.61117545045018,10.043816456064302,34.542040788176855,28.070940860366537,6.471099927810318,1.0,False
us-0122,US,47.23895344117647,-119.87546742941176,17,NTT Data Quincy,NTT,,,,osm,,False,False,0.0,31.65065035911204,5.460219610403313,62.61196173956416,0.2771682909204939,32.98597065313598,30.594303014047057,2.391667639088922,0.5671,False
us-0123,US,41.5502695,-90.4824093,1,Geneseo Communications Inc,,,,,osm,,False,False,19.82681645882308,8.008717572188974,0.02165053693803295,71.96609233468165,0.17672309736826636,28.040291142914892,26.051596969941386,1.9886941729735064,,
us-0124,US,41.9053402,-88.2195062,1,,,,,,osm,,False,False,22.38959873668441,14.663724409265603,0.051590515225909954,61.243157853654445,1.6519284851696259,27.41237151553255,25.12391026645032,2.2884612490822285,1.0,False
us-0125,US,39.7171971,-85.941411,1,,Verizon Wireless,,,,osm,,False,False,19.92109455321061,56.292533876564605,0.0,23.70477634132035,0.0815952289044335,22.963104814539143,24.259562027962268,-1.2964572134231247,,
us-0126,US,40.6203519,-111.986047,1,Flexential Salt Lake City - South Valley,Flexential,,,,osm,,False,False,0.0,28.24163616792248,14.684367898576726,57.073995933500804,0.0,35.41653055368243,34.0050880131973,1.411442540485126,0.9534,False
us-0127,US,37.6994753,-121.9037995,1,QES Computers,,,,,osm,,False,False,0.5466152473577617,4.691322069027078,1.2286774522207857,89.65399685719176,3.879388374202638,35.523713968795015,31.563501769192204,3.960212199602811,1.0,False
us-0128,US,39.0528404,-76.9259248,1,AiNET,,,,,osm,,False,False,44.42620724990645,4.88101919193076,0.08986443685393417,49.94348231740999,0.6594268038988634,27.28816969783629,26.508798827230606,0.7793708706056854,0.983,False
us-0129,US,29.473599126666667,-98.68619841333332,15,Microsoft,Microsoft,,,,osm,,False,False,25.256478226882553,0.38338807509994594,3.4476064281894443,70.90972881672513,0.002798453102919313,36.89887248184375,37.67008399963625,-0.7712115177924943,0.7316,False
us-0130,US,18.446827,-66.0516873,1,,Claro,,,,osm,,False,False,0.13647721608960314,0.07013395885091757,0.0,93.6550231938323,6.138365631227156,38.926051407022356,33.00914875046837,5.916902656553987,1.0,False
us-0131,US,40.1244741,-75.4147681,2,Lumen Norristown,Lumen Technologies,,,,osm,,False,False,21.873943937427345,2.5390322654647113,0.0,75.58702379710795,0.0,29.18072516363267,26.911200696563682,2.2695244670689867,1.0,False
us-0132,US,45.5215436,-122.6807041,1,Pittock Block,,,,,osm,,False,False,0.00723346726582269,0.0,0.0,94.9856262438318,5.007140288902396,24.06435479073257,23.086920528559386,0.9774342621731833,1.0,False
us-0133,US,45.5266839,-122.8755048,1,Data Center,Oregon Health & Science University,,,,osm,,False,False,18.870046528337475,7.171471662894846,0.0,73.83237152161243,0.1261102871552435,28.171733019506064,24.61812554909189,3.5536074704141747,1.0,False
us-0134,US,39.6124703,-74.32747335,2,AT&T Tuckerton Cable Landing Station (TAT-14),AT&T,,,,osm,,False,False,61.96289319029359,1.5866723677472785,0.2897315581517504,35.68468272233654,0.47602016147083975,25.498546127837507,22.357529912749545,3.141016215087962,0.9421,False
us-0135,US,33.13817252,-96.65874792,5,Cisco Allen,CyrusOne,,,2018.0,osm,derivada_dynamic_world,False,True,3.6798972320417307,17.268310292523456,25.172639825539378,53.65843798192271,0.22071466797272885,31.541488537535034,31.909876133935615,-0.3683875964005807,0.2649,True
us-0136,US,48.75726,-122.4805485,1,CSSNW Bellingham,CSS Communications,,,,osm,,False,False,0.27972499858101463,0.07205037842238254,0.0,97.37304486478172,2.2751797582148847,22.76570113624853,16.689092517987785,6.076608618260746,1.0,False
us-0137,US,41.99868046470588,-87.9619320882353,17,Digital Realty CH1,Digital Realty,,,,osm,,False,False,0.45149253906120124,0.1313867177162226,2.329381114693346,96.25880888221052,0.8289307463187134,33.093368154473765,27.78084034273279,5.312527811740974,0.8734,False
us-0138,US,37.7990205,-122.2825386,1,Digital Realty,Digital Realty,,,,osm,,False,False,0.0,0.0,3.586662240176536,81.40489665032032,15.008441109503142,32.988825825228616,23.906221338907553,9.082604486321063,1.0,False
us-0139,US,39.5590312,-104.83554475,2,Flexential Denver - Englewood,Flexential,,,,osm,,False,False,0.18351642862238185,47.15412989227317,3.25319630358669,49.409157375517765,0.0,31.6177861525861,29.71669674642345,1.9010894061626473,0.6975,False
us-0140,US,42.4476693,-83.2626336,1,EdgeConneX Detroit DET01,EdgeConneX,,,,osm,,False,False,39.575395915901105,1.8833073134868135,0.0,58.48674252853375,0.05455424207833339,30.812141267763973,30.734872110168638,0.07726915759533526,1.0,False
us-0141,US,30.26122425,-97.72285975,2,Lumen Austin 3,Lumen Technologies,,,,osm,,False,False,0.6885592355293954,0.00464919028417223,0.0,99.30679157418642,0.0,34.728861648212245,32.44893338782901,2.2799282603832367,1.0,False
us-0142,US,30.20561654444444,-97.7055263,9,Digital Realty Austin AUS11,CyrusOne,,,,osm,,False,False,9.978780258123054,9.319724141176762,8.1076888282493,72.5354682788935,0.05833849355738222,35.32700762417092,32.184155791516766,3.142851832654152,0.7795,False
us-0143,US,39.00806804156626,-77.45056935542169,166,Amazon IAD10,Amazon Web Services,,,,osm,,False,False,34.68157479414097,10.014714571402607,0.3794521814631274,51.85804033489118,3.066218118102118,22.93958419662127,22.49450179878678,0.44508239783449,0.5224,False
us-0144,US,37.47901463333333,-121.9244738,3,Hurricane Electric Fremont 1,Hurricane Electric,,,,osm,,False,False,0.0,1.234522082357693,0.0,98.70146499461458,0.06401292302773627,36.03922533630365,31.481077826410903,4.558147509892748,1.0,False
us-0145,US,41.4321977,-82.7189574,1,,Aligned Data Centers,,,,osm,,False,False,16.8050888609434,15.498906805215508,5.540589404658237,61.709564977089855,0.4458499520929856,29.34188141775478,23.72043489031747,5.62144652743731,0.8875,False
us-0146,US,30.3428035,-97.6961735,1,Element Critical,,,,,osm,,False,False,1.6114335148232202,0.04716024605572803,0.0,98.34140623912106,0.0,35.1123269871658,32.289598507704234,2.822728479461567,1.0,False
us-0147,US,40.7367304,-74.1738875,1,165 Halsey / Equinix NY1 / Databank EWR1,Tishman,,,,osm,,False,False,0.0,0.0,0.0,97.27463766918538,2.72536233081462,31.715969460273627,28.704635193925977,3.0113342663476494,1.0,False
us-0148,US,34.0362041,-84.05938276666667,3,QTS Suwanee Data Center 1,Quality Technology Services,,,,osm,,False,False,29.52178814998497,0.7717906309382924,0.005327520834001449,69.63938847164187,0.06170522660087561,29.077799036642524,26.99996438148621,2.077834655156316,0.9672,False
us-0149,US,34.7562396,-92.4447234,1,TierPoint Little Rock,,,,,osm,,False,False,39.086183542318345,4.2519204067012915,0.0,55.877535578439826,0.7843604725405489,31.200312074775436,28.506472082182473,2.693839992592963,1.0,False
us-0150,US,33.9547396,-84.1985246,1,Flexential Atlanta - Norcross,Flexential,,,,osm,,False,False,14.743920922191045,0.008542678626416741,0.0,84.86891902701296,0.37861737216958413,29.456198158693155,27.491991544552324,1.9642066141408314,1.0,False
us-0151,US,47.841809,-122.3016653,1,Centersquare Lynnwood SE1,Centersquare,,,,osm,,False,False,8.638782281700571,0.27615729493099894,0.0,90.92540698723644,0.15965343613198377,25.05999510534488,19.32532933496085,5.73466577038403,1.0,False
us-0152,US,38.9873242,-104.78679605,2,Walmart Colorado Data Center,Walmart,,,,osm,,False,False,5.881054389687891,32.89491553058014,9.359479017223496,51.76211073901849,0.10244032348998261,25.846851868523053,23.02768914098743,2.8191627275356232,0.8085,False
us-0153,US,41.3383937,-96.02821035,2,Verizon,,,,,osm,,False,False,24.573997109124132,40.9153676780694,1.3443083893702392,33.159086383278044,0.0072404401581880025,24.181352706921253,23.3371943249732,0.844158381948052,1.0,False
us-0154,US,34.7409855,-86.68249235,2,George C. Wallace Alabama Supercomputer Center,Alabama Supercomputer Authority,,,,osm,,False,False,7.573559360237735,10.486929755177114,0.16376909655395017,81.72555448424853,0.05018730378266215,31.392468060095872,28.363473971038793,3.028994089057079,,
us-0155,US,33.8507525,-118.3040815,1,Equinix,Equinix,,,,osm,,False,False,0.0,0.0,12.992105376112198,85.59969723839964,1.4081973854881717,37.36477266959712,34.31276387237281,3.0520087972243104,0.9619,False
us-0156,US,41.9283557,-87.8592545,1,Digital Realty Chicago ORD12,Digital Realty,,,,osm,,False,False,0.05500427795420106,3.309991449718638,2.942949262797314,93.69201749595581,3.751357405231104e-05,29.474253552025424,28.87520571341213,0.5990478386132949,1.0,False
us-0157,US,41.2428892,-96.0164591,1,Scott Data Center,,,,,osm,,False,False,3.4512275989773764,1.6155920633831329,0.0,94.3941852031452,0.5389951344942848,25.061855756288857,24.041804162673365,1.0200515936154915,1.0,False
us-0158,US,41.1730115,-96.08413635,2,Fidelity,Fidelity,,,,osm,,False,False,7.590450272987608,45.203369598840105,2.1252137311722055,44.56559198553175,0.5153744114683262,25.515025759052396,24.595903232630747,0.9191225264216492,0.8633,False
us-0159,US,33.91837613333333,-118.38576693333334,3,Serverfarm - LAX1,Centurylink,,,,osm,,False,False,0.0,1.3041610806775823,1.2768273925188747,97.41901152680354,0.0,34.7134491868603,29.278675936991373,5.434773249868929,1.0,False
us-0160,US,39.922465,-104.9834252,1,Google - Thornton,Google,,,,osm,,False,False,0.7416706101975596,16.492141054500955,5.238262577768923,76.7963673434072,0.7315584141253645,28.828016341807167,28.4486533405728,0.37936300123436695,1.0,False
us-0161,US,34.04771096666667,-118.2562066,3,DRT LAX10,,,,,osm,,False,False,0.0,0.0,0.0,100.0,0.0,36.14585577205719,37.249347588410416,-1.1034918163532268,1.0,False
us-0162,US,37.48328571176471,-77.24395865882354,17,Meta Henrico Data Center,Bank of America,,,2024.0,osm,derivada_dynamic_world,False,True,44.328920632707245,2.4492704144462882,9.575594702278503,41.391332599844944,2.2548816507230143,24.440547308290522,21.958660630416563,2.481886677873959,0.042,True
us-0163,US,29.6725909,-82.2999288,1,UF Research Computing Center,University of Florida,,,,osm,,False,False,11.442268776400395,0.07763943073986461,0.0,88.48009179285975,0.0,29.301717383802817,27.139152719792595,2.1625646640102225,1.0,False
us-0164,US,25.7823886,-80.1930798,1,NAP of the Americas,,,,,osm,,False,False,0.04341708953398424,1.2880403228415322,3.8469357466802956,87.01378393272566,7.807822908218541,31.14788226611745,29.105714562646494,2.0421677034709553,1.0,False
us-0165,US,25.7975445,-80.2300338,1,,,,,,osm,,False,False,0.0,0.0,0.11157535652403586,99.81742214386976,0.07100249960620464,35.527441602530516,30.369326406604106,5.15811519592641,,
us-0166,US,41.540186075,-93.82692495,4,Microsoft,Microsoft,,,,osm,,False,False,25.595820104706846,44.69780421705135,1.8509336613532634,24.98663259657483,2.868809420313717,26.56242055492193,24.36969395857133,2.1927265963505995,0.6358,False
us-0167,US,41.66961811428571,-93.5112001,7,Facebook Altoona Data Center 1,Meta,,,2020.0,osm,derivada_dynamic_world,False,True,20.05676357240444,19.798445155336157,4.495209390650835,50.78409380782515,4.865488073783415,25.956484217108784,24.871356607198624,1.0851276099101597,0.3042,True
us-0168,US,37.36044986666666,-77.32817713333333,3,Virginia Information Technologies Agency,Digital Fortress,,,,osm,,False,False,64.89782017918577,2.41960621370017,6.32935464442937,25.03804634414937,1.3151726185353148,24.66685329693138,22.395529271735924,2.2713240251954545,0.5196,False
us-0169,US,33.70555035,-117.8471233,2,Xo Communications Colocation Data Center,TPx Communications,,,,osm,,False,False,0.0,2.5631165456903826,0.02941518521971361,97.04217466411896,0.3652936049709462,37.361372295986705,34.767057220881085,2.5943150751056194,1.0,False
us-0170,US,33.7167763,-117.8057759,1,Lumen Technologies,,,,,osm,,False,False,0.2593545631146956,1.5838191272705833,0.9037513039814775,97.25307500563325,0.0,37.6713946945089,34.72295252009554,2.9484421744133584,1.0,False
us-0171,US,47.6542257,-117.4200007,1,Lumen,Lumen Technologies,,,,osm,,False,False,1.2519537231996976,0.13828798187770208,0.0,96.86645173128726,1.743306563635355,26.54927070586286,26.97692259271781,-0.4276518868549495,1.0,False
us-0172,US,43.0672971,-89.436704,1,,,,,,osm,,False,False,36.44601605092858,1.9343646371596295,0.0,61.61961931191179,0.0,25.060825373043354,23.227450853515954,1.8333745195273998,,
us-0173,US,38.4548439,-77.9781318,1,Equinix CU2,Equinix,,,,osm,,False,False,37.69887019586951,45.94169906249288,0.0,16.18322429757546,0.17620644406215372,23.95054200976965,22.054294050794947,1.8962479589747012,0.7909,False
us-0174,US,37.3336326,-121.8879639,1,,,,,,osm,,False,False,0.25047529164986143,0.13034938647084626,0.0,99.61917532187928,0.0,35.88815384197004,36.68909930252017,-0.8009454605501318,1.0,False
us-0175,US,40.828854475,-74.13141734999999,4,BT Radianz: 492 River Road,bt,,,,osm,,False,False,4.310773557338195,0.004864528601425133,0.16052944384702936,89.46634976647402,6.057482703739331,30.981132941633465,28.96451508853987,2.016617853093596,1.0,False
us-0176,US,40.1570435,-74.101582,1,Manasquan Cable Landing Station (Apollo),Vodafone,,,,osm,,False,False,58.436805488918466,4.646795773711597,0.02702415236650646,34.965129690882215,1.9242448941212007,26.001037429166274,25.589797935641286,0.4112394935249881,1.0,False
us-0177,US,40.8436519,-72.8833757,1,Cable & Wireless Cable Landing Station,,,,,osm,,False,False,53.866589131223186,0.5009351647998493,0.0,45.63247570397695,0.0,27.827908503650423,26.957270304957255,0.8706381986931682,1.0,False
us-0178,US,40.05889307142858,-83.13331965714285,7,Amazon AWS: Hilliard Data Center,Amazon Web Services us-east-2 datacenter,,,,osm,,False,False,15.914457501891523,11.510352616679073,2.6551271604011557,68.46110993295852,1.4589527880697282,32.81547490792846,28.727158590740476,4.088316317187985,0.3816,True
us-0179,US,45.915842318181824,-119.26748548181818,11,Amazon Web Services,Amazon Web Services,,,,osm,,False,False,5.944035184388902,62.26208735461704,1.0309529695839268,29.487517580486553,1.275406910923575,32.10006845177769,29.06260731227217,3.037461139505517,0.6492,False
us-0180,US,37.399251825,-121.890863725,4,Equinix San Jose SV3,Equinix,,,,osm,,False,False,0.0,0.09193090961529223,0.0,99.90806909038471,0.0,36.60809105397664,33.656010081193735,2.952080972782909,1.0,False
us-0181,US,35.31597745,-81.82389515,4,Meta,Meta,,,,osm,,False,False,68.72171880541552,11.853662329839683,0.2517998339437697,18.592835965574192,0.5799830652268545,23.168622074656167,23.141986053010907,0.02663602164525969,1.0,False
us-0182,US,47.40526311538462,-120.20670865384616,13,Intergate Columbia B,Sabey Data Centers,,,2019.0,osm,derivada_dynamic_world,False,True,1.0865208519145246,34.71349317409435,13.943874806097247,50.179966320515454,0.07614484737842461,32.51108453384856,29.877078504716458,2.6340060291321024,0.356,True
us-0183,US,40.538026075,-74.5447977625,8,BNY Mellon Somerset,CyrusOne,,,,osm,,False,False,21.733352442249817,1.1750355034982347,0.33939083431113254,76.45418726687058,0.29803395307023833,29.495274541061317,26.726182432050386,2.7690921090109306,0.7352,False
us-0184,US,34.1998691,-118.3437888,1,,Centurylink,,,,osm,,False,False,0.0,0.03464540691880141,4.859990539499779,95.10536405358141,0.0,39.028597423027364,33.791230533030486,5.237366889996878,1.0,False
us-0185,US,39.56805569090909,-119.54233516363637,11,,,,,,osm,,False,False,1.1274549292543292,29.35570991665722,43.107705980743944,15.98557635078138,10.423552822563133,36.9465819832839,35.84016411004099,1.1064178732429113,0.5713,False
us-0186,US,38.254065,-122.2730918,1,Kaiser Data Center,,,,,osm,,False,False,0.8938826536122313,41.6224473523301,6.172879346283039,49.2718104704671,2.038980177307531,34.35881188764684,30.227033679840368,4.1317782078064695,1.0,False
us-0187,US,32.82257257142857,-96.87360384285716,7,CoreSpace Dallas,CoreSpace,,,,osm,,False,False,2.221880884218443,2.783270082812719,3.2584090529900767,91.18267792022753,0.5537620597512176,36.02266240330766,32.96296910368854,3.05969329961912,1.0,False
us-0188,US,33.4118402,-112.3640381,6,Stream Data Centers PHX-1,Microsoft,,,2023.0,osm,derivada_dynamic_world,False,True,0.0,15.840844672200967,51.5803774201162,32.34265489601169,0.236123011671148,45.77032691771686,46.043731721399055,-0.27340480368219744,0.1665,True
us-0189,US,41.0783165,-74.152912,1,NYSE Data Center,nyse,,,,osm,,False,False,24.741023530046736,0.2229246343693911,0.0010167491848902322,74.84022784303978,0.19480724335920238,27.87908372626622,24.374937458202368,3.5041462680638524,1.0,False
us-0190,US,34.5799784,-118.1140073,1,AT&T,,,,,osm,,False,False,0.0,7.111567543892878,0.9931910446227622,91.89524141148436,0.0,37.945658428631205,36.76484593632997,1.1808124923012357,1.0,False
us-0191,US,38.8026713,-104.5219809,1,,,,,,osm,,False,False,0.012525286342781414,55.9026910012842,15.755444717413807,28.32933899495921,0.0,31.359627521607262,32.1067390430613,-0.7471115214540411,1.0,False
us-0192,US,45.3187166,-122.7658797,1,Siemens EDA - HDC / Data Center,Siemens Digital Industries Software,,,,osm,,False,False,14.621558154024196,7.459155577762465,0.13561698147977275,77.76106645648693,0.022602830246628788,27.49629141613724,23.217792066060962,4.278499350076277,1.0,False
us-0193,US,30.0187,-95.8637474,1,,DXC Technology,,,,osm,,False,False,15.425560305087224,35.32637934371038,20.94656978800871,26.27179979914512,2.0296907640485706,34.408751425442475,32.02878488881969,2.3799665366227813,0.2703,True
us-0194,US,41.5063555,-81.683589,1,H5 Data Center,,,,,osm,,False,False,2.7080621833344836,0.8313037695934835,0.5705183206379988,94.44917345880992,1.4409422676241166,30.77458725309559,24.38339386221472,6.3911933908808685,1.0,False
us-0195,US,30.3314298,-81.6624257,1,Cologix Jacksonville JAX1,,,,,osm,,False,False,0.30605033627883754,0.40206612805259045,0.07201184383031473,98.73094421882564,0.4889274730126204,31.336660270301092,28.37587990436297,2.9607803659381204,1.0,False
us-0196,US,32.99280433333333,-97.25336605,6,Facebook Fort Worth Datacenter,Meta,,,,osm,,False,False,0.9092268188712668,14.513235469192372,27.04655859615615,56.88386497734336,0.6471141384368563,35.68582553827766,32.19588476893749,3.4899407693401727,0.4172,True
us-0197,US,35.1428083,-80.9162228,1,Spectrum Charlotte National Data Center,,,,,osm,,False,False,39.82817704701395,2.1739123712216912,0.6975791301443675,57.24776098787119,0.052570463748799756,20.36715717130363,22.133982271265804,-1.7668250999621726,1.0,False
us-0198,US,29.415891626666667,-98.79574709333332,15,Microsoft Texas Research Park Campus,Microsoft,,,,osm,,False,False,21.939219661658942,7.6066780981361175,26.47276431905746,43.72653459571428,0.254803325433204,37.524101269527804,38.16076910413061,-0.6366678346028039,0.008,True
us-0199,US,27.9455353,-82.351102,1,Cyxtera Tampa TP1,Cyxtera,,,,osm,,False,False,10.602120724811659,0.8541495848071096,0.007238272689785551,85.83647093894763,2.700020478743806,36.77422892250105,33.51536525595704,3.258863666544009,1.0,False
us-0200,US,35.0315499,-85.2972523,1,DC Blox Chattanooga,,,,,osm,,False,False,1.178369957857333,12.736585424261065,0.0,85.71918129190992,0.36586332597168175,30.01298305528482,25.622696312300747,4.390286742984074,,
us-0201,US,32.89600435,-96.9822926,2,QTS Irving - Dallas Data Center Campus,Quality Technology Services,,,,osm,,False,False,2.191567333586727,4.63292935393462,9.826700702251191,81.69890870416995,1.649893906057511,33.4473554780638,32.39022478690836,1.057130691155436,0.725,False
us-0202,US,41.8023406,-88.0948856,1,Centersquare Lisle ORD4 Data Center,Centersquare,,,,osm,,False,False,8.988706713304097,0.1030369930525909,0.3091109791577727,90.35079468161851,0.2483506328670246,27.52428581276865,25.010095085262662,2.514190727505987,0.5902,False
us-0203,US,33.3619309,-111.8392899,1,GoDaddy - Gilbert,,,,,osm,,False,False,0.0,2.1465438359563773,1.1958969722129547,95.87755771995099,0.7800014718796754,44.81714028753963,45.342329934172184,-0.5251896466325547,1.0,False
us-0204,US,32.7476543,-117.1589538,1,AT&T Center,American Telephone & Telegraph,,,,osm,,False,False,3.1410960911261268,0.3358557323739353,0.0,96.52304817649994,0.0,33.49199406666429,30.75586940534928,2.73612466131501,1.0,False
us-0205,US,36.1405001,-86.7641364,1,,,,,,osm,,False,False,5.17978623185234,2.2979251292302307,0.10383617664610374,92.41845246227133,0.0,31.185899480118927,28.334273318581296,2.851626161537631,,
us-0206,US,33.7651394,-84.3837393,1,CenturyLink,,,,,osm,,False,False,0.5451385628630062,0.24396051025472484,0.0,99.21090092688227,0.0,28.697958875096578,25.29870575565369,3.399253119442889,1.0,False
us-0207,US,40.427371,-80.0425212,1,Expedient Pittsburgh South,Expedient,,,,osm,,False,False,38.139875958848975,0.3132071209711646,0.024613243421906777,61.52230367675796,0.0,19.75140802760969,20.3054139965826,-0.5540059689729127,1.0,False
us-0208,US,33.4212542,-111.8590191,1,Centersquare: Phoenix - (PHX1 - Mesa),Centersquare,,,,osm,,False,False,0.0,0.22268275004621446,0.33257744998633776,99.44473979996744,0.0,46.879227109845154,45.777374270662136,1.1018528391830174,1.0,False
us-0209,US,29.99626625,-95.56368665,2,,DXC Technology,,,,osm,,False,False,20.874151606032747,5.649005486687656,0.7168164132715897,69.30361087302387,3.4564156209841537,33.386586155713715,35.18688949904605,-1.800303343332338,0.9329,False
us-0210,US,42.6879527,-84.6430423,1,Liquid Web,,,,,osm,,False,False,46.58060613686734,8.60467544809242,1.4713893276554308,40.56711441702278,2.7762146703620343,26.897861805236126,24.90686012733865,1.9910016778974757,1.0,False
us-0211,US,42.7053904,-84.6660891,1,"Liquid Web, Inc",,,,,osm,,False,False,38.2905557110761,15.336119858241828,4.674623720020015,40.263463144931976,1.4352375657300784,27.06447215652434,24.81467839670876,2.249793759815578,1.0,False
us-0212,US,34.0707004,-84.6759032,1,,,,,,osm,,False,False,36.97993523507048,1.065075263230219,0.0,61.954989501699316,0.0,29.040662146438205,25.728046633059733,3.3126155133784714,1.0,False
us-0213,US,40.104625375,-82.80629795,4,TJX Corporate Techno,,,,,osm,,False,False,21.94586459060982,14.834087557494826,1.7530107500444718,61.10561693318814,0.36142016866274523,24.514071808124516,23.699823727187084,0.814248080937432,0.7931,False
us-0214,US,32.9948122,-96.7524974,1,Flexential Dallas - Richardson,Flexential,,,,osm,,False,False,0.3801398974029326,11.839578954491053,13.07407415239006,74.70620699571595,0.0,34.17210836229009,33.390247510500416,0.7818608517896735,1.0,False
us-0215,US,33.1717958,-96.725505,1,Experian McKinney Data Center,,,,,osm,,False,False,2.7254615293386255,4.949688754431067,2.2534546380000267,89.61399134193287,0.45740373629740816,33.854483697700324,31.630047203145462,2.224436494554862,0.8071,False
us-0216,US,40.11578365,-83.00203355,2,,,,,,osm,,False,False,2.5922020602114766,2.520566253529247,1.5033397266676045,92.09577777726365,1.2881141823280198,30.834788511917562,27.14238743346989,3.6924010784476735,1.0,False
us-0217,US,38.9235166,-92.2886061,1,Carfax,,,,,osm,,False,False,55.92971090284205,6.169086311367011,0.1200383063418768,37.78116447944906,0.0,24.894925514893423,24.16506743932954,0.7298580755638824,1.0,False
us-0218,US,32.8504831,-97.0702974,1,Amazon Web Services,Amazon Web Services,,,,osm,,False,False,16.109789663779114,2.960310302025992,3.416810610351937,77.2538478262412,0.2592415976017611,33.59357936024554,32.613947274961895,0.9796320852836473,1.0,False
us-0219,US,40.09629159375,-82.74205964375,16,Amazon Web Services  CMH50,Amazon Web Services,,,2024.0,osm,derivada_dynamic_world,False,True,13.41034669997197,23.48529037818598,10.330037035497744,49.875225655985005,2.899100230359311,28.573290342406956,24.143590085877374,4.429700256529582,0.1252,True
us-0220,US,30.4211412,-97.591603,1,Thin-nology,,,,,osm,,False,False,7.514025355973914,47.275520930146584,9.293487299729009,34.2033891303899,1.7135772837605898,36.40263155645905,34.259528834137406,2.1431027223216432,1.0,False
us-0221,US,41.1130924,-73.3886495,1,,CyrusOne,,,,osm,,False,False,22.40544939843631,0.8476339710421644,0.0,76.49207559584394,0.25484103467758434,29.039519360285365,22.589469409684188,6.450049950601176,1.0,False
us-0222,US,33.74906435,-84.583474625,4,Google Datacenter - Douglas County,Google,,,,osm,,False,False,44.39756471362871,0.4925096895141943,3.5484092091105026,50.20008959485892,1.3614267928876695,23.675921865555193,24.234074466193082,-0.5581526006378894,0.8525,False
us-0223,US,41.9166409,-87.9177897,3,Microsoft - Azure Datacenter,Microsoft,,,,osm,,False,False,12.51403968726696,1.889061378783117,9.170657123962906,72.01109667615623,4.415145133830791,27.975952563109935,27.648091820144522,0.327860742965413,0.8966,False
us-0224,US,38.8721322,-99.3001874,1,Cloud Storage Corp,,,,,osm,,False,False,0.24869064473687577,25.00065264119476,4.645558909160786,69.33179159527687,0.7733062096307074,33.520304924530656,31.776905141692403,1.743399782838253,1.0,False
us-0225,US,29.8215755,-95.5708004,1,,,,,,osm,,False,False,31.54542251156694,2.562959563748958,3.201747296452235,61.58549589084363,1.1043747373882375,35.451723767286836,35.66390868782199,-0.21218492053515092,1.0,False
us-0226,US,42.9820886,-70.9505947,1,Information Technology Data Center,Phillips Exeter Academy,,,,osm,,False,False,20.802459589435827,2.569901715834572,0.0,70.9023096322392,5.725329062490405,20.7742106630719,18.14612025500315,2.6280904080687506,1.0,False
us-0227,US,47.8224039,-122.2896138,1,Digital Fortress Lynnwood,,,,,osm,,False,False,3.473996339553477,0.12733864682649587,0.0,96.11377176987261,0.2848932437474145,25.229318390163495,19.780318187888913,5.449000202274583,1.0,False
us-0228,US,40.48052804,-111.90520182,5,DataBank SLC3,DataBank,,,,osm,,False,False,0.014852143507566204,9.99229970532542,24.610749672730293,63.797876229772335,1.584222248664386,33.15001582775891,32.29649293743896,0.8535228903199439,0.8714,False
us-0229,US,32.9660268625,-96.7128255,8,Rackspace Richardson DFW3,Rackspace,,,,osm,,False,False,0.01456332088558952,0.3236293530131005,4.5470981710605365,95.11470915504077,0.0,35.93379060173345,33.73867055706287,2.195120044670581,0.9299,False
us-0230,US,38.9373924,-94.8623449,2,U.S. Bank National Data Process Center,,,,,osm,,False,False,43.55147888079357,31.98630887818732,0.07334249395463704,24.388869747064472,0.0,25.965415290756,26.12004078784947,-0.15462549709346973,0.652,False
us-0231,US,39.8309301,-75.1953233,1,,,,,,osm,,False,False,23.18529613715377,5.574238230713289,0.0,69.82720157705677,1.4132640550761766,28.60415962809828,27.746685197717326,0.8574744303809538,1.0,False
us-0232,US,41.2204018,-96.1476408,1,,Verizon Wireless,,,,osm,,False,False,13.224910212616743,4.790101665165071,0.0,80.87277944645953,1.1122086757586478,24.42887724971706,24.5003616238046,-0.07148437408753949,1.0,False
us-0233,US,28.6174494,-81.3934606,1,,,,,,osm,,False,False,9.207671933081397,3.4666469253574936,0.0,75.40930019272119,11.916380948839917,30.180443158542996,33.135281266050896,-2.9548381075079,,
us-0234,US,33.063586150000006,-80.04145172999999,10,Google,Google,,,,osm,,False,False,62.810357044042256,4.864231057842111,2.017747984285664,29.36637568429595,0.9412882295340329,24.82452025580222,23.646202160882762,1.178318094919458,0.632,False
us-0235,US,39.213455,-76.682834,1,TierPoint Baltimore BWI,,,,,osm,,False,False,52.82476624811587,1.1754570215224696,0.0,44.677143410503284,1.322633319858369,25.471052307837034,27.794453302841216,-2.3234009950041816,0.9965,False
us-0236,US,40.4565951,-109.5290169,1,Strata Networks,,,,,osm,,False,False,0.9025275952164457,2.8869085300583563,0.004891748483557972,96.20567212624164,0.0,32.863181601810076,33.972447607962465,-1.1092660061523887,1.0,False
us-0237,US,40.5703722,-74.6703296,1,Goldman Sachs,,,,,osm,,False,False,47.08277440952607,1.451869323047317,0.0,51.3355330569938,0.1298232104328146,27.141106385437908,26.052679640754572,1.0884267446833356,1.0,False
us-0238,US,38.6365522,-90.2554356,1,Genome Data Center,Washington University in St. Louis,,,,osm,,False,False,0.3246129202381935,0.25304781864292575,0.0,99.42233926111889,0.0,33.641144318928056,30.317607855290664,3.3235364636373923,1.0,False
us-0239,US,35.93475975,-78.88081869999999,2,,CyrusOne,,,,osm,,False,False,58.130352938630814,2.5608573744896557,0.0,38.93091928493472,0.37787040194481497,21.15584115502588,21.954490227681557,-0.7986490726556781,0.9883,False
us-0240,US,40.581484,-74.5738875,1,365 Bridgewater NJ,,,,,osm,,False,False,42.292240177797126,4.390070733225583,12.85419986784312,37.3611151267927,3.1023740943414766,27.749279872164987,26.13091187136881,1.6183680007961776,1.0,False
us-0241,US,31.2318987,-85.455834,1,AngelTrax Data Center,AngelTrax Mobile Video Surveillance Solutions,,,,osm,,False,False,12.222481273653493,5.7740947203414095,0.0,82.0034240060051,0.0,33.67051134556299,30.439216511751322,3.2312948338116705,1.0,False
us-0242,US,34.82850208,-106.7803576,5,Meta,Meta,,,,osm,,False,False,0.0,0.15831812754977542,84.65471023333195,14.659244547285683,0.5277270918325848,38.042486309367106,37.064784354012396,0.9777019553547106,0.0,True
us-0243,US,47.15961223333333,-122.27955793333332,3,Centeris SH2 Build-to-Suit,,,,,osm,,False,False,29.950288721753186,0.9201776430132452,0.0,68.00390065150002,1.1256329837335424,21.835760461180723,23.062507569279404,-1.2267471080986816,0.5,False
us-0244,US,40.1944836,-92.5812336,1,,AT&T,,,,osm,,False,False,5.135954221597497,0.3291083368142037,0.0,94.16663922412123,0.3682982174670551,27.74053931191834,22.975681551500735,4.7648577604176054,1.0,False
us-0245,US,32.9648939,-80.1012147,1,DartPoints Charleston,DartPoints,,,,osm,,False,False,33.87835917534025,4.027329873630746,5.749492234283378,52.86207048266193,3.4827482340836986,26.578155427313938,25.06830369634298,1.5098517309709578,1.0,False
us-0246,US,44.0861049,-121.2830411,1,US Signal - OR01 Bend,US Signal,,,,osm,,False,False,0.0,1.7139382241934302,0.0,98.28606177580657,0.0,30.92743375328812,32.08861423309483,-1.1611804798067098,1.0,False
us-0247,US,42.8631424,-87.9778759,1,Expedient Milwaukee,,,,,osm,,False,False,21.35268614347406,21.469541074365004,2.231072656565234,53.99953487173074,0.9471652538649582,26.47015858849984,25.06213910127858,1.4080194872212601,1.0,False
us-0248,US,43.8951573,-69.9234342,1,Oxford Networks,FirstLight,,,,osm,,False,False,42.47963168575818,1.2509262040743798,11.305389774198325,43.84224286317578,1.1218094727933314,20.4077727270695,15.899891341428798,4.507881385640701,1.0,False
us-0249,US,40.06002089411765,-82.75845304117648,17,NAO 1/NAO 2,Meta,,,2024.0,osm,derivada_dynamic_world,False,True,19.425449044312526,21.057734888984726,18.657859927697526,37.60848024899684,3.250475890008384,24.096622963991397,25.097798818432082,-1.0011758544406852,0.0,True
us-0250,US,32.990701925,-96.660291375,12,Aligned  DFW-01,Aligned,,,2023.0,osm,derivada_dynamic_world,False,True,1.3984572932616708,8.30414968531143,15.741311886479934,74.33499663033803,0.22108450460894066,32.744087962582526,34.33643797882647,-1.592350016243941,0.2112,True
us-0251,US,29.6581451,-95.4433121,1,Rice Data Center,,,,,osm,,False,False,23.23288179031611,8.729690477854486,3.385772966265397,64.12091955543997,0.5307352101240399,34.81261308189079,35.25033018133756,-0.43771709944677184,1.0,False
us-0252,US,34.9965845,-82.034841,1,DartPoints Spartanburg,DartPoints,,,,osm,,False,False,41.361564931322626,7.751752108989962,0.0,50.73395525212411,0.1527277075633053,30.6423206274312,27.40465162352658,3.237669003904621,1.0,False
us-0253,US,33.4534418,-111.97675635,2,Iron Mountain AZP-2,Iron Mountain,,,,osm,,False,False,0.0,0.01709074322225822,10.38673354458543,89.59617571219229,0.0,44.55523632743058,45.462274864039436,-0.9070385366088587,0.8586,False
us-0254,US,45.849634925,-119.625038675,24,Amazon Web Services,Amazon Web Services,,,2020.0,osm,derivada_dynamic_world,False,True,0.029107084216497003,42.939578434592036,18.242827715914867,37.36766593672128,1.4208208285553225,31.352776285129792,28.50037104550523,2.852405239624563,0.2546,True
us-0255,US,35.049146300000004,-106.5424778,2,HPC,Sandia National Laboratories,,,,osm,,False,False,0.0,2.515218055808103,24.199293838454658,73.28548810573724,0.0,34.690512926731714,35.9401144398927,-1.2496015131609894,1.0,False
us-0256,US,45.7985319,-119.3623868,6,Amazon Web Services,Amazon Web Services,,,2021.0,osm,derivada_dynamic_world,False,True,1.9215299822815535,52.50906157795153,5.327793898284113,38.57152285922172,1.670091682261085,31.333474057722537,29.61085260255639,1.7226214551661485,0.0,True
us-0257,US,36.62521156,-87.26016754,5,Google Montgomery Data Center,Google LLC,,,2018.0,osm,derivada_dynamic_world,False,True,9.074903425217979,37.74178092558014,8.472752678721013,44.71056297048087,0.0,29.987583081344443,28.145778037208284,1.8418050441361586,0.169,True
us-0258,US,33.0872472,-96.8156779,1,DataBank Plano Data Center,DataBank,,,,osm,,False,False,0.3880949707872617,12.102382465449718,13.41847919705975,74.01563385025464,0.07540951644862158,33.100156750793886,32.02828250444416,1.0718742463497293,0.2084,True
us-0259,US,29.802893,-95.7553386,1,Skybox Houston One,Skybox,,,,osm,,False,False,5.681825018362961,7.747960111769306,2.5062116845847955,83.21815305000139,0.8458501352815482,37.071076770204314,34.685763649268225,2.3853131209360896,0.9518,False
us-0260,US,34.913991100000004,-85.74723916666666,3,Google Jackson County Data Center,Google LLC,,,2021.0,osm,derivada_dynamic_world,False,True,56.941041750890534,30.362367955649084,2.4698378156890186,10.226752477771356,0.0,25.966026044184616,23.798065549394387,2.167960494790229,0.03,True
us-0261,US,40.5798956,-74.5194023,1,PSE&G Delivery Emergency Response Center,PSE&G,,,,osm,,False,False,44.3499242981422,0.1806619522864795,0.0,55.469413749571316,0.0,26.65190289446943,26.324632908851648,0.3272699856177823,0.0,True
us-0262,US,35.2504249,-81.395039,1,T5 Charlotte Campus,,,,,osm,,False,False,66.37559543497363,9.102834565406209,0.4698831607648952,23.7681819150418,0.2835049238134564,20.2466624543726,21.41045971576042,-1.1637972613878205,0.9972,False
us-0263,US,44.0707955,-92.5221323,1,Epic / Mayo Data Center,,,,,osm,,False,False,29.456676012538097,12.643816513708288,0.050809515127785934,56.77310309105706,1.0755948675687577,24.00927489084405,20.434547682653555,3.5747272081904953,1.0,False
us-0264,US,33.9716849,-96.4028488,1,Choctaw Nation of Oklahoma Data Center,Choctaw Nation of oklahoma,,,,osm,,False,False,15.856602126967594,47.8121112059762,7.967895917438634,27.82490073583177,0.538490013785804,30.490844804306377,29.366695617889896,1.1241491864164814,1.0,False
us-0265,US,40.5843719,-74.2433813,1,,,,,,osm,,False,False,6.248297137391031,1.8309063891309376,0.01952966815073,85.41260157581445,6.488665229512859,30.811478653602222,27.7587869932444,3.052691660357823,1.0,False
us-0266,US,40.7563065,-111.9548375,1,Flexential Salt Lake City - Downtown,Flexential,,,,osm,,False,False,0.0,6.4996516621673,8.330058117417346,82.58906677544586,2.581223444969496,35.85366600470916,33.6932253223998,2.160440682309364,1.0,False
us-0267,US,44.9265658,-123.001847,1,Oregon State Data Center,State of Oregon,,,,osm,,False,False,6.798967735716785,14.003826142989936,1.0722036111399937,75.80519246962936,2.3198100405239157,31.445514398843866,28.1817968159756,3.263717582868267,1.0,False
us-0268,US,26.1900857,-80.1932967,1,Flexential Fort Lauderdale,Flexential,,,,osm,,False,False,3.696614767339722,2.7812414274670183,5.223336131962281,67.9616975762765,20.337110096954476,33.63870357846041,34.826582560843036,-1.1878789823826281,,
us-0269,US,30.1777082,-95.486593,1,,,,,,osm,,False,False,14.143073609466697,0.0555761090294287,0.26398651788978633,85.53736376361408,0.0,31.32855843862453,32.26765412208604,-0.9390956834615132,1.0,False
us-0270,US,36.2481633,-115.1012553,1,Flexential Las Vegas - North,Flexential,,,,osm,,False,False,0.010369349098674825,2.7536213172672124,14.137377406591222,80.45902261971845,2.63960930732443,40.60643193203899,42.709629131565464,-2.103197199526477,1.0,False
us-0271,US,33.9533733,-98.5247859,1,,,,,,osm,,False,False,11.609450537362555,48.26474696352673,2.701587546564766,36.81628246881238,0.6079324837335719,38.68158799481038,37.44843427702139,1.233153717788987,0.9048,False
us-0272,US,44.0474074,-121.3285496,1,Fort Rock DC,Fort Rock Data Center,,,,osm,,False,False,0.07855477338035136,1.8915300829898996,2.1632099999229837,89.97938276968547,5.887322374021287,29.884973068732933,30.65702247217616,-0.7720494034432264,1.0,False
us-0273,US,42.9687271,-83.779585,1,,,,,,osm,,False,False,29.586221260394648,12.496930746385281,0.18572328033709293,57.23953681988245,0.4915878930005148,27.70771382657797,26.296428926018407,1.4112849005595614,1.0,False
us-0274,US,40.5995576,-74.7099684,1,Verizon Branchburg NEC Datacenter,Verizon,,,,osm,,False,False,43.9984192211075,3.5535940131780075,0.0,52.22228836982797,0.2256983958865293,27.82485833169954,25.529743019948906,2.295115311750635,1.0,False
us-0275,US,35.766751,-78.7839874,1,iGLASS Networks,,,,,osm,,False,False,40.129339213392704,0.0860713536124193,0.0,59.16122417501401,0.6233652579808551,23.60012785466897,22.547074453106326,1.053053401562643,1.0,False
us-0276,US,46.3321316,-113.2926719,1,,,,,,osm,,False,False,21.49605733799923,27.72369204978823,0.07546305987475918,50.70478755233779,0.0,29.577691277800135,22.10817082330436,7.469520454495775,1.0,False
us-0277,US,40.5280718,-74.6828163,1,Vital Records,,,,,osm,,False,False,48.03533097687451,19.702051778664572,0.0,32.223524978377114,0.03909226608380864,26.00165792071085,26.112061863677923,-0.11040394296707134,1.0,False
us-0278,US,34.0594667,-117.2021665,1,,,,,,osm,,False,False,0.10119561205800554,5.387324377573887,3.769604430634223,90.74187557973389,0.0,38.827301031395045,35.7583587408149,3.0689422905801464,1.0,False
us-0279,US,44.2044349,-88.3449304,1,,Involta,,,,osm,,False,False,40.91048951112141,17.62416248691405,0.20508311536569104,24.699055551363625,16.561209335235226,22.509849402328182,22.565602199967262,-0.05575279763908014,0.7803,False
us-0280,US,39.1826345,-85.8967042,1,DartPoints Columbus,DartPoints,,,,osm,,False,False,6.9868309520261676,57.171197623659836,0.8883037064360028,34.3816263566611,0.5720413612168971,25.245231680802718,23.507083733950807,1.7381479468519103,,
us-0281,US,42.2353267,-83.4441406,1,,US Signal,,,,osm,,False,False,30.469211771971494,12.722076371078796,0.49503005319613164,52.85281134417735,3.4608704595762365,30.02357303763794,28.783364869373845,1.2402081682640969,0.9912,False
us-0282,US,36.215518200000005,-86.78381525,2,Tennessee Processing Center LLC,BNYM,,,,osm,,False,False,40.01331492919657,0.8353358612578685,1.8748604129214619,57.2764887966241,0.0,29.3570696774486,27.77213981117718,1.5849298662714197,0.6687,False
us-0283,US,40.544252,-75.6543772,1,Allentown-TekPark,,,,,osm,,False,False,40.2946985376287,37.06331795114367,0.0,22.58179774863293,0.06018576259470659,26.300390161986865,25.836687452579984,0.4637027094068813,1.0,False
us-0284,US,38.2462382,-122.0671844,1,PG&E Datacenter,,,,,osm,,False,False,0.7067004176902015,8.881176141792322,0.6781884653906978,89.52096653142299,0.2129684437037938,35.360005732699214,31.462080035876497,3.8979256968227176,1.0,False
us-0285,US,40.9512698,-73.897901,1,,,,,,osm,,False,False,0.3131826324592592,0.30832708776996826,0.0,55.34609751304714,44.032392766723625,24.762309831755942,25.73551571857419,-0.9732058868182492,1.0,False
us-0286,US,40.160755,-74.0530625,1,Wall Township Cable Landing Station,Tata,,,,osm,,False,False,18.3842164358659,0.8390425393045293,0.6141520871778049,78.45103618295086,1.7115527547009126,28.388734193816337,23.151117925845462,5.237616267970875,1.0,False
us-0287,US,42.213902,-83.198214,1,Comcast,Comcast,,,,osm,,False,False,0.8924668519114318,0.9070688349055366,0.0,98.20046431318303,0.0,30.810114305299376,27.18020593162842,3.629908373670954,1.0,False
us-0288,US,36.0326759,-86.63775294999999,2,HCA Information Technology & Services Data Center,,,,,osm,,False,False,37.36862997589324,6.090249891535886,2.4375067280372407,52.20553215920248,1.8980812453311509,28.14412938296013,26.761701879127266,1.382427503832865,,
us-0289,US,35.9245097,-86.8556872,1,TierPoint,,,,,osm,,False,False,19.00461920663485,3.508059342172139,0.0,77.48732145119301,0.0,28.694953688095516,25.949437330108967,2.745516357986549,0.9201,False
us-0290,US,35.9725623,-86.8080418,1,Flexential Brentwood Data Center,,,,,osm,,False,False,22.812072799983664,1.9562955254942749,0.11186264308012478,73.94108465446533,1.1786843769765958,29.09828366774851,26.605449713742672,2.492833954005839,0.9437,False
us-0291,US,36.0234892,-86.7916196,1,,,,,,osm,,False,False,9.497165581370602,7.274091946637919,0.0,83.17674695013129,0.05199552186019182,28.16950775329266,26.495273619870147,1.6742341334225124,0.8725,False
us-0292,US,33.3426083,-111.8409621,1,StrongMind,,,,,osm,,False,False,0.0,0.1130376753287112,0.845887019822874,99.04107530484842,0.0,45.908846451177645,45.33095677832584,0.5778896728518035,1.0,False
us-0293,US,35.8393357,-78.3281352,1,BB&T Data Center,,,,,osm,,False,False,50.04549993158404,15.95051324229396,0.0026058354977947992,33.68564569895611,0.3157352916681017,23.023994587244257,21.36331280641463,1.660681780829627,1.0,False
us-0294,US,41.5165716,-93.70980694166668,12,Microsoft,Microsoft,,,2019.0,osm,derivada_dynamic_world,False,True,32.69481094690169,38.4941332287021,5.886998451768528,22.00904058446752,0.9150167881601587,25.150673859058838,24.403315508981816,0.7473583500770218,0.3214,True
us-0295,US,41.49682850000001,-93.78704014,5,Microsoft,Microsoft,,,2024.0,osm,derivada_dynamic_world,False,True,17.135682367852183,63.41649206078248,3.953274861133561,13.550071227115549,1.944479483116228,24.29049306859343,24.38613526003939,-0.09564219144595754,0.0,True
us-0296,US,43.074831,-78.944809,1,,Blockfusion,,,,osm,,False,False,36.26791273931075,12.094061701553237,0.0,29.825431476624434,21.81259408251158,21.2589223189775,22.493113024863586,-1.2341907058860855,1.0,False
us-0297,US,43.082907718181815,-79.0034254,11,Blockfusion Niagra Falls,,,,,osm,,False,False,4.659871758811919,11.418971391323439,0.016434095823207793,82.32344049867585,1.5812822553655936,28.71520973054845,21.909748982505604,6.805460748042847,1.0,False
us-0298,US,37.062799,-113.5447485,1,Lumen,Lumen Technologies,,,,osm,,False,False,0.09234189920127275,14.208139043160886,5.554204292469932,80.03763284458515,0.10768192058274782,38.5361717377907,41.97888748599796,-3.442715748207256,1.0,False
us-0299,US,33.4047759,-86.9115651,1,Sungard Systems International,,,,2021.0,osm,derivada_dynamic_world,False,True,88.89449429148674,1.87882712107049,0.31480404014127766,8.444956437287503,0.4669181100139893,23.46911187824571,26.889272020806096,-3.4201601425603876,0.3196,True
us-0300,US,33.4754208,-111.7191652,1,Myndshift Technologies,,,,2019.0,osm,derivada_dynamic_world,False,True,0.0,8.88276582869766,43.73557843203746,46.90439351474345,0.4772622245214366,46.325076902029544,46.064110208498526,0.2609666935310173,0.0,True
us-0301,US,41.7039984,-91.5870781,1,ForceAmp.com,,,,,osm,,False,False,45.66729562394245,0.9894665890798973,0.0,53.24724251220387,0.09599527477376876,23.089151485210323,21.710519986663172,1.3786314985471506,1.0,False
us-0302,US,35.1766231,-80.92724035,2,TierPoint - Charlotte Data Center,TierPoint,,,,osm,,False,False,44.239780383483996,3.6513110748673836,1.9063229596340383,48.389861148791056,1.8127244332235204,22.63106602568467,22.44897633962564,0.18208968605902953,1.0,False
us-0303,US,39.0176781,-78.2909424,1,Middletown Data Center,,,,,osm,,False,False,32.28792994380096,50.77467232408162,0.4695250891818538,16.430410534756163,0.03746210817940323,17.223512589688863,17.29973151378208,-0.07621892409321873,0.9982,False
us-0304,US,47.8646928,-122.2841532,1,Norma Beach Cable Landing Station,Unity Cable System,,,,osm,,False,False,2.5711376527428813,0.07333857099726758,0.03450430923303179,92.11086877283901,5.210150694187801,23.619384761011357,19.388871489667217,4.23051327134414,1.0,False
us-0305,US,32.0927065,-110.7874236,1,,DirecTV,,,,osm,,False,False,0.7512985931867097,29.425017890731596,40.0524915827325,29.771191933349204,0.0,43.42863425621462,43.56950368322065,-0.1408694270060309,1.0,False
us-0306,US,36.0575434,-115.0086885,2,Google,Google,,,2020.0,osm,derivada_dynamic_world,False,True,0.0,0.0,36.44142638477574,61.29912216517647,2.2594514500477922,43.42278394991006,41.44645525692481,1.9763286929852555,0.0,True
us-0307,US,32.4419356,-97.06223140000002,3,Google,Google,,,2024.0,osm,derivada_dynamic_world,False,True,8.587878269498699,39.17411141721325,36.40748977224469,15.170163295145743,0.6603572458976213,33.89765409787071,32.285917645860884,1.6117364520098292,0.0,True
us-0308,US,41.1264338,-96.14492527,10,Meta Sarpy Data center,Meta,,,2022.0,osm,derivada_dynamic_world,False,True,4.02439780546609,54.11625134988676,3.49115633675512,38.033985669004956,0.3342088388870695,26.08801769453558,25.265644270746044,0.8223734237895357,0.0423,True
us-0309,US,39.9891579,-105.0207261,1,JPMorgan Chase,JPMorgan Chase,,,2019.0,osm,derivada_dynamic_world,False,True,0.049256154797993744,36.48829306755356,10.87887853586756,52.29788654395253,0.2856856978283637,29.068653380347907,27.914773707496956,1.1538796728509517,0.0,True
us-0310,US,43.7821763,-89.5748406,1,Marquette-Adams Telephone Coop,,,,,osm,,False,False,53.53991699885327,14.372767979031286,0.0,24.916179763009886,7.1711352591055535,22.47801831217686,22.47362317269124,0.004395139485620092,1.0,False
us-0311,US,32.54278775833333,-96.79722153333334,12,Compass Data Center,Google,,,,osm,,False,False,10.819787907762809,21.437980437459107,47.19460335198144,20.21432805330762,0.3333002494890247,34.6778185221343,32.68689427665126,1.9909242454830434,0.0001,True
us-0312,US,42.7454447,-73.7592013,1,Turnkey Internet,,,,,osm,,False,False,10.514859118317503,0.26687943703611533,0.0,89.21826144464639,0.0,27.865860622891184,26.306072448029525,1.5597881748616587,1.0,False
us-0313,US,47.5946162,-117.5371477,1,Iron Mountain,,,,,osm,,False,False,12.795823732953949,27.015323089603857,1.3889918445513834,58.62210696477486,0.17775436811595005,27.90070966597061,28.445363582953835,-0.5446539169832256,1.0,False
us-0314,US,38.4626027,-78.8567247,1,DBT Data - Harrisonburg Center,,,,,osm,,False,False,10.677006811691783,12.514518188611746,0.0,76.80847499969647,0.0,21.70928557664346,19.40422607735155,2.305059499291911,0.9208,False
us-0315,US,41.0917847,-73.5166728,1,amnet Data Center,,,,,osm,,False,False,36.409309879931335,3.103347145938116,0.0,60.487342974130556,0.0,28.37016834384865,24.38917211389614,3.9809962299525097,1.0,False
us-0316,US,38.93086636666666,-94.76464056666669,3,Data Center Lenexa,TierPoint,,,,osm,,False,False,0.9345257351271986,3.7220602536254663,4.342214045725386,89.56881160462858,1.4323883608933816,30.102655364421867,26.72103104055535,3.381624323866518,1.0,False
us-0317,US,39.05631578,-77.54715072500001,20,Stonewall Creek Business Park,Google,,,2024.0,osm,derivada_dynamic_world,False,True,53.700693153159705,20.65897318734949,1.5928368300312337,22.81649706869393,1.230999760765644,22.325895277529508,21.595223490386932,0.7306717871425761,0.0954,True
us-0318,US,38.95147227857143,-77.52638061428571,28,Amazon IAD62,Amazon Web Services,,,2021.0,osm,derivada_dynamic_world,False,True,33.09343963121208,15.950495099976786,0.3444250472121314,47.76877584119157,2.842864380407436,23.15149394534575,22.124301707955272,1.0271922373904765,0.0695,True
us-0319,US,42.3172742,-111.304246,1,Family History Center,The Church of Jesus Christ of Latter-day Saints,,,,osm,,False,False,0.7622441709204647,15.277311209482976,1.742236438211217,82.21820818138535,0.0,27.373942871218567,26.913275705194952,0.46066716602361524,1.0,False
us-0320,US,36.3280739,-83.3767035,1,,,,,2018.0,osm,derivada_dynamic_world,False,True,50.005138752408385,6.49345347316698,0.10616703098322415,9.698481163527292,33.696759579914115,24.134451463658046,23.509865850636217,0.6245856130218286,0.0138,True
us-0321,US,45.837051475,-119.691352825,4,Amazon Web Services,Amazon Web Services,,,2020.0,osm,derivada_dynamic_world,False,True,3.3030123496516963,37.25791501681742,1.5191727951799305,57.30403321718888,0.6158666211620638,34.805360393002445,29.809494351851303,4.995866041151142,0.0,True
us-0322,US,39.73181030000001,-104.71036005,2,QTS,Quality Technology Services,,,2020.0,osm,derivada_dynamic_world,False,True,2.5723489813170377,52.24966263639959,26.626712992764126,18.49194592875812,0.05932946076112333,31.53934656182843,31.657426089207085,-0.11807952737865435,0.0,True
us-0323,US,43.0449439,-78.7492033,1,,,,,,osm,,False,False,50.36797853861569,18.37584046570909,0.05403117225533852,27.32801804171319,3.8741317817066956,23.347272520546603,23.421271229565164,-0.07399870901856076,1.0,False
us-0324,US,42.67449275,-87.90762595000001,2,,,,,,osm,,False,False,26.3514373301479,27.890598810869527,28.15260306836922,11.512774769666548,6.092586020946811,25.84716672962835,24.742689839273357,1.1044768903549915,0.0741,True
us-0325,US,41.5050658,-81.6577764,1,Lumen Cleveland,,,,,osm,,False,False,0.30651914651943707,0.0,0.0,99.69348085348057,0.0,32.52058078558393,24.330901596737093,8.189679188846839,1.0,False
us-0326,US,35.1794881,-80.5701825,1,,,,,,osm,,False,False,83.72355565913814,12.142437871827063,0.0,3.8171282393985937,0.31687822963620793,20.0099893356105,21.560321574093376,-1.550332238482877,0.7726,False
us-0327,US,43.0120761,-76.1159253,1,SU Green Data Center,Syracuse University,,,,osm,,False,False,49.68343296575873,11.862205383054452,0.0,38.43085727822127,0.023504372965546732,22.64033629677917,21.320475347937872,1.3198609488412991,1.0,False
us-0328,US,35.9934295,-86.4958261,1,Tennessee South Data Center,State of Tennessee,,,,osm,,False,False,25.046227367458254,27.36244030728629,0.17945295762340027,47.411879367632054,0.0,28.10049877816174,25.551427173511936,2.5490716046498036,,
us-0329,US,33.1536001,-117.2388464,1,,,,,,osm,,False,False,17.123057082309636,11.518842396764686,0.0,71.35810052092569,0.0,33.86325535143258,32.23302678101063,1.6302285704219486,1.0,False
us-0330,US,39.2935593,-76.5517314,1,Johns Hopkins Data Center,,,,,osm,,False,False,3.4070923198013885,3.243606208218752,2.7762786510434894,90.21230561269148,0.3607172082448978,31.092260550342832,27.154986486335712,3.93727406400712,1.0,False
us-0331,US,38.5922987,-121.27744,1,Edgeconnex Data Center,EdgeConneX,,,,osm,,False,False,0.195969742823458,2.1163944010784346,0.012572015678367642,96.76897226530579,0.9060915751139512,38.11426425907796,36.31477014456975,1.7994941145082137,1.0,False
us-0332,US,33.44283975,-112.37546735,2,Vantage Data Centers,Vantage Data Centers,,,2023.0,osm,derivada_dynamic_world,False,True,0.0,1.643109425413967,41.21297405235811,57.14391652222793,0.0,46.08352953362423,45.94680322664786,0.1367263069763709,0.0,True
us-0333,US,35.9204203,-86.8155401,1,Flexential Nashville - Franklin,Flexential,,,,osm,,False,False,30.734688302452913,5.6795980622609035,0.007809512414878866,63.497440623715654,0.08046349915565387,28.421215875405995,26.127700184300316,2.2935156911056787,1.0,False
us-0334,US,40.5908144,-111.9037856,1,Verizon,,,,,osm,,False,False,2.8666600871842034,3.9809634066224486,2.112435059120094,90.49937410359738,0.5405673434758828,33.78812994394889,32.78114630297457,1.006983640974319,1.0,False
us-0335,US,41.55811665,-93.5279406,2,,,,,,osm,,False,False,22.488889064964706,17.60419971036155,4.823697945185645,34.01015309824759,21.073060181240518,23.882696873360974,23.964479107149593,-0.08178223378861915,1.0,False
us-0336,US,36.0812515,-95.8541492,1,,,,,,osm,,False,False,1.7645536658468943,11.02895960976961,3.8569685016106767,83.32613740787755,0.02338081489526005,33.6231554682372,31.43013658209714,2.1930188861400595,1.0,False
us-0337,US,33.3965617,-112.0001645,1,1GServers,,,,,osm,,False,False,0.0,7.277150525723874,3.505695890200758,89.21715358407538,0.0,44.94643424922626,45.77304123597719,-0.8266069867509316,1.0,False
us-0338,US,32.4982295,-84.8836074,2,DLI ONE,DLI ONE,,,,osm,,False,False,50.15874835087881,4.291558572522581,0.0,42.95516782416571,2.5945252524328954,29.725284980193635,28.301016720409613,1.4242682597840215,,
us-0339,US,28.5779418,-81.5645492,1,E-Foam,,,,,osm,,False,False,7.539888299919097,12.265278614787922,0.20348756115586059,76.42207717162255,3.569268352514578,31.42389645940653,30.095731356378813,1.3281651030277182,1.0,False
us-0340,US,41.4788147,-72.8010139,1,,,,,,osm,,False,False,45.709921420587044,1.593073784410368,0.0,52.53805912892108,0.1589456660815049,29.390840299662703,25.486185245546732,3.9046550541159704,1.0,False
us-0341,US,44.9380753,-123.0337222,1,CenturyLink,CenturyLink,,,,osm,,False,False,2.6330599649335804,1.1120457674863848,0.0,93.76845151927863,2.4864427483014007,31.73372302064908,28.87777370712291,2.855949313526171,1.0,False
us-0342,US,40.90642635,-74.23620324999999,2,,JPMorgan Chase,,,2018.0,osm,derivada_dynamic_world,False,True,19.432570437094295,3.5411662529977166,0.0,76.50228899358596,0.5239743163220312,30.469372000710745,27.091592111863747,3.377779888846998,0.3814,True
us-0343,US,42.3324601,-122.880426,1,Date Center West - Eugene,"Data Center West, Inc.",,,,osm,,False,False,1.8931958359010344,0.534075801078756,0.0,97.57272836302022,0.0,38.32038704229609,30.94741802295911,7.372969019336981,1.0,False
us-0344,US,37.4334128,-122.1807076,1,Northwest Data Center and Communications Hub,,,,,osm,,False,False,1.8527466083861512,3.6278479241320283,0.0,94.51940546748182,0.0,32.77098020034884,28.466716466151354,4.304263734197484,1.0,False
us-0345,US,41.7074166,-87.5202329,1,Digital Crossroad,Digital Crossroad,,,,osm,,False,False,8.40452148518558,4.223482142873947,2.4069585112684213,31.726614534485275,53.23842332618678,22.74638690397033,23.5187299166343,-0.7723430126639705,0.9647,False
us-0346,US,32.9720407,-97.1567144,1,Verizon Wireless Mew Building,,,,,osm,,False,False,17.0970822449476,6.892828815871573,10.014107594200444,65.97440751276982,0.021573832210577522,32.677601829136215,30.81528175361941,1.8623200755168057,1.0,False
us-0347,US,38.76012315384615,-77.52815530576923,52,Amazon IAD11,Amazon Web Services,,,2019.0,osm,derivada_dynamic_world,False,True,26.781947446292115,9.889000334599256,7.477949280100468,55.44598620475978,0.40511673424837685,23.173663627618836,20.74080365056587,2.432859977052967,0.2459,True
us-0348,US,43.0513735,-88.216698,1,Pewaukee Data Center,WE Energies,,,,osm,,False,False,37.679716550798155,6.685078017801057,2.555162203628892,52.17335434540066,0.9066888823712342,26.8580397590508,25.360392745797988,1.4976470132528128,1.0,False
us-0349,US,36.1829977,-115.0626696,1,CenturyLink,,,,,osm,,False,False,0.0,0.6713441564936067,0.7134869432143758,98.61516890029203,0.0,43.30588230142742,41.451595984953414,1.8542863164740027,1.0,False
us-0350,US,33.34727782857143,-111.62324197142856,7,Apple Data Center,Apple Inc.,,,2024.0,osm,derivada_dynamic_world,False,True,0.0,7.7274487258882525,44.34682443213835,47.9257268419734,0.0,46.87153161702127,46.771347896031344,0.10018372098992501,0.1336,True
us-0351,US,26.1849937,-80.2868773,1,T-Mobile Everglades MSO Data Center,,,,,osm,,False,False,11.260942864494819,2.838432745880668,0.2850385902066211,79.9787657063949,5.6368200930229975,32.68134604324108,30.705438981482466,1.9759070617586119,,
us-0352,US,33.5006749,-86.8208315,1,DC Blox Data Center,,,,,osm,,False,False,5.681658476520291,1.2035305243911611,0.0,93.0098627589425,0.10494824014604441,32.687271172497184,27.85557669017048,4.831694482326704,,
us-0353,US,35.2492161,-91.7409058,1,Searcy Information Technologies,City of Searcy,,,,osm,,False,False,8.695742586039986,0.7216512462667181,0.0,90.5826061676933,0.0,29.862438375639982,25.95722322112784,3.905215154512142,1.0,False
us-0354,US,40.26844076,-112.01683562,5,Meta,Meta,,,,osm,,False,False,0.0,3.0896259694096084,82.75087881563536,14.046670551887662,0.11282466306737077,34.49632053281934,35.150663075139235,-0.6543425423198954,0.0,True
us-0355,US,28.2940687,-81.8348651,1,,,,,,osm,,False,False,74.17183347505775,17.036210152011215,0.0,8.114087835539156,0.6778685373918794,28.33127532991932,27.5971816032284,0.7340937266909187,,
us-0356,US,36.059754,-115.1471723,1,DataBank Las Vegas LAS1,DataBank,,,,osm,,False,False,0.0,0.04417582733376009,2.8204049318362423,97.13541924082999,0.0,42.17327959124073,41.10835512216014,1.0649244690805872,1.0,False
us-0357,US,31.9726748,-110.3047517,1,,DirecTV,,,,osm,,False,False,0.49628279799985575,17.72300618840377,12.599209775776647,69.18150123781973,0.0,42.16037921855957,41.63630872431184,0.5240704942477308,1.0,False
us-0358,US,33.600000075,-83.699413075,4,Meta Stanton Springs Data Center,Meta,,,2021.0,osm,derivada_dynamic_world,False,True,61.63473047605049,5.384935217656072,4.115148778900066,28.865185527393376,0.0,24.597701914683263,23.548453341225688,1.0492485734575752,0.0,True
us-0359,US,40.685569,-111.8850505,1,Flexential Salt Lake City - Millcreek,Flexential,,,,osm,,False,False,0.0,0.3558777711364677,0.0,99.63172433820641,0.012397890657104445,34.52008290345614,32.940516114189926,1.5795667892662166,1.0,False
us-0360,US,41.17520956875,-95.8017142625,16,Google,Google,,,,osm,,False,False,24.844270774673834,38.70983872058899,14.152807490677494,19.17957068632821,3.113512327731468,26.777337880373175,25.23487213787525,1.5424657424979245,0.2367,True
us-0361,US,36.68348543333334,-78.37617986111111,18,,,,,,osm,,False,False,73.15625200602707,2.650922734535205,0.0,23.944050104806212,0.24877515463151517,21.751627379845566,20.457080545601094,1.2945468342444713,0.6749,False
us-0362,US,34.9957356,-90.03451865,2,xAI Macrohardrr,xAI,,,,osm,,False,False,43.195192214455645,12.380179956345616,6.89527337067201,35.92288682750653,1.6064676310202002,31.93042293133088,30.54907164235773,1.3813512889731498,0.0,True
us-0363,US,38.7861601,-104.7885828,1,T5@Colorado Springs,,,,,osm,,False,False,7.6186921052466,24.413132715370036,0.6621442204292616,66.73274319726826,0.5732877616858568,30.91043025701874,28.651698429710066,2.2587318273086723,0.0,True
us-0364,US,28.0738698,-82.3683619,1,Flexential Tampa - North,Flexential,,,,osm,,False,False,75.62704898659453,0.07746872471352424,0.0,23.0206462771356,1.274836011556354,30.196729944734262,32.16793306040417,-1.9712031156699048,,
us-0365,US,41.0523325,-73.9717745,1,,,,,,osm,,False,False,44.339489735506135,4.135361503575623,0.0,43.54048323675773,7.984665524160506,25.76416230592958,24.688421252541193,1.0757410533883878,0.7916,False
us-0366,US,40.7259269,-99.038336,1,Compute North,,,,2020.0,osm,derivada_dynamic_world,False,True,0.024360377683295582,93.21293129093381,0.05115679313492071,6.711551538247984,0.0,27.681563873604038,27.10026658504361,0.5812972885604282,0.0,True
us-0367,US,33.73088005,-84.61366035,2,Flexential Atlanta - Douglasville 1,Flexential,,,,osm,,False,False,51.07721087593835,3.0098730352160894,9.633851880149804,36.12935839948135,0.14970580921441348,25.89205976459104,24.295313885709074,1.5967458788819648,,
us-0368,US,43.0821786,-79.0307777,1,,US Bitcoin,,,,osm,,False,False,5.951258369751177,2.888476788608208,0.0,67.61191938375724,23.54834545788337,24.17229690607452,22.213018359477168,1.9592785465973535,1.0,False
us-0369,US,39.51148184,-119.48199036,5,Tahoe Reno 1,Switch,,,2024.0,osm,derivada_dynamic_world,False,True,0.0,17.86946373208594,66.77009491182632,15.30836253588747,0.05207882020028026,34.92517565894569,35.21619008511852,-0.29101442617282913,0.1971,True
us-0370,US,40.7667963,-111.9202947,1,Flexential Salt Lake City - Fair Park,Flexential,,,,osm,,False,False,0.0,0.0,1.420112716541986,98.55202845762828,0.027858825829733338,33.36501115732191,33.14689342291104,0.21811773441086757,1.0,False
us-0371,US,45.90329245,-119.32040905,4,Amazon Web Services,Amazon Web Services,,,2020.0,osm,derivada_dynamic_world,False,True,9.483759756483847,45.50096258915474,5.9364737649170145,36.819133853094336,2.259670036350054,30.49271930793079,29.200368331869665,1.292350976061126,0.0,True
us-0372,US,33.46278045,-111.99735815,2,QTS,Quality Technology Services,,,2023.0,osm,derivada_dynamic_world,False,True,0.0,0.3909409388408524,14.620297232895318,84.98876182826382,0.0,46.24979502385723,45.38562804632348,0.864166977533749,0.0,True
us-0373,US,40.5114517,-111.8882555,1,FiberState Datacenter,,,,,osm,,False,False,0.0,2.651545318760181,0.0,96.11429852921938,1.2341561520204372,34.13401233126425,31.496785327571292,2.63722700369296,1.0,False
us-0374,US,38.8105602,-89.9487033,1,,,,,,osm,,False,False,23.14270677235294,0.01753340285139296,0.0,76.38133746565029,0.4584223591453834,28.388716699194394,27.439509180434065,0.9492075187603284,1.0,False
us-0375,US,39.133687,-76.8514344,1,,,,,2022.0,osm,derivada_dynamic_world,False,True,45.63511906496326,5.576914916106278,0.0074801219426101585,48.74308528727481,0.03740060971305079,26.48352319132969,26.770863987748502,-0.2873407964188104,0.0,True
us-0376,US,41.7071342,-87.9759559,1,Datacenter (386),UChicago Argonne LLC,,,,osm,,False,False,69.16369879695402,1.807025165000508,0.2926775649377174,28.736598473107755,0.0,21.53013188762663,24.389310472857687,-2.8591785852310565,1.0,False
us-0377,US,41.988254725,-88.00679445,4,NTT Chicago CH1,NTT,,,2021.0,osm,derivada_dynamic_world,False,True,11.407900234080538,3.7345508306471533,1.320503488158664,78.90001548793602,4.637029959177628,29.517995242113845,28.19405178319177,1.3239434589220735,0.0,True
us-0378,US,44.8771653,-91.9199989,1,,West Wisconsin Telcom,,,,osm,,False,False,12.808944582563042,1.0401265291801045,0.0,61.953277245828616,24.197651642428244,15.539499722786294,16.186054191680814,-0.6465544688945197,1.0,False
us-0379,US,34.8479877,-86.62658830000001,5,Meta Huntsville Data center,Meta,,,,osm,,False,False,37.68385291043007,18.498037781562953,14.599681058682403,27.846659883689345,1.3717683656352366,26.644158362829362,27.207143474487868,-0.5629851116585058,,
us-0380,US,41.533389425,-93.86344705,4,Microsoft,Microsoft,,,,osm,,False,False,18.95004017010155,53.2338205644876,10.079760817571497,12.412032950618045,5.324345497221308,25.5034143084359,24.32255036297961,1.1808639454562915,0.0,True
us-0381,US,40.1522366,-75.4776181,1,Flexential Philadelphia - Collegeville,Flexential,,,,osm,,False,False,42.48094300842826,12.420805428877214,0.034396814758603726,44.77393873782768,0.2899160101082314,27.313641993721117,26.887989410816854,0.425652582904263,1.0,False
us-0382,US,39.3226289,-94.5964367,2,Meta Data Center,Meta,,,2024.0,osm,derivada_dynamic_world,False,True,20.595095012855133,49.971803076941065,8.064778322841363,19.157671167219995,2.210652420142443,26.051645691851817,25.13245086478467,0.9191948270671482,0.0,True
us-0383,US,40.2084622,-74.119242,1,,,,,,osm,,False,False,67.67325665127633,4.0752906383453915,1.8382706874044514,26.413182022973817,0.0,26.190666747495555,26.17548593089766,0.015180816597894164,0.6732,False
us-0384,US,40.1295611,-74.0427733,1,Manasquan Cable Landing Station (TAT-14),Sprint,,,,osm,,False,False,1.5147253911459146,5.692516114058898,0.0,91.24600545983137,1.5467530349638179,29.394124052786882,22.402568206179843,6.991555846607039,1.0,False
us-0385,US,40.2392258,-74.3195376,1,Verizon Freehold Data Center,Verizon,,,,osm,,False,False,23.876918872574258,16.586564692455962,0.0,59.06539250223965,0.47112393273012293,29.068706941767623,26.3417093495109,2.7269975922567227,1.0,False
us-0386,US,41.14181575,-104.71720515,2,,,,,2023.0,osm,derivada_dynamic_world,False,True,0.04349756496226524,36.841659085603744,9.3275221396625,53.22975115728487,0.5575700524866186,30.416162365628683,32.35210656924359,-1.9359442036149055,0.0,True
us-0387,US,41.6672384,-93.45571365,2,Lightedge Des Moines 2,,,,,osm,,False,False,13.600081962921584,53.3405823058776,0.8356375988329331,31.717032806638723,0.5066653257291635,24.822437021722596,24.070229948469787,0.7522070732528086,1.0,False
us-0388,US,41.041059,-80.633078,1,Carrier Services Group,,,,,osm,,False,False,34.82090411906551,2.2915970622681185,0.0,62.84868832511516,0.03881049355120199,25.93775254865426,24.751689850639284,1.1860626980149753,0.97,False
us-0389,US,35.951045,-86.833406,1,Flexential Nashville - Cool Springs,Flexential,,,,osm,,False,False,17.79320253807833,21.27687626153882,0.0,59.453770279013064,1.4761509213697794,28.35418694374145,26.544433622026236,1.8097533217152133,1.0,False
us-0390,US,43.6383333,-89.7214027,1,,,,,,osm,,False,False,51.799508551092394,39.479467388711264,0.9235535578501598,7.797470502346174,0.0,22.632275157623802,21.485530062844592,1.1467450947792095,0.0,True
us-0391,US,36.409457825,-86.36847625,4,Gallatin Data Center,Meta,,,2021.0,osm,derivada_dynamic_world,False,True,26.142308152735197,41.048426204162304,6.863253343288973,24.168758230141645,1.77725406967189,26.699531332983153,25.25232327447228,1.4472080585108742,0.0,True
us-0392,US,30.2156048,-97.6189387,1,Cortex supercomputer,,,,2022.0,osm,derivada_dynamic_world,False,True,16.80246523446644,17.584065429931858,38.044426550746884,22.59684246679871,4.9722003180561165,31.997743288067543,31.749340516405123,0.24840277166241975,0.0,True
us-0393,US,32.6512011,-97.3196729,1,Novartis,,,,,osm,,False,False,10.204526106343048,11.095478383231107,6.296399563184601,72.40359594724126,0.0,35.28532057927472,32.90352698244356,2.3817935968311588,1.0,False
us-0394,US,32.3096657,-106.7291929,1,,CenturyLink,,,,osm,,False,False,0.0,0.024450891051197594,35.85845160763806,64.11709750131074,0.0,43.44081705852037,41.551015994401,1.889801064119375,1.0,False
us-0395,US,36.2218945,-115.1470466,1,Verizon North Las Vegas,Verizon,,,,osm,,False,False,0.0,0.018152504221855537,16.05834591127301,83.88978979095026,0.03371179355487457,41.934147111248336,42.13842192979501,-0.20427481854667207,1.0,False
us-0396,US,41.361071,-81.6327814,1,Involta Independence,,,,,osm,,False,False,38.824504486093275,2.0000794752363684,0.0,59.17541603867036,0.0,23.944943102410875,25.41359920129694,-1.4686560988860649,1.0,False
us-0397,US,41.036879166666665,-73.98432836666666,3,Bloomberg Data Center,Bloomberg,,,,osm,,False,False,29.764894784418665,2.0899635936488705,0.0,47.888371732149906,20.256769889782564,25.53430791610471,24.693149291878896,0.8411586242258124,0.9964,False
us-0398,US,40.04941834,-83.17590764,5,Amazon Web Services,Amazon Web Services,,,2024.0,osm,derivada_dynamic_world,False,True,11.80951320422773,7.263521793855873,4.8572853393875794,75.17647065634964,0.8932090061791749,30.406007274087802,28.907019490646846,1.4989877834409562,0.0,True
us-0399,US,39.8502644,-82.99561425,2,Google,Google,,,,osm,,False,False,15.376128815166144,36.12585960666671,14.867170634397207,30.991431490489415,2.6394094532805306,29.724746169129187,28.197578993207333,1.5271671759218535,0.0,True
us-0400,US,45.92037916,-119.22876466,5,Amazon Web Services,Amazon Web Services,,,2022.0,osm,derivada_dynamic_world,False,True,0.06037630088566814,66.9912722264368,1.1514115733608008,13.163857597517808,18.63308230179891,31.526280502786847,28.877560355106155,2.6487201476806916,0.0,True
us-0401,US,39.72407805,-82.6893317,2,Google,Google,,,2023.0,osm,derivada_dynamic_world,False,True,15.491418767408144,56.220840989492494,3.7900896400823094,22.500595299499633,1.9970553035174248,23.963644423375175,24.003475173482958,-0.039830750107782364,0.0,True
us-0402,US,37.3629981,-87.5471512,1,Dynamics Mining,,,,,osm,,False,False,58.16766757439681,12.969429733071223,0.08686556576835441,28.73771408304227,0.038323043721332835,28.362602981231348,26.899961667285375,1.4626413139459729,0.9919,False
us-0403,US,41.1826012,-104.0684983,1,Windbreak Cable,,,,,osm,,False,False,0.11988088189294908,42.366193970796175,1.3694749462144116,56.14445020109647,0.0,32.680044311157566,33.88339808967852,-1.203353778520956,1.0,False
us-0404,US,41.0573837,-81.5219276,1,Involta-Akron,,,,,osm,,False,False,2.5350422328021143,0.3360145743826481,0.0,97.12894319281524,0.0,29.199570722751893,26.407791239368805,2.7917794833830882,1.0,False
us-0405,US,38.80199866666667,-77.62126996666666,3,Amazon Web Services,Amazon Web Services,,,2023.0,osm,derivada_dynamic_world,False,True,24.827773266449988,1.4203805875327165,3.900410184812062,69.77628354916648,0.07515241203876807,23.716870550326565,20.792947643160428,2.923922907166137,0.0,True
us-0406,US,40.11450880769231,-83.20269539230769,13,Amazon Web Services,Amazon Web Services,,,2023.0,osm,derivada_dynamic_world,False,True,0.6302452351537942,74.5059169843552,2.4287809677044634,21.867194056167374,0.5678627566191609,26.970940393868727,28.629984020266548,-1.6590436263978212,0.1429,True
us-0407,US,45.88152753333333,-119.34099233333332,3,Amazon Web Services,Amazon Web Services,,,2024.0,osm,derivada_dynamic_world,False,True,0.0,70.82750758564782,10.000392258966734,18.67532655120212,0.4967736041833232,32.28056440466443,29.61748190842107,2.663082496243362,0.0,True
us-0408,US,45.819323,-119.634157275,4,Amazon Web Services,Amazon Web Services,,,2024.0,osm,derivada_dynamic_world,False,True,0.6922300243604879,80.56627130620235,2.4530481445784282,15.235544015313655,1.052906509545079,28.507958984860338,28.575610583917555,-0.06765159905721774,0.0,True
us-0409,US,34.1033836,-84.2149701,1,UPS Data Center,,,,,osm,,False,False,43.65487569007431,1.0355315855452072,0.0,54.38599695840192,0.923595765978567,26.979206452334438,27.054895705285045,-0.0756892529506068,1.0,False
us-0410,US,41.4428394,-81.8028724,2,T5@Cleveland,T5 Data Centers,,,,osm,,False,False,3.5405076334958174,0.004819215630133706,0.0,96.45467315087406,0.0,30.803432001406744,24.40788700610737,6.395544995299375,1.0,False
us-0411,US,37.6651447,-121.0400334,1,Modesto Junior College West Data Center,Yosemite Community College District,,,,osm,,False,False,1.316171156234691,23.693605405303433,0.033079154375074867,74.95714428408681,0.0,37.47945290992342,34.47715232318949,3.0023005867339236,1.0,False
us-0412,US,29.686403,-98.4626475,1,GVTC,GVTC,,,,osm,,False,False,9.026301950606998,1.1816132747896444,0.5992828711960714,89.18442423046419,0.008377672943095127,33.24422247849385,30.727973653575702,2.5162488249181507,1.0,False
us-0413,US,32.3413407,-97.7316918,1,MARA Data Center,Marathon Digital Holdings,,,,osm,,False,False,22.767009260064913,35.39150658200862,12.173395719604294,29.358485936197184,0.3096025021249893,32.854529418647736,30.330284913989015,2.5242445046587214,0.624,False
us-0414,US,41.6677641,-86.4730555,1,Amazon AWS Data Center,,,,,osm,,False,False,12.647833699670816,59.759128790397014,17.260889225459422,8.86626475323682,1.4658835312359284,30.453739064194938,25.88344884510602,4.570290219088918,0.0,True
us-0415,US,46.8274678,-92.1304819,1,Ark Duluth Data Center,,,,,osm,,False,False,80.85782382028995,0.3740048516098412,0.0,18.768171328100195,0.0,16.044796628691188,14.728598515635447,1.3161981130557407,,
us-0416,US,35.329773,-80.7657588,1,Flexential Charlotte - North,Flexential,,,,osm,,False,False,52.85856766073135,1.1387600906079878,1.0044071945852409,44.96155043077466,0.03671462330076598,22.539908588817735,23.06465456562749,-0.5247459768097542,1.0,False
us-0417,US,29.5801522,-98.5413037,1,,HEB,,,,osm,,False,False,10.44735393578872,0.006577654195836281,0.0,89.54606841001545,0.0,30.65323852865117,32.8564776510952,-2.203239122444028,1.0,False
us-0418,US,41.88938353333333,-88.72649716666666,3,,Meta,,,2023.0,osm,derivada_dynamic_world,False,True,2.983195000362696,57.32602322402358,4.924432914898266,31.521280430258457,3.245068430457007,27.379932864407788,26.10476332274007,1.2751695416677187,0.0,True
us-0419,US,41.6168519,-93.9243968,1,Apple,Apple,,,2023.0,osm,derivada_dynamic_world,False,True,0.3893072536111996,79.59396695327068,4.501064728480104,10.847206468362172,4.668454596275846,24.508349528184326,24.28061552301081,0.2277340051735166,0.1328,True
us-0420,US,40.2245343,-83.0457923,1,,,,,,osm,,False,False,50.38049356655668,25.777402071968563,2.8150152368746415,20.05255860340102,0.9745305211990922,29.319647919088176,27.474724265227138,1.8449236538610378,0.605,False
us-0421,US,33.6746067,-78.9438847,1,DC BLOX Myrtle Beach Cable Landing Station,,,,2023.0,osm,derivada_dynamic_world,False,True,20.636030125655758,20.756743816636046,0.48614876748142916,52.880097326265684,5.240979963961085,28.665139023804787,24.92617921744724,3.738959806357549,0.0,True
us-0422,US,41.08331823333334,-76.1487468,3,Nautilus Cryptomine,Amazon Web Services,,,2022.0,osm,derivada_dynamic_world,False,True,63.89288457874859,11.439859338203535,0.7123355093597956,23.4475917463337,0.5073288273543674,26.935501600045352,22.444555988956395,4.490945611088957,0.0,True
us-0423,US,45.1436925,-93.3871189,1,DataBank,,,,2021.0,osm,derivada_dynamic_world,False,True,24.678261192740614,34.098094182414656,0.5214682661442439,40.47153001100998,0.23064634769050013,25.66302572116182,24.708408093146712,0.9546176280151073,0.0,True
us-0424,US,39.3852721,-84.5662844,1,CyrusOne Cincinnati-Hamilton CIN4,CyrusOne,,,,osm,,False,False,17.082088108252307,12.915971104087989,0.05714216678809581,59.40369104297266,10.54110757789895,26.814382710385537,26.044678300703502,0.7697044096820349,0.8055,False
us-0425,US,44.7752235,-122.6159312,1,PTC,Stayton Cooperative Telephone Company,,,,osm,,False,False,45.650986682416004,9.537251427842765,0.18483097428876313,43.93324429589958,0.6936866195528888,26.223102363320976,22.25806150372688,3.9650408595940974,1.0,False
us-0426,US,39.7440482,-93.997376,1,CenturyLink,,,,,osm,,False,False,15.635380803945285,23.73523812846996,0.0,60.094047563661185,0.5353335039235756,26.220990386518828,23.744057923119747,2.4769324633990806,1.0,False
us-0427,US,33.3531912,-111.6780726,1,,,,,2024.0,osm,derivada_dynamic_world,False,True,0.0,19.013160949682472,41.729669159389616,39.25640123612332,0.00076865480460321,46.44385094493148,45.9625896773232,0.48126126760827503,0.0,True
us-0428,US,41.0631592,-104.7829152,4,,,,,,osm,,False,False,0.0,77.8116824929505,17.234507546394394,4.662971818354284,0.29083814230083016,31.374370445285678,29.892605363917667,1.4817650813680103,0.0,True
us-0429,US,36.1686438,-115.1431445,1,Flexential Las Vegas - Downtown,Flexential,,,,osm,,False,False,0.0,0.0,2.224323079780293,97.77567692021971,0.0,40.54795861800936,42.13609070750643,-1.5881320894970727,1.0,False
us-0430,US,38.73771125,-77.826074,2,,,,,2020.0,osm,derivada_dynamic_world,False,True,60.91468955112906,20.578091143296536,0.0,18.507219305574402,0.0,21.64536415113251,20.427621846187606,1.217742304944906,0.0,True
us-0431,US,35.0599502,-90.1563819,1,xAI Colossus,xAI,,,,osm,,False,False,13.882844583857855,73.40961058257837,1.9251914068142892,10.619219101471408,0.1631343252780816,33.69790989120562,29.707338210964554,3.9905716802410645,0.5538,False
us-0432,US,40.019852425,-83.1248104,4,Amazon Web Services,Amazon Web Services,,,,osm,,False,False,12.942855534824757,2.34431677840998,12.22970695871331,69.91817804358088,2.564942684471071,32.417030499915,29.279136655479117,3.137893844435883,0.0,True
us-0433,US,45.81024934,-119.27056158,5,Amazon Web Services,Amazon Web Services,,,2024.0,osm,derivada_dynamic_world,False,True,0.020165338199960203,60.377711282440856,3.8734846890605907,35.661420896298715,0.06721779399986734,31.960740356828484,27.386262704002093,4.574477652826392,0.0,True
us-0434,US,35.5681349,-95.5124166,1,,,,,2022.0,osm,derivada_dynamic_world,False,True,32.010378454289494,60.34438101691137,1.8198388271657593,4.6777179048844015,1.1476837967489806,29.91177275558911,29.014646006368057,0.8971267492210515,0.0,True
us-0435,US,45.1321573,-93.0956156,1,Encompass Minneapolis Facility,Encompass,,,,osm,,False,False,56.81758336043472,20.099934076271424,0.0,22.17171597251107,0.9107665907827902,20.320626963137034,21.461985463368155,-1.1413585002311208,1.0,False
us-0436,US,44.1892369,-105.6104802,1,,,,,2023.0,osm,derivada_dynamic_world,False,True,0.0,86.38425223326261,7.006881241859429,6.6088665248779535,0.0,28.36247226285618,28.112179003725423,0.25029325913075695,0.0,True
us-0437,US,46.4068846,-105.8206969,1,State of Montana Data Center,State of Montana,,,,osm,,False,False,1.0255115367114322,23.47026609339846,0.0,75.5042223698901,0.0,24.777194058620907,25.116954074800322,-0.3397600161794152,1.0,False
us-0438,US,41.34219156666666,-96.08867123333332,3,Google,Google,,,2024.0,osm,derivada_dynamic_world,False,True,7.030639641448046,41.17635924623986,13.33649243976995,37.69212416215774,0.764384510384403,23.124106294162836,23.71216311354941,-0.5880568193865727,0.0,True
us-0439,US,46.01308254,-98.57294332,10,,,,,2023.0,osm,derivada_dynamic_world,False,True,13.408258370214106,69.19190234602105,4.906844027073657,9.142572144369371,3.35042311232181,24.695183773386557,24.92917922853736,-0.23399545515080433,0.0,True
us-0440,US,32.595466519999995,-90.09482192,5,,,,,,osm,,False,False,25.23831032333439,11.419768459551577,42.69645248784009,19.56298967956493,1.0824790497090109,30.559836624202905,27.987192935051635,2.5726436891512705,0.0,True
us-0441,US,29.450946966666667,-98.71412526666666,3,,,,,,osm,,False,False,22.812969463250717,6.4278170100167555,8.828505122534917,61.92790932475447,0.0027990794431434524,36.726539068791695,38.37831120165482,-1.6517721328631225,0.0271,True
us-0442,US,32.5498227,-97.0748553,1,Alinged Data Center DFW-03,"Aligned Data Centers, LLC",,,,osm,,False,False,19.783948452797635,36.69186010680912,7.474928754948904,35.63741209922667,0.4118505862176688,32.10930273668438,30.99608054848492,1.1132221881994582,0.0,True
us-0443,US,38.7861403,-77.5845859,8,VA 4,Digital Realty,,,2023.0,osm,derivada_dynamic_world,False,True,26.994046420040345,10.084022218575672,1.7088415428016108,56.77561419937173,4.437475619210634,23.625750998580532,21.13106611030701,2.4946848882735218,0.1832,True
us-0444,US,44.7346468,-93.06337555,2,,,,,,osm,,False,False,24.771875656214842,47.451869369984514,11.39903100714454,16.358956288760044,0.018267677896064965,22.075196903580217,20.561913790498085,1.5132831130821316,0.0,True
us-0445,US,43.4632388,-116.2701637,2,,,,,2024.0,osm,derivada_dynamic_world,False,True,0.0,57.38517010628042,34.20400639836514,8.401491097578731,0.00933239777570534,35.284711800571145,33.99720830330313,1.2875034972680126,0.0,True
us-0446,US,37.6001856,-82.6787687,1,East Kentucky Network Datacenter,,,,2021.0,osm,derivada_dynamic_world,False,True,86.38205211074441,2.0577915434395373,0.36142186164817514,11.106471436806713,0.09226304736116506,25.288863018575583,22.908614076469842,2.380248942105741,0.0,True
us-0447,US,31.1941757,-94.7967665,1,,,,,,osm,,False,False,77.8284693768179,5.606646131231393,1.6965672697252427,13.463509704729251,1.4048075174962034,27.36279119556174,25.0160327367981,2.3467584587636416,0.0,True
us-0448,US,36.3270316,-88.3200731,1,Newrays Two LLC Mining,,,,2023.0,osm,derivada_dynamic_world,False,True,77.8906466365291,6.2901425452304585,0.4324830355647606,15.215004038437934,0.1717237442377489,26.583419317719738,26.764599272210287,-0.18117995449054902,0.0,True
us-0449,US,29.2930099,-98.3915987,1,Amazon AWS SAT - 12807 Donop,Amazon Web Services,,,2023.0,osm,derivada_dynamic_world,False,True,8.58017806659715,62.038767440978404,3.300635936427244,25.47040551185214,0.6100130441450586,34.69535948379174,32.2520570326429,2.4433024511488384,0.0,True
us-0450,US,31.1313545,-97.3705741,2,,,,,,osm,,False,False,15.055552192581649,32.287549159215175,46.14114930190597,5.162949033896726,1.3528003124004933,32.600970130318295,32.51023279030696,0.09073734001133715,0.0194,True
us-0451,US,41.69004798571429,-86.46933537142857,7,,,,,2024.0,osm,derivada_dynamic_world,False,True,10.214851477412775,48.19748740468856,4.080691701247429,37.50696941665125,0.0,29.468142111395125,25.572424156978784,3.895717954416341,0.0276,True
us-0452,US,32.50016081,-99.78397213,40,,,,,,osm,,False,False,13.100555252970358,71.72922808812223,13.847228939282576,1.3229877196248379,0.0,36.5635549016057,36.67028519928604,-0.10673029768034326,0.0,True
us-0453,US,33.45639365,-84.52474355,4,QTS,Quality Technology Services,,,2024.0,osm,derivada_dynamic_world,False,True,59.5449602456775,1.8988052669218791,19.994783559799753,18.084083547179333,0.4773673804215219,24.297443348532745,24.482660317801678,-0.18521696926893227,0.0,True
us-0454,US,41.0769457,-104.82493605,2,,,,,,osm,,False,False,0.2275379989408485,55.95396481993614,39.065684979650825,4.401095185193317,0.35171701627887353,30.573988953741015,29.701555597542022,0.872433356198993,0.0,True
us-0455,US,36.2821754,-86.7971366,1,Verizon Wireless,,,,,osm,,False,False,62.50459050649722,1.966728456018832,0.0,35.52868103748395,0.0,26.855264587677073,26.805345824683656,0.04991876299341769,0.8863,False
us-0456,US,33.777264,-100.8689012,1,Argo Data Center,,,,,osm,,False,False,1.682252410997593,87.16211692299696,6.758127807888438,3.646706876067375,0.750795982049632,35.28107215033221,35.18665711722052,0.09441503311168731,0.0,True
us-0457,US,30.4880189,-97.6725256,1,Switch: The Rock,Switch,,,2024.0,osm,derivada_dynamic_world,False,True,1.2797457237254821,0.8632879395290002,3.1240199723324658,94.31685791520177,0.4160884492112798,37.779832911416754,33.68112160774737,4.098711303669383,0.0529,True
us-0458,US,37.2784058,-98.5884618,1,,SC,,,,osm,,False,False,24.340602553254318,22.37119682943572,1.194468283323845,52.01444214815519,0.07929018583091903,30.6073811642371,31.19355882005929,-0.5861776558221905,1.0,False
us-0459,US,31.0575233,-97.2982979,1,,,,,2024.0,osm,derivada_dynamic_world,False,True,1.3599779101722815,89.93464732676476,2.4094607008725677,5.983485974805977,0.312428087384404,30.747273689089315,32.05447535307349,-1.307201663984177,0.0,True
us-0460,US,45.5147872,-123.078828,1,Crane DC - Portland,Crane Data Centers Inc.,,,,osm,,False,False,7.23689824201632,19.720303032283773,0.0,67.37209079238141,5.670707933318479,26.635722678272085,24.590461097618196,2.0452615806538894,0.0,True
us-0461,US,45.71021115,-119.823621025,4,Percheron DC,Rowan Green Data LLC,,,,osm,,False,False,2.8870528857457263,97.11294711425427,0.0,0.0,0.0,30.972751042326284,31.230748945935783,-0.2579979036094997,0.0,True
us-0462,US,44.8930062,-74.0728813,1,NYGC Chateaugay,2CRSi,,,,osm,,False,False,86.26335476787884,10.602594203037038,0.20494791599225107,2.610295243770587,0.3188078693212794,19.284802690909704,19.290821653352715,-0.0060189624430115884,0.6052,False
us-0463,US,31.7500067,-106.3099264,1,MDC,,,,,osm,,False,False,0.0,0.0,3.4926230389462827,96.41444072592311,0.09293623513060432,43.16459716676886,42.69615306289644,0.46844410387241453,1.0,False
us-0464,US,45.8098277,-119.8589037,1,,amazon web services,,,,osm,,False,False,0.0,91.97463000553738,7.931264512321841,0.0941054821407828,0.0,35.62832301027895,28.984019541038485,6.644303469240462,0.0,True
us-0465,US,32.411938,-90.19003465,4,Amazon Web Services,Amazon Web Services,,,,osm,,False,False,56.148910914859634,11.726839368269102,18.738087682320305,5.394663664789214,7.991498369761739,28.2767454948139,28.648822328216458,-0.37207683340255926,0.0,True
us-0466,US,31.53290075,-103.804026975,4,,,,,,osm,,False,False,0.0,0.010959257349149062,99.83835095410005,0.1506897885507996,0.0,42.99201602287395,43.11637000103012,-0.12435397815617222,0.0,True
us-0467,US,32.3805057,-106.4810659,1,Information Systems Facility,WSMR,,,,osm,,False,False,0.0,8.349402959366152,46.48672943774511,45.16386760288874,0.0,42.519818086338816,41.52564140821978,0.9941766781190395,1.0,False
us-0468,US,42.9972167,-77.6458295,1,"Landmax Data Systems, Inc",,,,,osm,,False,False,54.15533996157441,29.77494780073457,0.0,15.198751809007529,0.8709604286835001,20.458824754165317,19.38440117192814,1.074423582237177,1.0,False
us-0469,US,29.4279476,-98.87664843333334,3,Microsoft SAT 80,Microsoft,,,,osm,,False,False,3.1479483461463027,61.5590248274858,21.863011689277155,13.357222715495492,0.07279242159526077,37.99595143964302,36.95058532452071,1.045366115122313,0.0,True
us-0470,US,46.9399928,-67.9055877,1,Datacenter,,,,,osm,,False,False,64.54829452467858,16.653818284660527,0.17777157329692805,18.523548342980448,0.09656727438351649,22.29940652451635,19.07468533846251,3.2247211860538414,1.0,False
us-0471,US,29.9451277,-95.4241979,1,Data Foundry,,,,,osm,,False,False,10.24201607571251,2.5283305295993386,11.584138289532575,74.51927367323815,1.1262414319174345,38.32724354590263,36.26679231204737,2.060451233855261,1.0,False
us-0472,US,31.513586266666664,-103.44877673333332,3,IONIC Digital Cedarvale,IONIC Digital,,,,osm,,False,False,0.0,0.6256125554523879,99.28395491591871,0.09043252862890741,0.0,43.363642622557435,43.74692928835872,-0.3832866658012861,0.0,True
us-0473,US,41.271557765625,-79.81339873125,32,,,,,,osm,,False,False,77.54961762486099,2.833919068997685,0.21502028741755674,7.139156733920001,12.262286284803778,15.68866722385388,17.270056479125707,-1.5813892552718265,0.0,True
us-0474,US,44.9793795,-93.2263894,1,Advanced Operations Center,University of Minnesota,,,,osm,,False,False,0.22965129472772164,0.22351656008308285,0.5184207445338668,98.5986678887391,0.42974351191623156,27.610983310274744,25.435350727268517,2.1756325830062266,1.0,False
us-0475,US,41.9929788,-86.0984691,1,,,,,,osm,,False,False,46.57622930269527,1.6499381839999434,0.0,50.52673827753905,1.2470942357657373,28.093301008361482,24.915720077887705,3.177580930473777,1.0,False
us-0476,US,48.1462599,-103.7727866,1,Atlas Powr Williston Datacenter,Atlas Power Holdings (ND) LLC,,,2023.0,osm,derivada_dynamic_world,False,True,6.682568331698675,71.6821339082358,2.3098627751744623,19.12382549011841,0.20160949477266202,24.129908008975534,23.391989642822132,0.7379183661534015,0.0,True
us-0477,US,31.10356925,-103.2384625,2,,,,,,osm,,False,False,0.005504662611133474,25.194160783423598,74.65996565738136,0.14036889658390359,0.0,45.248751480201854,44.7014478087533,0.5473036714485531,0.0,True
us-0478,US,40.0444893,-74.27913129999999,2,,,,,,osm,,False,False,68.43212144466251,3.6046212246372673,0.5191823399258555,27.279490328926137,0.1645846618482428,27.128309801054804,27.057527105662434,0.0707826953923707,0.0002,True
us-0479,US,42.9876268,-72.5517562,1,,The Putney School,,,,osm,,False,False,80.38505320784692,16.65417366122824,0.0,2.9349080452403866,0.025865085684435813,21.80815891449666,20.442976474795596,1.3651824397010621,0.0,True
us-0480,US,39.4275129,-75.0168617,1,DataOne Vineland,Nebius,,,,osm,,False,False,22.42540732280375,18.79334301190542,10.555982360461572,45.12457023342496,3.1006970714042983,29.4625061670417,27.081211463451456,2.3812947035902425,0.0024,True
us-0481,US,32.8991167,-97.3889496,1,,CyrusOne,,,,osm,,False,False,1.9440996083139,47.69388684127556,26.41519319120074,22.09544812426843,1.851372234941379,34.39083168832887,32.7893729434913,1.6014587448375721,0.0,True
us-0482,US,41.5990376,-73.8821955,1,,CyrusOne,,,,osm,,False,False,69.93600338303791,4.622624141267092,0.0,25.352431987392393,0.08894048830260537,24.033541727740136,23.355967052383615,0.6775746753565208,1.0,False
us-0483,US,45.5340587,-122.9558975,1,OVHcloud - Hillsboro,OVHcloud,,,,osm,,False,False,1.5097254220277485,19.709406885195605,0.1441071436613122,76.98628341936936,1.6504771297459662,28.569130444054153,26.689346554786862,1.8797838892672907,,
us-0484,US,41.4648153,-75.1294195,1,SES - Hawley Earth Station,SES,,,,osm,,False,False,96.08798299904207,1.3085776452743731,0.0,1.226074218888372,1.3773651367951956,20.257705050938156,19.9753919787403,0.28231307219785506,,
us-0485,US,42.5334813,-83.1774894,1,Liberty Center One,,,,,osm,,False,False,9.21976572805612,0.1717519901262575,0.0,90.52084139340003,0.08764088841759002,33.114940931837374,30.10899427244032,3.005946659397054,,
us-0486,US,40.6437889,-74.2854476,1,Barclays Datacenter,Barclays,,,,osm,,False,False,8.499437824219516,1.1073260758217547,0.0,88.9750323173359,1.4182037826228142,30.05591621292224,28.21648041562492,1.8394357972973232,,
us-0487,US,39.1402303,-76.6064303,1,CyberNAP Glen Burnie,AiNET,,,,osm,,False,False,28.654149147468274,1.7468797861570111,0.6905998348661261,68.90338495111244,0.0049862803961453145,30.01839750607438,26.143885272694074,3.8745122333803046,,
us-0488,US,46.8151017,-96.8443142,1,Dakota Carrier Network,,,,,osm,,False,False,2.1056211232929667,10.887315539247506,0.4113328448858241,85.69300841135596,0.9027220812177262,29.267418153906302,26.83687043385126,2.430547720055042,,
